HIERARCHY
ROOT Hips
{
 OFFSET 0.000000 0.000000 0.000000
 CHANNELS 6 Xposition Yposition Zposition Yrotation Xrotation Zrotation
 JOINT Chest
 {
  OFFSET 0.000000 12.953391 -0.028419
  CHANNELS 3 Yrotation Xrotation Zrotation
  JOINT Chest2
  {
   OFFSET 0.000000 10.280254 0.051622
   CHANNELS 3 Yrotation Xrotation Zrotation
   JOINT Chest3
   {
    OFFSET 0.000000 9.287180 0.000000
    CHANNELS 3 Yrotation Xrotation Zrotation
    JOINT Chest4
    {
     OFFSET 0.000000 9.287180 0.000000
     CHANNELS 3 Yrotation Xrotation Zrotation
     JOINT Neck
     {
      OFFSET 0.000000 13.296264 0.000000
      CHANNELS 3 Yrotation Xrotation Zrotation
      JOINT Head
      {
       OFFSET 0.000000 8.959264 0.099003
       CHANNELS 3 Yrotation Xrotation Zrotation
       End Site
       {
        OFFSET 0.000000 17.121337 0.039303
       }
      }
     }
     JOINT RightCollar
     {
      OFFSET -3.193511 7.451388 0.000000
      CHANNELS 3 Yrotation Xrotation Zrotation
      JOINT RightShoulder
      {
       OFFSET -15.792092 0.000000 0.000000
       CHANNELS 3 Yrotation Xrotation Zrotation
       JOINT RightElbow
       {
        OFFSET -31.151839 0.000000 0.000000
        CHANNELS 3 Yrotation Xrotation Zrotation
        JOINT RightWrist
        {
         OFFSET -25.536298 0.000000 0.002321
         CHANNELS 3 Yrotation Xrotation Zrotation
         End Site
         {
          OFFSET -19.133213 0.000000 0.000000
         }
        }
       }
      }
     }
     JOINT LeftCollar
     {
      OFFSET 3.193511 7.451388 0.000000
      CHANNELS 3 Yrotation Xrotation Zrotation
      JOINT LeftShoulder
      {
       OFFSET 15.792092 0.000000 0.000000
       CHANNELS 3 Yrotation Xrotation Zrotation
       JOINT LeftElbow
       {
        OFFSET 31.151839 0.000000 0.000000
        CHANNELS 3 Yrotation Xrotation Zrotation
        JOINT LeftWrist
        {
         OFFSET 25.536298 0.000000 0.002321
         CHANNELS 3 Yrotation Xrotation Zrotation
         End Site
         {
          OFFSET 19.133213 0.000000 0.000000
         }
        }
       }
      }
     }
    }
   }
  }
 }
 JOINT RightHip
 {
  OFFSET -10.745749 0.139252 0.014209
  CHANNELS 3 Yrotation Xrotation Zrotation
  JOINT RightKnee
  {
   OFFSET 0.000000 -43.743899 -0.006071
   CHANNELS 3 Yrotation Xrotation Zrotation
   JOINT RightAnkle
   {
    OFFSET 0.000000 -43.214199 0.089931
    CHANNELS 3 Yrotation Xrotation Zrotation
    JOINT RightToe
    {
     OFFSET 0.000000 -9.699830 19.151588
     CHANNELS 3 Yrotation Xrotation Zrotation
     End Site
     {
      OFFSET 0.000000 -1.292898 4.893873
     }
    }
   }
  }
 }
 JOINT LeftHip
 {
  OFFSET 10.745749 0.139252 0.014209
  CHANNELS 3 Yrotation Xrotation Zrotation
  JOINT LeftKnee
  {
   OFFSET 0.000000 -43.743899 -0.006071
   CHANNELS 3 Yrotation Xrotation Zrotation
   JOINT LeftAnkle
   {
    OFFSET 0.000000 -43.214199 0.089931
    CHANNELS 3 Yrotation Xrotation Zrotation
    JOINT LeftToe
    {
     OFFSET 0.000000 -9.699830 19.151588
     CHANNELS 3 Yrotation Xrotation Zrotation
     End Site
     {
      OFFSET 0.000000 -1.292898 4.893873
     }
    }
   }
  }
 }
}
MOTION
Frames: 261
Frame Time: 0.016667
-10.982638 91.428021 -366.450874 5.126731 9.668310 -3.053522 -0.131340 11.017108 0.732166 -0.075556 4.896285 0.326986 -0.075558 4.896287 0.326986 -0.059260 3.672177 0.245696 -1.225325 13.334122 0.530679 -2.536544 -11.400026 1.502641 8.337701 11.882365 8.709248 11.346676 -28.544920 65.273053 15.902978 10.893580 1.310546 -5.411850 17.783630 -10.183275 -5.299172 9.500846 -8.049157 -17.305781 -26.225059 -67.416003 -7.813582 15.695035 -1.516942 11.519933 14.684958 3.549234 -17.429744 -38.935301 3.936077 -4.859764 72.886474 -7.591875 -3.051621 -9.619853 -2.698204 -0.228213 0.818691 -0.970115 23.031854 -37.242265 -4.878404 -5.183493 49.405530 3.103433 0.211286 -20.809107 -3.717127 0.000000 0.000000 0.000000
-10.599736 91.634324 -365.596721 4.760718 9.641429 -3.205532 -0.104774 11.006595 0.756216 -0.064359 4.891647 0.336991 -0.064359 4.891648 0.336991 -0.050943 3.668702 0.253105 -1.131700 13.327220 0.543066 -2.364403 -11.414805 1.488308 8.287951 11.877555 8.653603 11.246702 -28.475516 65.458320 15.831382 10.993352 1.345660 -5.434552 17.930918 -10.135724 -5.232557 9.451987 -8.025037 -17.390290 -26.156678 -67.273857 -7.767310 15.288250 -1.453418 11.537683 13.628566 4.319548 -17.754752 -39.897625 4.483097 -5.665560 72.262740 -7.445697 -3.149194 -9.691627 -2.500319 -0.111296 0.404811 -0.489128 23.003735 -36.382230 -4.586277 -5.210243 49.046561 3.034790 0.471594 -21.282722 -3.655651 -0.000000 0.000000 -0.000000
-10.253442 91.835606 -364.752061 4.391751 9.639519 -3.337902 -0.077298 10.990471 0.784274 -0.052846 4.884519 0.348750 -0.052846 4.884519 0.348750 -0.042404 3.663361 0.261827 -1.044894 13.308400 0.544350 -2.200928 -11.451748 1.455981 8.232769 11.877594 8.602171 11.118067 -28.431891 65.655255 15.763427 11.125067 1.386369 -5.450991 18.051050 -10.078738 -5.177563 9.405100 -7.992696 -17.493941 -26.125739 -67.126890 -7.752257 14.808908 -1.382191 11.526944 12.619234 5.032503 -18.117741 -40.810869 5.097709 -6.093877 71.327637 -7.043022 -3.279229 -9.769820 -2.278911 0.000000 -0.000000 -0.000000 22.962089 -35.530317 -4.305646 -5.215938 48.633119 2.975601 0.749929 -21.715958 -3.605128 0.000000 0.000000 0.000000
-9.946369 92.034225 -363.917999 4.010102 9.665484 -3.454360 -0.041998 10.967877 0.818123 -0.038000 4.874529 0.362888 -0.038002 4.874527 0.362888 -0.031386 3.655873 0.272306 -0.966874 13.274550 0.531132 -2.048489 -11.516649 1.400039 8.171684 11.892083 8.557201 10.926152 -28.435105 65.876363 15.703647 11.326002 1.442763 -5.451814 18.107870 -10.007324 -5.139585 9.364857 -7.952812 -17.614097 -26.157140 -66.967727 -7.746188 14.235872 -1.299666 11.474305 11.730868 5.629857 -18.572314 -41.660534 5.823010 -6.005738 70.075248 -6.290245 -3.485947 -9.859227 -2.059894 0.000000 0.000000 -0.000000 22.909252 -34.688984 -4.026237 -5.161096 48.158465 2.944867 1.008302 -22.105734 -3.554886 0.000000 0.000000 0.000000
-9.675903 92.227823 -363.093429 3.625248 9.716733 -3.551736 -0.005738 10.939773 0.856044 -0.022808 4.862098 0.378810 -0.022809 4.862094 0.378810 -0.020118 3.646555 0.284118 -0.895495 13.228739 0.506886 -1.904299 -11.603745 1.326051 8.105014 11.911399 8.516304 10.705101 -28.463800 66.110040 15.647115 11.558877 1.504280 -5.446418 18.137564 -9.925932 -5.113192 9.326632 -7.904787 -17.753510 -26.225995 -66.802559 -7.769835 13.590313 -1.207179 11.399259 10.891307 6.174271 -19.066647 -42.457601 6.618544 -5.612689 68.511388 -5.350815 -3.727984 -9.958519 -1.823698 0.000000 -0.000000 -0.000000 22.841561 -33.855346 -3.758694 -5.085551 47.629373 2.922772 1.284915 -22.454773 -3.515180 0.000000 0.000000 0.000000
-9.430754 92.396482 -362.267416 3.256949 9.781569 -3.618442 0.017099 10.912926 0.893826 -0.013545 4.850215 0.394993 -0.013545 4.850215 0.394993 -0.013294 3.637655 0.296176 -0.828555 13.178967 0.474020 -1.764955 -11.698156 1.237473 8.039042 11.915338 8.477729 10.521573 -28.475771 66.323892 15.593434 11.750816 1.548165 -5.447049 18.191490 -9.836435 -5.092380 9.281680 -7.854109 -17.896283 -26.305370 -66.641215 -7.846560 12.984156 -1.117543 11.333137 10.156691 6.621230 -19.602494 -43.196721 7.434321 -5.057644 66.732158 -4.419936 -3.884254 -10.032227 -1.519703 0.000000 0.000000 0.000000 22.765543 -33.039697 -3.515244 -5.011559 47.116768 2.885215 1.571443 -22.810712 -3.475873 0.000000 0.000000 0.000000
-9.206486 92.536471 -361.437366 2.911277 9.856139 -3.647082 0.018321 10.888913 0.928162 -0.013767 4.839552 0.410164 -0.013767 4.839555 0.410165 -0.013574 3.629661 0.307550 -0.760984 13.127814 0.433760 -1.621270 -11.795134 1.134479 7.976208 11.895125 8.440885 10.419492 -28.450142 66.501663 15.537525 11.851038 1.559353 -5.461127 18.301323 -9.733288 -5.075058 9.226979 -7.801576 -18.030955 -26.385713 -66.492002 -7.990368 12.432521 -1.032373 11.298764 9.537237 6.948785 -20.234355 -43.872984 8.290193 -4.219039 64.748890 -3.458559 -3.904194 -10.048836 -1.097941 0.000000 -0.000000 0.000000 22.653092 -32.238635 -3.290210 -4.935736 46.629677 2.817342 1.879980 -23.181315 -3.429516 0.000000 -0.000000 -0.000000
-9.007536 92.651520 -360.605873 2.582221 9.944954 -3.645208 0.006187 10.866126 0.962399 -0.019895 4.829396 0.425604 -0.019896 4.829397 0.425604 -0.018284 3.622036 0.319172 -0.697757 13.072695 0.384883 -1.482194 -11.899385 1.016809 7.914389 11.859493 8.406740 10.355075 -28.408362 66.659137 15.484915 11.910034 1.553660 -5.481853 18.435302 -9.622507 -5.063113 9.165562 -7.746259 -18.168825 -26.476790 -66.346321 -8.186547 11.919831 -0.947352 11.280856 9.022469 7.180505 -20.903056 -44.489906 9.163440 -3.257952 62.549272 -2.546959 -3.857462 -10.036353 -0.593583 0.000000 0.000000 0.000000 22.529106 -31.455898 -3.087805 -4.861244 46.158871 2.734206 2.198837 -23.558626 -3.384044 0.000000 -0.000000 -0.000000
-8.835915 92.732901 -359.769785 2.271500 10.048907 -3.623490 -0.009013 10.846558 1.002249 -0.027512 4.820665 0.443596 -0.027512 4.820665 0.443596 -0.024128 3.615481 0.332718 -0.651808 13.013767 0.326098 -1.371712 -12.010429 0.887297 7.853151 11.814528 8.376011 10.263781 -28.372162 66.811349 15.450971 12.006897 1.554903 -5.499865 18.549580 -9.523246 -5.056450 9.097717 -7.691025 -18.328098 -26.580645 -66.188945 -8.416235 11.511760 -0.867694 11.255294 8.636823 7.339506 -21.433130 -45.060714 9.932813 -2.628728 60.198488 -1.948479 -3.801863 -10.044191 -0.080150 0.000000 0.000000 0.000000 22.477040 -30.713244 -2.931505 -4.819858 45.748059 2.656540 2.484062 -23.966993 -3.352385 0.000000 0.000000 0.000000
-8.692287 92.778354 -358.933717 1.978956 10.172555 -3.587319 -0.024033 10.830157 1.051963 -0.035285 4.813343 0.465948 -0.035285 4.813345 0.465948 -0.030125 3.609986 0.349534 -0.628774 12.953210 0.254138 -1.299154 -12.124229 0.742049 7.788617 11.756087 8.347010 10.124598 -28.347882 66.962525 15.442764 12.184618 1.571340 -5.512474 18.624152 -9.438603 -5.055919 9.018143 -7.634886 -18.520352 -26.702747 -66.007901 -8.666803 11.239200 -0.797182 11.207466 8.409156 7.405355 -21.745731 -45.592074 10.546353 -2.450430 57.649246 -1.736323 -3.686187 -10.062483 0.467226 0.000000 0.000000 0.000000 22.530851 -30.020134 -2.833552 -4.849759 45.402227 2.577909 2.736519 -24.415157 -3.335510 -0.000000 0.000000 0.000000
-8.575988 92.790139 -358.093054 1.704853 10.311597 -3.531437 -0.042039 10.817010 1.107264 -0.044517 4.807452 0.490840 -0.044517 4.807453 0.490841 -0.037238 3.605558 0.368266 -0.622965 12.888518 0.172330 -1.255122 -12.245514 0.585099 7.724927 11.688290 8.321615 9.958658 -28.329827 67.108426 15.452666 12.400392 1.594938 -5.521832 18.678933 -9.365059 -5.060402 8.932010 -7.578742 -18.733936 -26.837707 -65.814380 -8.951714 11.070595 -0.732664 11.151851 8.309233 7.397211 -21.905038 -46.085682 11.040199 -2.484550 54.950006 -1.725931 -3.567667 -10.099316 1.030093 0.000000 0.000000 0.000000 22.651003 -29.367839 -2.775590 -4.911697 45.116534 2.505606 2.955652 -24.894543 -3.332214 -0.000000 -0.000000 0.000000
-8.487050 92.766317 -357.230804 1.451567 10.453544 -3.450415 -0.062414 10.809306 1.160998 -0.054769 4.803970 0.515090 -0.054769 4.803970 0.515090 -0.045110 3.602935 0.386522 -0.630252 12.812765 0.089322 -1.235415 -12.387117 0.431267 7.673376 11.629799 8.305620 9.764780 -28.321858 67.251527 15.473635 12.604758 1.624883 -5.525454 18.729993 -9.311540 -5.067030 8.855244 -7.528450 -18.952266 -26.971385 -65.628123 -9.291746 10.977950 -0.669873 11.107283 8.273548 7.397392 -21.947476 -46.550620 11.421797 -2.615129 52.311358 -1.757560 -3.640953 -10.230208 1.446133 0.000000 0.000000 0.000000 22.810277 -28.750891 -2.733835 -4.922713 44.920433 2.478204 3.095201 -25.403864 -3.351411 0.000000 -0.000000 0.000000
-8.423835 92.705980 -356.348444 1.204760 10.606832 -3.348793 -0.080214 10.806263 1.214054 -0.063875 4.802566 0.538981 -0.063874 4.802567 0.538981 -0.052122 3.601874 0.404502 -0.651671 12.716863 0.003807 -1.241533 -12.565969 0.278615 7.637602 11.589142 8.301266 9.518765 -28.338394 67.395766 15.519833 12.794469 1.669796 -5.518203 18.793323 -9.283126 -5.071902 8.788516 -7.487219 -19.164252 -27.102544 -65.460190 -9.707999 10.977635 -0.605974 11.088461 8.310223 7.433681 -21.862843 -46.979471 11.693339 -2.889795 49.687747 -1.833442 -4.029094 -10.533131 1.597268 0.000000 0.000000 0.000000 23.033364 -28.174226 -2.709722 -4.862807 44.808409 2.514696 3.120203 -25.949423 -3.402867 0.000000 0.000000 0.000000
-8.387981 92.610035 -355.444496 0.978992 10.763257 -3.221940 -0.100409 10.808567 1.265483 -0.074019 4.803527 0.562207 -0.074018 4.803529 0.562209 -0.059909 3.602584 0.421993 -0.685846 12.609674 -0.082668 -1.271418 -12.765650 0.129434 7.613714 11.558116 8.306036 9.244958 -28.365924 67.537783 15.576969 12.972970 1.721565 -5.504950 18.853023 -9.274467 -5.079049 8.731032 -7.451996 -19.380953 -27.232839 -65.299497 -10.180389 11.052729 -0.544238 11.079209 8.411853 7.476602 -21.652681 -47.381816 11.843204 -3.249307 47.123153 -1.938825 -4.569125 -10.936924 1.569476 0.000000 0.000000 0.000000 23.293485 -27.632414 -2.699316 -4.753339 44.786272 2.593012 3.065096 -26.525675 -3.474382 0.000000 0.000000 -0.000000
-8.384427 92.479258 -354.497537 0.820026 10.885331 -3.050189 -0.137421 10.820397 1.305339 -0.091359 4.808668 0.580700 -0.091359 4.808668 0.580700 -0.073058 3.606418 0.435989 -0.725187 12.511425 -0.157356 -1.315828 -12.948559 0.004664 7.601522 11.530443 8.318408 9.014938 -28.365888 67.668557 15.595707 13.100594 1.753476 -5.498129 18.877294 -9.279015 -5.097853 8.696447 -7.419375 -19.619133 -27.352478 -65.132919 -10.667371 11.125607 -0.488765 11.054313 8.492320 7.524249 -21.373392 -47.790738 11.861231 -3.484553 44.964699 -1.952205 -5.024550 -11.289464 1.508076 0.000000 0.000000 0.000000 23.487807 -27.104839 -2.672297 -4.575138 44.900857 2.688033 2.987892 -27.113460 -3.542616 0.000000 0.000000 -0.000000
-8.415043 92.313419 -353.510781 0.744290 10.973541 -2.824920 -0.196873 10.844383 1.329143 -0.118285 4.819152 0.592619 -0.118284 4.819152 0.592618 -0.093343 3.614254 0.445135 -0.767951 12.419001 -0.213132 -1.374558 -13.120445 -0.082735 7.603714 11.503436 8.335353 8.870859 -28.324753 67.779772 15.564027 13.131007 1.746920 -5.500832 18.825392 -9.305931 -5.135886 8.694529 -7.383496 -19.903036 -27.464126 -64.940419 -11.173123 11.166981 -0.443830 11.003273 8.504984 7.585402 -20.973722 -48.269603 11.680550 -3.567118 43.322423 -1.802090 -5.362123 -11.576132 1.530109 -0.000000 -0.000000 -0.000000 23.557765 -26.587171 -2.614830 -4.290076 45.146290 2.788676 2.907794 -27.747232 -3.588977 0.000000 0.000000 -0.000000
-8.477960 92.112749 -352.481012 0.735377 11.026952 -2.554148 -0.273435 10.877421 1.341322 -0.152533 4.833616 0.599810 -0.152532 4.833619 0.599811 -0.119084 3.625071 0.450800 -0.816078 12.335599 -0.257316 -1.448299 -13.275437 -0.145842 7.617521 11.480004 8.359749 8.770284 -28.255589 67.879314 15.495053 13.109833 1.720151 -5.508712 18.737929 -9.345774 -5.186041 8.715238 -7.350314 -20.208629 -27.565063 -64.741702 -11.693398 11.206116 -0.404304 10.937856 8.496342 7.652705 -20.495157 -48.752888 11.358826 -3.566072 42.086723 -1.599060 -5.622360 -11.807491 1.532585 0.000000 0.000000 0.000000 23.562177 -26.084570 -2.541026 -3.936899 45.529313 2.907005 2.806093 -28.392608 -3.632791 0.000000 0.000000 -0.000000
-8.572513 91.878713 -351.377170 0.789379 11.005692 -2.243026 -0.365198 10.914958 1.345199 -0.193325 4.850026 0.603694 -0.193325 4.850026 0.603694 -0.149708 3.637333 0.454037 -0.868016 12.291060 -0.299177 -1.530016 -13.358217 -0.203272 7.634572 11.462163 8.398995 8.657762 -28.159461 67.981767 15.376343 13.135021 1.700455 -5.524262 18.705025 -9.364702 -5.235804 8.742521 -7.334222 -20.480311 -27.637771 -64.584431 -12.173889 11.253689 -0.361280 10.866318 8.519410 7.700411 -20.144163 -49.082222 11.084643 -3.426140 41.278136 -1.503837 -5.691860 -11.861268 1.348520 0.000000 -0.000000 -0.000000 23.574526 -25.590936 -2.462125 -3.610307 46.115293 3.056140 2.683274 -28.926886 -3.707543 0.000000 -0.000000 0.000000
-8.694083 91.604852 -350.188584 0.961712 10.891035 -1.875384 -0.492128 10.959884 1.341544 -0.249517 4.869617 0.605091 -0.249520 4.869610 0.605086 -0.191861 3.651962 0.455531 -0.924664 12.300840 -0.337830 -1.621695 -13.340071 -0.253155 7.652858 11.462850 8.453072 8.528688 -28.043918 68.082892 15.196480 13.224106 1.694128 -5.546335 18.753413 -9.352467 -5.291098 8.788635 -7.341101 -20.758949 -27.686328 -64.444682 -12.588205 11.290527 -0.317564 10.784037 8.559094 7.718320 -19.966665 -49.223293 10.863157 -3.107971 40.956316 -1.552624 -5.466904 -11.715956 0.831256 -0.000000 -0.000000 -0.000000 23.605367 -25.124286 -2.415978 -3.371291 46.977015 3.245390 2.553238 -29.311453 -3.801922 -0.001779 0.355214 0.091107
-8.847290 91.297625 -348.925924 1.195177 10.700031 -1.468483 -0.634489 11.008794 1.329143 -0.312326 4.890967 0.603024 -0.312329 4.890963 0.603019 -0.238942 3.667918 0.454491 -0.985885 12.349491 -0.374499 -1.722644 -13.249693 -0.297781 7.674066 11.469000 8.522022 8.387285 -27.901733 68.186741 14.965470 13.358610 1.693464 -5.577853 18.856248 -9.320073 -5.346306 8.841284 -7.365229 -21.003806 -27.707334 -64.347994 -12.963344 11.336295 -0.272863 10.694417 8.629826 7.715827 -19.927567 -49.213308 10.699326 -2.644165 41.066238 -1.697293 -5.058700 -11.381745 0.140152 -0.000000 -0.000000 0.000000 23.642900 -24.666722 -2.361927 -3.151972 48.040113 3.479265 2.397597 -29.585221 -3.922730 -0.003171 0.710131 0.183365
-9.045326 90.977876 -347.590135 1.316961 10.448365 -1.077058 -0.730588 11.048346 1.308431 -0.354435 4.908313 0.596206 -0.354435 4.908313 0.596206 -0.270463 3.680895 0.449733 -1.048669 12.420498 -0.421746 -1.821907 -13.117912 -0.362237 7.695430 11.443528 8.613282 8.191359 -27.712243 68.319461 14.701247 13.582751 1.703333 -5.628860 19.023192 -9.266150 -5.371047 8.847921 -7.403618 -21.036910 -27.672421 -64.417980 -13.326028 11.459957 -0.216968 10.615604 8.828815 7.694161 -20.122246 -49.004936 10.790424 -2.079812 41.457863 -1.966035 -4.675250 -10.792192 -0.432667 0.000000 0.000000 0.000000 23.727348 -24.157814 -2.193434 -2.854122 49.149301 3.763306 2.163979 -29.742352 -4.125832 0.000000 0.000000 0.000000
-9.308445 90.641552 -346.165394 1.259994 10.117712 -0.721183 -0.746130 11.076327 1.275303 -0.360582 4.920756 0.581957 -0.360580 4.920754 0.581958 -0.274964 3.690227 0.439110 -1.120664 12.524724 -0.480925 -1.933456 -12.924533 -0.446031 7.710881 11.329103 8.739658 7.849732 -27.419541 68.532991 14.414905 13.988548 1.739892 -5.709541 19.280099 -9.194230 -5.333525 8.740382 -7.459088 -20.820890 -27.514350 -64.691673 -13.673750 11.680005 -0.146189 10.546525 9.254302 7.618524 -20.789492 -48.476858 11.392039 -1.463970 42.127096 -2.574111 -4.253048 -9.696577 -0.729004 0.000000 -0.000000 0.000000 23.930272 -23.507521 -1.847657 -2.447263 50.209489 4.112798 1.775186 -29.890866 -4.435026 0.023639 -2.520380 -0.723299
-9.616394 90.292705 -344.667524 1.090723 9.729006 -0.378986 -0.714887 11.095983 1.234493 -0.345833 4.929642 0.563174 -0.345830 4.929641 0.563171 -0.263764 3.696917 0.424911 -1.194488 12.651282 -0.550976 -2.043802 -12.689837 -0.550121 7.725911 11.182818 8.887917 7.453901 -27.079879 68.770803 14.092527 14.483660 1.783830 -5.810985 19.600727 -9.101488 -5.263785 8.587754 -7.528709 -20.395861 -27.294385 -65.127699 -14.011584 11.977680 -0.069796 10.483682 9.807782 7.520283 -21.666398 -47.742190 12.214572 -0.785476 43.077639 -3.337033 -3.852945 -8.355752 -0.911503 0.000000 0.000000 0.000000 24.181134 -22.805132 -1.387073 -1.958111 51.316337 4.520640 1.293880 -29.926326 -4.811777 0.100673 -6.103223 -1.734428
-9.921604 89.964336 -343.144948 0.837896 9.358537 -0.041208 -0.677216 11.102392 1.199718 -0.328356 4.932643 0.546899 -0.328356 4.932643 0.546899 -0.250539 3.699193 0.412577 -1.244056 12.751145 -0.640625 -2.100089 -12.505147 -0.701289 7.755512 11.139588 9.027083 7.234089 -26.841148 68.902221 13.716236 14.835425 1.788618 -5.913895 19.916702 -8.976706 -5.225270 8.542911 -7.600526 -19.697719 -27.173573 -65.734776 -14.378098 12.365886 0.001580 10.444968 10.292562 7.501580 -22.127313 -47.117419 12.675941 0.042149 44.174295 -3.651122 -3.876008 -7.475345 -1.166736 0.000000 0.000000 0.000000 24.308424 -22.257716 -0.899421 -1.378666 52.603198 4.952346 0.869806 -29.523592 -5.218527 0.212362 -9.574297 -2.535360
-10.199657 89.657268 -341.593317 0.476090 9.021140 0.316780 -0.640475 11.097411 1.166759 -0.311301 4.930550 0.531435 -0.311300 4.930538 0.531435 -0.237627 3.697630 0.400846 -1.259714 12.796142 -0.767457 -2.076915 -12.422914 -0.936515 7.820012 11.301136 9.157718 7.352541 -26.772937 68.831773 13.266265 14.910959 1.729251 -6.001012 20.202177 -8.820571 -5.264007 8.704516 -7.677761 -18.477325 -27.280482 -66.634769 -14.841089 12.969748 0.050983 10.460178 10.667156 7.639966 -21.794889 -46.786900 12.456985 1.300786 45.438055 -2.987222 -4.760863 -7.312865 -1.614888 -0.000000 0.000000 -0.000000 24.278153 -21.887785 -0.396777 -0.744785 54.163079 5.366029 0.519324 -28.779237 -5.767883 0.285844 -12.222523 -2.751562
-10.474972 89.370677 -340.016981 0.031284 8.703684 0.671765 -0.597102 11.079202 1.140022 -0.291429 4.922593 0.518545 -0.291426 4.922576 0.518541 -0.222618 3.691677 0.391014 -1.249873 12.814853 -0.913298 -1.997625 -12.389558 -1.218088 7.897554 11.566523 9.279997 7.648002 -26.801727 68.660537 12.767125 14.840817 1.634939 -6.089445 20.483068 -8.632298 -5.337965 8.972450 -7.758560 -16.973778 -27.460813 -67.720235 -15.335698 13.663609 0.088490 10.503433 10.974218 7.861338 -21.075369 -46.569015 11.914629 2.821049 46.826640 -1.769560 -6.080103 -7.616721 -2.101729 -0.000000 0.000000 -0.000000 24.124092 -21.668378 0.127326 -0.023683 55.906592 5.803205 0.191372 -27.599255 -6.340181 0.346437 -14.762084 -2.743867
-10.773231 89.135084 -338.477403 -0.389562 8.438601 0.959486 -0.565486 11.036899 1.145584 -0.277489 4.903889 0.520219 -0.277489 4.903889 0.520219 -0.212173 3.677685 0.392157 -1.216032 12.843586 -1.033100 -1.883615 -12.337092 -1.460079 7.941559 11.766572 9.362276 7.863612 -26.864451 68.557824 12.267220 14.788590 1.539698 -6.210935 20.768674 -8.398524 -5.377998 9.201730 -7.821983 -15.865528 -27.478351 -68.643609 -15.695285 14.086014 0.156648 10.513230 11.143501 8.041765 -20.550178 -46.249970 11.517193 3.985763 48.141788 -0.860207 -6.938320 -8.315236 -2.422252 0.000000 0.000000 0.000000 23.775613 -21.733008 0.612841 0.916510 57.692806 6.369930 -0.053933 -25.364331 -6.567177 0.500850 -18.156775 -3.133718
-11.113660 88.966148 -336.987946 -0.743711 8.233656 1.139964 -0.566455 10.955680 1.202658 -0.279099 4.867751 0.545438 -0.279108 4.867772 0.545449 -0.213564 3.650598 0.411077 -1.143117 12.910393 -1.106802 -1.714662 -12.213289 -1.630637 7.928978 11.823544 9.383407 7.866026 -26.953317 68.623530 11.728262 14.853893 1.450264 -6.388423 21.100279 -8.071347 -5.345729 9.343450 -7.857520 -15.592582 -27.198407 -69.206033 -15.781664 13.953797 0.333157 10.446638 10.988764 8.171026 -20.489948 -45.727976 11.468706 4.357826 49.369778 -0.775152 -6.849117 -9.528639 -2.493759 0.000000 0.000000 0.000000 23.141374 -22.154629 1.077986 2.315337 59.482908 7.253525 -0.292978 -21.450067 -6.387904 0.847199 -23.133593 -4.132974
-11.477033 88.848211 -335.535247 -1.072464 8.078978 1.251846 -0.579560 10.850613 1.292139 -0.286743 4.820904 0.585249 -0.286752 4.820921 0.585259 -0.219569 3.615433 0.440960 -1.047190 12.987947 -1.154116 -1.513236 -12.069028 -1.760315 7.885290 11.814317 9.363941 7.787250 -27.078879 68.757414 11.186755 14.938696 1.354704 -6.600566 21.436619 -7.700924 -5.277830 9.447954 -7.874188 -15.726570 -26.791434 -69.599100 -15.728817 13.551178 0.549149 10.347794 10.695806 8.259369 -20.613894 -45.109275 11.552116 4.268442 50.542246 -1.107587 -6.284568 -11.131840 -2.454492 -0.000000 0.000000 0.000000 22.303595 -22.858279 1.522411 4.028278 61.307948 8.356367 -0.398573 -16.473481 -5.896034 1.469095 -28.941276 -5.702431
-11.831361 88.764820 -334.140682 -1.394732 7.979523 1.347755 -0.561268 10.755570 1.382379 -0.280491 4.778575 0.624661 -0.280491 4.778575 0.624661 -0.215141 3.583650 0.470421 -0.976806 13.028832 -1.190337 -1.364943 -11.992723 -1.858124 7.837639 11.801478 9.334546 7.768053 -27.210038 68.829243 10.802543 14.912779 1.261645 -6.810791 21.662524 -7.419039 -5.215012 9.519758 -7.878806 -15.653290 -26.492229 -70.038198 -15.771908 13.370388 0.640210 10.286520 10.752705 8.213226 -20.681217 -44.500543 11.606425 4.204586 51.565077 -1.383706 -5.784732 -12.673932 -2.442802 0.000000 -0.000000 0.000000 21.455048 -23.761844 1.859232 5.576117 63.135059 9.313342 0.056866 -11.670179 -4.951965 2.515998 -34.304396 -8.139539
-12.171165 88.712006 -332.815493 -1.731475 7.944266 1.443870 -0.478904 10.676756 1.464822 -0.245730 4.743690 0.659177 -0.245727 4.743684 0.659175 -0.189315 3.557501 0.496009 -0.959443 13.005481 -1.221357 -1.319066 -12.035955 -1.924185 7.779114 11.803038 9.299704 7.806907 -27.334280 68.830083 10.655596 14.720381 1.181992 -7.038880 21.743267 -7.268968 -5.165924 9.541264 -7.866216 -15.025325 -26.399946 -70.652988 -16.012346 13.650463 0.495951 10.315481 11.491607 7.928198 -20.565921 -43.949233 11.569555 4.408255 52.409794 -1.361787 -5.586747 -14.015028 -2.490300 0.000000 0.000000 -0.000000 20.554501 -24.906836 2.069232 6.626485 65.042278 9.799944 1.545435 -7.019535 -3.254728 4.443441 -39.514078 -12.160271
-12.501924 88.693738 -331.548436 -2.061540 7.964045 1.523050 -0.365014 10.608053 1.547736 -0.197037 4.713450 0.693222 -0.197037 4.713447 0.693225 -0.153051 3.534868 0.521150 -0.966887 12.944628 -1.241863 -1.324290 -12.149003 -1.960095 7.716574 11.801023 9.255038 7.907085 -27.463874 68.768351 10.668226 14.420391 1.108923 -7.262624 21.713483 -7.206162 -5.121030 9.529709 -7.841669 -14.184285 -26.397363 -71.312544 -16.351057 14.150968 0.223652 10.373926 12.580509 7.507075 -20.398149 -43.407961 11.509676 4.667386 53.107508 -1.253772 -5.454610 -15.294328 -2.550521 0.000000 0.000000 0.000000 19.641447 -26.259024 2.189187 7.416189 66.954008 10.021694 3.743787 -2.583458 -1.024996 7.268019 -44.069849 -17.517515
-12.808085 88.705469 -330.327156 -2.340940 8.017056 1.588155 -0.273695 10.564471 1.624478 -0.158238 4.694348 0.725081 -0.158238 4.694348 0.725081 -0.124193 3.520579 0.544724 -0.963871 12.880001 -1.250547 -1.314465 -12.268989 -1.977877 7.696495 11.804927 9.218067 8.219412 -27.603318 68.539618 10.764666 14.054861 1.028221 -7.379461 21.562295 -7.226858 -5.094273 9.541203 -7.828054 -13.552314 -26.395578 -71.833385 -16.717562 14.648158 -0.005497 10.367228 13.510687 7.166383 -20.327712 -42.842259 11.467946 4.824829 53.660263 -1.230354 -5.221152 -16.478032 -2.619894 0.000000 0.000000 0.000000 19.045883 -27.627835 2.188167 8.337729 68.614704 10.438187 5.770893 0.297295 1.043774 9.386056 -45.757015 -22.018033
-13.079388 88.745975 -329.150218 -2.560854 8.100084 1.641823 -0.227600 10.559024 1.692998 -0.139381 4.692056 0.754341 -0.139378 4.692057 0.754336 -0.110277 3.518877 0.566503 -0.932990 12.815777 -1.245075 -1.257519 -12.388019 -1.980334 7.754501 11.826094 9.203063 8.912411 -27.735459 68.020980 10.923834 13.566887 0.924448 -7.299006 21.260988 -7.310764 -5.094631 9.611275 -7.846705 -13.306046 -26.377802 -72.133640 -17.127797 15.055494 -0.123324 10.250321 14.126065 7.002887 -20.449589 -42.237868 11.476167 4.794227 54.062179 -1.394420 -4.771219 -17.554953 -2.702345 -0.000000 0.000000 0.000000 18.991073 -28.935498 2.019492 9.729680 70.015710 11.416934 7.216904 0.646673 2.621067 8.765423 -42.778277 -23.662106
-13.326094 88.816480 -328.019056 -2.730082 8.216008 1.681193 -0.204079 10.578350 1.755056 -0.130465 4.700702 0.781263 -0.130463 4.700704 0.781259 -0.103813 3.525369 0.586618 -0.891794 12.747962 -1.227832 -1.185772 -12.513649 -1.964765 7.854659 11.853997 9.195739 9.819657 -27.864982 67.330769 11.164600 13.014421 0.806544 -7.112606 20.840333 -7.481780 -5.113691 9.704057 -7.876477 -13.269720 -26.374401 -72.295634 -17.562741 15.461910 -0.193371 10.074676 14.582335 6.920450 -20.664784 -41.609117 11.498827 4.653980 54.317533 -1.648383 -4.217099 -18.535816 -2.800362 -0.000000 0.000000 0.000000 19.280836 -30.259848 1.688570 11.396798 71.155110 12.752442 8.296513 -0.547545 3.908590 6.626520 -37.268548 -23.742074
-13.563430 88.916097 -326.925617 -2.831123 8.352122 1.701311 -0.189301 10.597717 1.809896 -0.125262 4.709337 0.805189 -0.125262 4.709337 0.805189 -0.100110 3.531845 0.604519 -0.857884 12.698168 -1.204391 -1.130593 -12.605884 -1.934393 7.936154 11.865133 9.170970 10.590557 -28.038571 66.727362 11.470754 12.610621 0.700974 -6.988733 20.380023 -7.798895 -5.139021 9.768736 -7.876228 -13.340283 -26.378107 -72.380192 -17.896099 15.908903 -0.236444 9.897908 14.838175 6.848941 -20.833603 -40.964877 11.477678 4.490087 54.445067 -1.865737 -3.733671 -19.420092 -2.908030 0.000000 -0.000000 0.000000 19.620394 -31.643593 1.230854 12.878624 71.797470 14.004045 9.000291 -1.622179 4.991559 5.151094 -33.172977 -23.802892
-13.797643 89.050121 -325.872909 -2.840232 8.505320 1.700422 -0.184014 10.612526 1.861369 -0.124164 4.715914 0.827841 -0.124165 4.715912 0.827842 -0.099472 3.536772 0.621491 -0.838054 12.673547 -1.176025 -1.104474 -12.651500 -1.888732 7.979877 11.848817 9.117413 11.070924 -28.306380 66.307117 11.839649 12.498912 0.621849 -7.011598 19.874501 -8.325851 -5.174722 9.777263 -7.825288 -13.518783 -26.377324 -72.384931 -18.057997 16.499575 -0.257885 9.711059 14.742799 6.771676 -20.907348 -40.303098 11.385087 4.325230 54.433402 -1.995554 -3.387075 -20.198693 -3.017870 -0.000000 -0.000000 0.000000 19.994425 -33.115082 0.580334 13.822593 71.805246 14.922759 9.271941 -1.930677 6.001942 5.217060 -32.392452 -24.263457
-14.022487 89.213258 -324.857923 -2.781219 8.678614 1.680787 -0.187414 10.627173 1.905746 -0.126747 4.722391 0.847551 -0.126748 4.722388 0.847552 -0.101570 3.541622 0.636286 -0.825690 12.666758 -1.141420 -1.095324 -12.664077 -1.828036 8.004936 11.815380 9.046440 11.415052 -28.629248 65.973941 12.274179 12.534335 0.561601 -7.096244 19.333440 -8.997501 -5.215843 9.757781 -7.743998 -13.803512 -26.383595 -72.311361 -18.116720 17.130633 -0.251035 9.525515 14.447121 6.710532 -20.939885 -39.625643 11.255977 4.147067 54.295657 -2.077116 -3.114240 -20.881214 -3.129594 0.000000 0.000000 -0.000000 20.437910 -34.641313 -0.217849 14.309388 71.332017 15.491689 9.174936 -2.080439 6.834405 5.942155 -32.994978 -24.556320
-14.234453 89.388738 -323.863582 -2.707975 8.868509 1.643431 -0.183472 10.630466 1.930860 -0.125592 4.723864 0.858570 -0.125592 4.723864 0.858570 -0.100790 3.542730 0.644535 -0.818398 12.677581 -1.102169 -1.097902 -12.643988 -1.756353 8.007996 11.772411 8.967397 11.734578 -28.930697 65.700502 12.766667 12.496891 0.515655 -7.154357 18.859036 -9.675082 -5.236004 9.743930 -7.652774 -14.087318 -26.422994 -72.227232 -18.155445 17.533019 -0.221483 9.425073 14.362285 6.647127 -20.946950 -38.947649 11.127724 3.990154 54.088882 -2.119804 -2.897968 -21.495640 -3.244288 0.000000 0.000000 0.000000 20.706168 -36.182048 -0.928545 14.488338 70.587923 15.570337 8.955436 -2.293479 7.279060 6.376440 -33.208196 -24.173032
-14.433973 89.577360 -322.889599 -2.649051 9.080698 1.579456 -0.163019 10.613663 1.932255 -0.116504 4.716480 0.858721 -0.116503 4.716479 0.858719 -0.093968 3.537203 0.644575 -0.812997 12.713854 -1.058134 -1.106232 -12.576638 -1.674771 7.984987 11.717845 8.881453 12.064043 -29.188075 65.488272 13.309991 12.287498 0.480087 -7.154218 18.513445 -10.366713 -5.216706 9.750001 -7.554381 -14.332319 -26.512453 -72.160355 -18.201948 17.540678 -0.168865 9.475899 14.770754 6.562895 -20.911239 -38.276073 11.014278 3.862079 53.814042 -2.117365 -2.742093 -22.033042 -3.368070 -0.000000 0.000000 0.000000 20.640311 -37.763353 -1.417719 14.534407 69.613138 15.185634 8.663616 -2.652532 7.151869 6.201606 -32.537588 -22.818191
-14.620616 89.778325 -321.936261 -2.576148 9.309572 1.497832 -0.135524 10.585516 1.914166 -0.103807 4.704086 0.850097 -0.103807 4.704083 0.850096 -0.084368 3.527924 0.638013 -0.812419 12.767736 -1.009327 -1.125775 -12.476599 -1.582132 7.939817 11.653721 8.787694 12.366453 -29.426328 65.337480 13.909648 12.004016 0.452974 -7.125542 18.236403 -11.062942 -5.176424 9.761453 -7.446298 -14.576858 -26.634407 -72.083036 -18.230476 17.319747 -0.094470 9.611371 15.390326 6.473474 -20.849616 -37.603949 10.902720 3.755554 53.470435 -2.076203 -2.644326 -22.502554 -3.491511 0.000000 -0.000000 -0.000000 20.370057 -39.366164 -1.785775 14.411209 68.359425 14.452268 8.295335 -3.075735 6.625912 5.721417 -31.480773 -20.799917
-14.789575 89.972463 -320.987355 -2.457701 9.534687 1.426336 -0.112981 10.561181 1.877427 -0.092892 4.693377 0.833337 -0.092892 4.693377 0.833337 -0.076042 3.519914 0.625368 -0.823524 12.815544 -0.957560 -1.168636 -12.387865 -1.479082 7.881165 11.593841 8.692360 12.646342 -29.638621 65.218395 14.575860 11.722507 0.428621 -7.074186 17.942503 -11.600950 -5.144445 9.768755 -7.341106 -14.828312 -26.763433 -71.980163 -18.244533 17.099632 -0.007445 9.713763 15.785243 6.406375 -20.827633 -36.925581 10.787672 3.679442 53.112196 -2.028642 -2.577681 -22.959164 -3.594045 0.000000 0.000000 0.000000 20.074937 -40.887438 -2.140705 14.031279 66.899475 13.433343 8.002780 -3.550853 6.045747 4.965666 -29.741111 -18.549005
-14.938742 90.160008 -320.039953 -2.274603 9.745667 1.385588 -0.099262 10.548515 1.814311 -0.085329 4.687825 0.805103 -0.085329 4.687831 0.805104 -0.070149 3.515773 0.604147 -0.853859 12.846145 -0.899846 -1.250352 -12.331086 -1.356822 7.806170 11.542398 8.599953 12.903765 -29.823998 65.135454 15.324339 11.449899 0.390540 -7.000902 17.563108 -11.900225 -5.133512 9.762798 -7.240065 -15.096318 -26.892846 -71.838655 -18.235148 16.961127 0.090273 9.730493 15.741348 6.366002 -20.884197 -36.229980 10.662299 3.660138 52.741306 -1.978502 -2.537907 -23.411491 -3.666330 0.000000 -0.000000 0.000000 19.794162 -42.292721 -2.516229 13.347382 65.244354 12.099618 7.843939 -4.089685 5.525174 4.071211 -27.323622 -16.443974
-15.070226 90.340725 -319.096984 -2.045649 9.952906 1.355547 -0.090672 10.539976 1.732593 -0.079632 4.684080 0.768751 -0.079632 4.684084 0.768753 -0.065594 3.512974 0.576856 -0.895811 12.870904 -0.839017 -1.355347 -12.285048 -1.223901 7.717521 11.495587 8.506143 13.138074 -29.984351 65.084696 16.138746 11.178633 0.352283 -6.909524 17.160464 -12.045072 -5.131005 9.752769 -7.141866 -15.371840 -27.028512 -71.671666 -18.211413 16.823358 0.200483 9.713890 15.472866 6.347569 -20.981388 -35.527694 10.534243 3.668104 52.355538 -1.925801 -2.530133 -23.850930 -3.716503 0.000000 0.000000 0.000000 19.489784 -43.616007 -2.882340 12.540092 63.374009 10.608546 7.761419 -4.684237 4.961079 3.087347 -24.183132 -14.236423
-15.185544 90.494736 -318.151021 -1.796103 10.167251 1.303056 -0.087671 10.527532 1.656473 -0.076523 4.678571 0.735001 -0.076523 4.678571 0.735001 -0.062998 3.508842 0.551531 -0.933688 12.899799 -0.785707 -1.449416 -12.231206 -1.107051 7.632304 11.455058 8.403745 13.353243 -30.116052 65.023582 16.982349 10.961963 0.356435 -6.811139 16.843720 -12.119178 -5.128091 9.756809 -7.055123 -15.633879 -27.164126 -71.503424 -18.202796 16.673286 0.319464 9.702042 15.186726 6.361767 -21.068994 -34.845202 10.419441 3.629983 52.002794 -1.894865 -2.541211 -24.306586 -3.751056 0.000000 -0.000000 0.000000 19.241206 -44.855148 -3.271391 11.782060 61.324203 9.220261 7.705564 -5.288635 4.378880 2.024115 -19.931803 -11.482029
-15.285886 90.617418 -317.199798 -1.526284 10.389338 1.217621 -0.092644 10.505366 1.593601 -0.077213 4.668715 0.707299 -0.077212 4.668714 0.707296 -0.063290 3.501451 0.530768 -0.964606 12.947193 -0.747428 -1.523970 -12.142987 -1.021815 7.554606 11.430629 8.284191 13.556266 -30.209571 64.938278 17.865066 10.800931 0.430128 -6.700420 16.647215 -12.130052 -5.124177 9.791917 -6.984276 -15.882470 -27.300707 -71.331392 -18.215974 16.500993 0.452985 9.706321 14.930194 6.419972 -21.123902 -34.189070 10.322774 3.516467 51.698536 -1.898523 -2.579923 -24.785105 -3.768234 -0.000000 0.000000 0.000000 19.115170 -45.996170 -3.730204 11.088759 59.050270 7.983855 7.716118 -5.890732 3.781556 0.870048 -13.320044 -7.466782
-15.370063 90.713394 -316.245582 -1.236137 10.618953 1.110015 -0.103190 10.479268 1.536324 -0.080491 4.657095 0.682201 -0.080489 4.657095 0.682199 -0.065542 3.492737 0.511980 -0.991374 12.998681 -0.716699 -1.587422 -12.047149 -0.952752 7.480306 11.412450 8.155969 13.739980 -30.274114 64.843449 18.778324 10.690441 0.546796 -6.579996 16.533714 -12.066204 -5.119504 9.841166 -6.924741 -16.117736 -27.437307 -71.158179 -18.244957 16.316673 0.595142 9.714159 14.656190 6.510636 -21.167990 -33.552708 10.239901 3.359237 51.427484 -1.920755 -2.638566 -25.279692 -3.768568 -0.000000 0.000000 -0.000000 19.049724 -47.050841 -4.221320 10.415576 56.602584 6.821243 7.757333 -6.502897 3.168019 0.146154 -5.558981 -3.068102
-15.436033 90.776657 -315.287743 -0.950636 10.865825 0.978787 -0.112466 10.458368 1.485896 -0.083388 4.647789 0.660105 -0.083388 4.647789 0.660105 -0.067537 3.485757 0.495442 -1.007156 13.020846 -0.681856 -1.631675 -12.005708 -0.880267 7.414054 11.372368 8.037337 13.886928 -30.333376 64.739585 19.659077 10.674519 0.673465 -6.470283 16.507825 -11.979208 -5.106656 9.871708 -6.871727 -16.318213 -27.565360 -71.015982 -18.300053 16.137601 0.724613 9.728076 14.430033 6.609435 -21.217244 -32.942968 10.171964 3.178550 51.191668 -1.939942 -2.678792 -25.799441 -3.762848 0.000000 -0.000000 -0.000000 18.926014 -48.056428 -4.645299 9.779063 54.164773 5.737981 7.665316 -7.111599 2.544118 0.000000 -0.000000 0.000000
-15.486107 90.805091 -314.332488 -0.669198 11.139162 0.822017 -0.122427 10.442517 1.444350 -0.086807 4.640721 0.641946 -0.086807 4.640718 0.641945 -0.069954 3.480450 0.481854 -1.009180 12.998771 -0.642337 -1.651836 -12.046393 -0.804230 7.354081 11.280429 7.934654 13.972721 -30.385312 64.630230 20.499172 10.808357 0.822391 -6.373551 16.609341 -11.868404 -5.073096 9.861032 -6.822540 -16.469142 -27.673213 -70.925771 -18.398952 15.962746 0.832302 9.760593 14.292390 6.718405 -21.279702 -32.361862 10.124113 2.970421 50.976501 -1.958202 -2.684525 -26.348120 -3.741685 0.000000 -0.000000 -0.000000 18.661956 -49.036560 -4.927628 9.237513 51.760049 4.730588 7.354302 -7.726712 1.879674 0.012574 1.488283 0.811804
-15.517974 90.800814 -313.373611 -0.392845 11.430080 0.641772 -0.131037 10.431761 1.409734 -0.089801 4.635923 0.626821 -0.089800 4.635921 0.626817 -0.072077 3.476851 0.470536 -1.000952 12.947136 -0.599042 -1.654229 -12.141957 -0.724961 7.301688 11.166433 7.841482 14.021237 -30.431109 64.512995 21.310838 11.035680 0.988083 -6.282906 16.798116 -11.730003 -5.032030 9.831411 -6.780257 -16.584713 -27.773263 -70.867184 -18.524139 15.793556 0.926831 9.799166 14.202578 6.835421 -21.345530 -31.807430 10.090003 2.740169 50.796942 -1.971639 -2.671775 -26.922106 -3.715086 0.000000 -0.000000 -0.000000 18.324347 -49.968541 -5.127453 8.712763 49.365276 3.781451 6.917046 -8.335306 1.185145 0.004274 0.746327 0.401858
-15.522655 90.764165 -312.391870 -0.149003 11.720937 0.442164 -0.125404 10.435399 1.377311 -0.086589 4.637571 0.612350 -0.086589 4.637571 0.612350 -0.069562 3.478096 0.459670 -0.985177 12.876849 -0.542561 -1.647870 -12.272056 -0.623540 7.266383 11.091735 7.756821 14.087150 -30.499440 64.378911 22.059156 11.237052 1.110398 -6.208292 16.961114 -11.613200 -5.014579 9.817455 -6.748564 -16.687109 -27.893076 -70.810270 -18.632626 15.650719 1.013569 9.809399 14.103852 6.929717 -21.404016 -31.280539 10.052651 2.521717 50.699487 -1.950726 -2.649846 -27.519574 -3.723411 0.000000 -0.000000 -0.000000 18.016672 -50.821337 -5.343793 8.016078 47.092636 2.878166 6.451962 -8.892088 0.527698 0.000000 0.000000 0.000000
-15.497949 90.695591 -311.390198 0.065125 12.022256 0.218929 -0.101615 10.456319 1.350347 -0.075518 4.646945 0.599879 -0.075519 4.646944 0.599881 -0.061180 3.485137 0.450240 -0.962740 12.774047 -0.462974 -1.638701 -12.462333 -0.480556 7.251763 11.090128 7.678779 14.176470 -30.624018 64.225570 22.748750 11.397837 1.165746 -6.161165 17.067864 -11.535999 -5.035876 9.843016 -6.725611 -16.768791 -28.068442 -70.754176 -18.719262 15.565151 1.096952 9.764432 13.959209 6.980846 -21.449046 -30.805462 10.009768 2.330199 50.705965 -1.863316 -2.623600 -28.140608 -3.792595 0.000000 0.000000 0.000000 17.791159 -51.599105 -5.626841 6.991117 44.896484 1.941936 6.022464 -9.485911 -0.246826 -0.000000 -0.000000 0.000000
-15.446057 90.594646 -310.365663 0.246288 12.323423 -0.024212 -0.063351 10.491350 1.325515 -0.058123 4.662627 0.588007 -0.058125 4.662624 0.588006 -0.048065 3.496914 0.441204 -0.933096 12.652387 -0.370497 -1.621549 -12.687515 -0.315693 7.254902 11.127540 7.609064 14.282477 -30.771113 64.054635 23.372287 11.536332 1.176273 -6.132404 17.150349 -11.481865 -5.080224 9.884941 -6.712682 -16.838382 -28.263829 -70.699524 -18.788563 15.505605 1.172567 9.691267 13.805990 7.008888 -21.486460 -30.357982 9.962534 2.152780 50.795178 -1.741191 -2.588378 -28.785314 -3.896434 -0.000000 0.000000 -0.000000 17.597230 -52.297377 -5.928894 5.793947 42.820660 1.060431 5.564009 -10.039899 -0.977076 0.000000 0.000000 0.000000
-15.364610 90.460336 -309.290227 0.358377 12.574588 -0.271901 -0.009175 10.540678 1.288120 -0.033435 4.684708 0.570208 -0.033435 4.684708 0.570208 -0.029442 3.513503 0.427674 -0.896109 12.564130 -0.285620 -1.587266 -12.850764 -0.168579 7.275797 11.163413 7.551938 14.441378 -30.868721 63.862243 23.873549 11.584793 1.147429 -6.104719 17.189837 -11.450788 -5.132634 9.907507 -6.718076 -16.941745 -28.399134 -70.617934 -18.812293 15.398887 1.233058 9.636406 13.698822 7.043700 -21.523858 -29.866176 9.898903 1.979577 50.948956 -1.652797 -2.539657 -29.451952 -3.996147 0.000000 0.000000 0.000000 17.388096 -52.872544 -6.205633 4.667208 41.118069 0.435897 4.937214 -10.242801 -1.122733 -0.000000 -0.000000 0.000000
-15.255406 90.288907 -308.157417 0.382107 12.753397 -0.521707 0.069392 10.613024 1.232280 0.002410 4.717075 0.543673 0.002410 4.717079 0.543680 -0.002399 3.537818 0.407516 -0.851033 12.530954 -0.214771 -1.531371 -12.911934 -0.052134 7.323434 11.191785 7.510972 14.709384 -30.888421 63.616226 24.227129 11.471834 1.061464 -6.066186 17.143176 -11.463610 -5.199818 9.892831 -6.743410 -17.148796 -28.434996 -70.465925 -18.786967 15.160466 1.286239 9.625616 13.671514 7.101967 -21.563962 -29.286477 9.818763 1.804482 51.145061 -1.623164 -2.476006 -30.177663 -4.093878 0.000000 -0.000000 0.000000 17.032434 -53.305843 -6.349218 3.686952 39.791238 0.101289 3.908478 -9.840308 -0.175898 -0.000000 0.000000 -0.000000
-15.116647 90.084113 -306.973706 0.337257 12.881264 -0.776985 0.163945 10.699390 1.163793 0.045594 4.755686 0.511129 0.045593 4.755689 0.511137 0.030189 3.566811 0.382782 -0.797756 12.531079 -0.151341 -1.456470 -12.911429 0.046366 7.389065 11.218173 7.482228 15.030669 -30.858533 63.347879 24.456870 11.270602 0.938088 -6.030668 17.053643 -11.500136 -5.275918 9.858956 -6.787027 -17.387120 -28.408896 -70.287314 -18.717790 14.873809 1.323943 9.634143 13.689716 7.167184 -21.603461 -28.662638 9.720150 1.630602 51.405508 -1.631206 -2.400189 -30.925611 -4.185377 0.000000 -0.000000 0.000000 16.657448 -53.616220 -6.462132 2.723181 38.851147 -0.030084 2.683012 -9.012195 1.310398 0.000000 -0.000000 0.000000
-14.940566 89.856224 -305.730473 0.246665 12.973841 -1.031142 0.250377 10.773559 1.085504 0.085465 4.788820 0.474409 0.085465 4.788820 0.474409 0.060336 3.591684 0.354928 -0.736835 12.551706 -0.096034 -1.363424 -12.873027 0.125953 7.445678 11.219437 7.458895 15.274637 -30.793174 63.149897 24.581666 11.129499 0.840476 -6.018256 17.032123 -11.498474 -5.327437 9.823403 -6.852890 -17.488755 -28.358414 -70.184771 -18.587346 14.717335 1.315929 9.632498 13.705800 7.219275 -21.641578 -28.053682 9.588461 1.459341 51.778145 -1.678873 -2.313955 -31.582813 -4.222987 0.000000 -0.000000 0.000000 16.610795 -53.818254 -6.822812 1.681896 38.570468 0.021631 1.765275 -8.151531 2.322937 0.000000 -0.000000 0.000000
-14.712266 89.594253 -304.411086 0.064520 13.024608 -1.292427 0.327385 10.820909 0.995412 0.121530 4.809973 0.432695 0.121532 4.809968 0.432689 0.087684 3.607561 0.323363 -0.659503 12.600033 -0.057641 -1.231814 -12.783509 0.166169 7.475436 11.152374 7.433039 15.438680 -30.658852 63.045883 24.566947 11.082705 0.791637 -6.036393 17.141239 -11.417819 -5.319098 9.769528 -6.949910 -17.306422 -28.276188 -70.252374 -18.388566 14.841644 1.240789 9.603568 13.698503 7.243011 -21.677939 -27.442098 9.418730 1.314302 52.254846 -1.768557 -2.189523 -32.173970 -4.214741 0.007052 0.411027 -0.197912 17.140702 -53.901776 -7.635516 0.543125 39.294600 0.370254 1.228765 -7.398987 2.387287 -0.000000 0.000000 -0.000000
-14.446644 89.309186 -303.032177 -0.162845 13.039277 -1.552436 0.396196 10.855881 0.895563 0.154238 4.825579 0.386870 0.154240 4.825574 0.386865 0.112552 3.619276 0.288753 -0.574345 12.668792 -0.027370 -1.081793 -12.656176 0.187544 7.495749 11.060401 7.413213 15.527634 -30.489754 63.013253 24.449280 11.096988 0.771940 -6.075480 17.319783 -11.299573 -5.286151 9.712843 -7.069452 -16.987591 -28.173594 -70.395210 -18.122856 15.095579 1.124744 9.564461 13.689496 7.253523 -21.713750 -26.846042 9.214218 1.166801 52.842519 -1.906660 -2.052880 -32.674068 -4.155274 0.012833 0.821246 -0.397497 18.002385 -53.871064 -8.700453 -0.659705 40.693293 0.870190 0.977981 -6.683109 2.028448 -0.000000 0.000000 -0.000000
-14.180627 89.044249 -301.635019 -0.274668 13.053219 -1.779578 0.436416 10.896451 0.794948 0.174312 4.843603 0.341371 0.174312 4.843603 0.341371 0.127945 3.632801 0.254491 -0.508278 12.723766 0.020573 -0.975632 -12.554140 0.250750 7.533012 11.050458 7.416868 15.421930 -30.400857 63.076176 24.355030 11.218946 0.778124 -6.130025 17.492589 -11.204830 -5.300421 9.719535 -7.189591 -16.807393 -28.117731 -70.434022 -17.785972 15.204409 1.007260 9.536566 13.695625 7.276055 -21.752668 -26.377288 8.976485 0.940689 53.612331 -2.100676 -1.982540 -32.894563 -3.979958 0.000000 -0.000000 0.000000 18.806934 -53.766325 -9.693567 -1.967608 42.011805 1.104525 1.273336 -6.122188 1.767989 0.000000 0.000000 0.000000
-13.922986 88.799684 -300.219185 -0.182833 13.075413 -1.948651 0.428353 10.955998 0.690718 0.173097 4.869965 0.295387 0.173095 4.869971 0.295393 0.127383 3.652568 0.220033 -0.471900 12.734682 0.101372 -0.939957 -12.533425 0.389228 7.601241 11.202703 7.455364 14.964665 -30.498512 63.305267 24.380806 11.577466 0.826310 -6.226475 17.660361 -11.144700 -5.403397 9.841357 -7.304973 -16.873058 -28.136632 -70.291573 -17.403624 15.028822 0.902129 9.526481 13.749123 7.336825 -21.841284 -26.060179 8.699005 0.624236 54.621869 -2.353574 -1.979829 -32.894412 -3.667609 -0.068445 -2.890460 1.588147 19.463861 -53.580968 -10.570805 -3.684911 42.926792 0.752998 2.642866 -5.654723 1.815026 -0.000000 -0.000000 0.000000
-13.664950 88.575248 -298.785102 0.024586 13.098367 -2.084713 0.391790 11.022073 0.586036 0.159312 4.899191 0.249878 0.159311 4.899197 0.249884 0.117402 3.674469 0.186024 -0.454826 12.732279 0.200078 -0.948568 -12.537078 0.569925 7.689222 11.436521 7.517267 14.308457 -30.670305 63.638887 24.432248 12.043643 0.895948 -6.339395 17.822049 -11.108448 -5.552376 10.027945 -7.421320 -17.078473 -28.198108 -70.045109 -16.955683 14.706196 0.789377 9.528522 13.817103 7.410140 -21.934682 -25.868771 8.391028 0.222366 55.814080 -2.671831 -2.024726 -32.612776 -3.249547 -0.262462 -7.003111 3.799617 20.055220 -53.321803 -11.366767 -5.547597 43.737162 0.120942 4.582307 -5.333082 1.938266 0.000000 0.000000 0.000000
-13.417132 88.413437 -297.375329 0.243737 13.133491 -2.231747 0.365491 11.073985 0.498769 0.149703 4.922158 0.211847 0.149703 4.922158 0.211847 0.110498 3.691671 0.157579 -0.451970 12.774017 0.297432 -0.983187 -12.458545 0.753468 7.784442 11.617665 7.585089 13.802529 -30.707686 63.892723 24.345506 12.277153 0.930268 -6.387284 17.897698 -11.122817 -5.693388 10.192623 -7.533240 -17.378642 -28.278017 -69.749161 -16.370423 14.376040 0.655205 9.544276 13.818462 7.442780 -21.899440 -25.838733 8.079686 -0.316081 57.089465 -3.065782 -2.148111 -31.679957 -2.748352 -0.531179 -11.044286 5.490086 20.462025 -53.060381 -11.886618 -6.760307 44.621873 -0.259908 5.832795 -5.426425 2.000330 0.000000 0.000000 0.000000
-13.185321 88.333222 -296.009320 0.460251 13.187058 -2.410640 0.362004 11.105351 0.438118 0.149580 4.936045 0.185072 0.149579 4.936042 0.185070 0.110616 3.702075 0.137505 -0.465024 12.900776 0.389936 -1.044814 -12.221874 0.933172 7.896296 11.696681 7.661358 13.627482 -30.497546 63.957838 24.044257 12.051619 0.897529 -6.299602 17.800667 -11.265568 -5.823685 10.315701 -7.650028 -17.844975 -28.382049 -69.363808 -15.550399 14.038464 0.502681 9.558487 13.677722 7.416417 -21.666182 -25.961225 7.761359 -1.051617 58.399987 -3.562725 -2.323392 -29.943396 -2.113733 -0.736749 -14.412663 6.011710 20.556538 -52.851204 -11.964823 -6.729908 45.703077 -0.057121 5.705801 -6.144074 1.987307 0.000000 0.000000 0.000000
-12.963728 88.315631 -294.667621 0.688372 13.253051 -2.600361 0.368712 11.122312 0.394757 0.153571 4.943559 0.165721 0.153570 4.943559 0.165722 0.113761 3.707711 0.122970 -0.490818 13.071890 0.481459 -1.129123 -11.902505 1.115209 8.013537 11.722692 7.743260 13.606909 -30.158539 63.935730 23.604751 11.592300 0.844788 -6.145835 17.614886 -11.455243 -5.946435 10.416834 -7.762081 -18.408287 -28.499337 -68.927829 -14.593847 13.691654 0.324331 9.582654 13.470839 7.346655 -21.301804 -26.244269 7.435132 -1.941523 59.794378 -4.151622 -2.509627 -27.553084 -1.430694 -0.915681 -17.721967 5.991306 20.479019 -52.646950 -11.778230 -5.994562 46.856175 0.460379 4.882673 -7.277559 1.963195 0.000000 0.000000 0.000000
-12.745595 88.346245 -293.334430 0.867125 13.323905 -2.782178 0.386509 11.122514 0.358504 0.162316 4.943634 0.149256 0.162316 4.943634 0.149256 0.120451 3.707765 0.110556 -0.517490 13.222294 0.563490 -1.210931 -11.621535 1.279376 8.090529 11.710344 7.804973 13.560634 -29.834536 63.945828 23.087256 11.238490 0.827946 -6.057246 17.518400 -11.482077 -6.017501 10.467269 -7.835442 -18.809858 -28.590135 -68.617073 -13.715846 13.476173 0.101011 9.660537 13.343458 7.232870 -20.876207 -26.750165 7.130025 -2.884126 61.317872 -4.786932 -2.733063 -24.592023 -0.918890 -1.176853 -21.507436 6.190657 20.515584 -52.369042 -11.649268 -5.468706 47.909955 0.899587 4.156758 -8.463401 1.899788 0.000000 -0.000000 0.000000
-12.522670 88.428621 -291.998117 0.960911 13.396895 -2.952381 0.423370 11.097182 0.323984 0.179474 4.932372 0.133120 0.179475 4.932372 0.133115 0.133447 3.699318 0.098319 -0.544334 13.337696 0.636753 -1.289637 -11.405557 1.427187 8.091683 11.639914 7.827758 13.451889 -29.555594 64.021719 22.449693 11.123919 0.863271 -6.110492 17.556062 -11.218622 -5.999761 10.426165 -7.842294 -18.889412 -28.654350 -68.553620 -12.947758 13.499332 -0.200204 9.854813 13.350845 7.075813 -20.385455 -27.562880 6.859524 -3.890686 63.033274 -5.533350 -3.059557 -20.601783 -0.691170 -1.733462 -26.961533 7.060375 20.839036 -51.986708 -11.731125 -5.590782 48.839071 1.048939 3.821849 -9.622149 1.748330 0.000000 0.000000 0.000000
-12.303205 88.559201 -290.670311 1.005282 13.474132 -3.114889 0.471125 11.054868 0.296380 0.201293 4.913574 0.119814 0.201294 4.913576 0.119810 0.149913 3.685223 0.088177 -0.573255 13.432350 0.700207 -1.368359 -11.228118 1.557351 8.051677 11.532318 7.830494 13.318577 -29.291199 64.127814 21.732705 11.118344 0.925567 -6.228878 17.692079 -10.796254 -5.931321 10.333282 -7.810670 -18.804388 -28.699789 -68.617190 -12.252211 13.660271 -0.533621 10.106933 13.437034 6.878520 -19.828189 -28.599615 6.599284 -4.996454 64.875587 -6.372900 -3.434327 -16.038893 -0.638499 -2.540181 -32.872496 8.316625 21.270116 -51.530234 -11.863939 -5.952203 49.673996 1.088924 3.587403 -10.834210 1.543745 -0.000000 0.000000 -0.000000
-12.105198 88.712900 -289.370101 1.046059 13.555113 -3.262470 0.506547 11.019338 0.281444 0.217345 4.897786 0.112409 0.217345 4.897786 0.112409 0.162007 3.673380 0.082510 -0.597476 13.483844 0.742389 -1.430227 -11.131214 1.645975 8.031097 11.463331 7.843980 13.093079 -29.093112 64.277893 21.116939 11.165656 0.994771 -6.318268 17.980797 -10.399464 -5.880180 10.280962 -7.790160 -18.771452 -28.703954 -68.621569 -11.741334 13.787324 -0.801134 10.280844 13.581591 6.645215 -19.279605 -29.672729 6.325663 -6.109171 66.699519 -7.110263 -3.768561 -12.360497 -0.613040 -3.072870 -36.189185 9.385674 21.566556 -51.012977 -11.900600 -6.228095 50.336705 1.175966 3.376054 -11.976850 1.347309 -0.000000 -0.000000 0.000000
-11.934647 88.880274 -288.102793 1.117093 13.639579 -3.385647 0.513403 11.000228 0.281973 0.220380 4.889294 0.112505 0.220380 4.889291 0.112506 0.164282 3.667008 0.082562 -0.619583 13.469891 0.755405 -1.477596 -11.156410 1.679794 8.058787 11.471756 7.885834 12.682930 -29.004650 64.513689 20.694526 11.274472 1.064788 -6.353934 18.590197 -10.065700 -5.880286 10.322431 -7.800246 -18.897811 -28.642575 -68.479436 -11.496897 13.791835 -0.964219 10.307428 13.844158 6.336090 -18.688959 -30.749138 5.968734 -7.269349 68.601319 -7.634584 -4.147234 -10.151216 -0.504434 -2.782600 -35.210161 9.792362 21.605115 -50.433780 -11.776127 -6.255170 50.786664 1.392033 3.142433 -13.008856 1.178978 0.000000 0.000000 0.000000
-11.785554 89.070766 -286.863081 1.184598 13.727790 -3.493840 0.508086 10.988020 0.295307 0.217722 4.883882 0.118543 0.217722 4.883881 0.118544 0.162243 3.662953 0.087111 -0.637636 13.412642 0.747110 -1.509595 -11.262515 1.672550 8.106607 11.518488 7.938473 12.178725 -28.980865 64.795274 20.372077 11.434507 1.135772 -6.363174 19.348220 -9.763879 -5.897039 10.404847 -7.821276 -19.075233 -28.539054 -68.278642 -11.440047 13.760998 -1.067638 10.253031 14.166207 5.989640 -18.102216 -31.860437 5.594459 -8.432116 70.486644 -8.052173 -4.538036 -8.828702 -0.393101 -1.966790 -31.664876 9.754186 21.519042 -49.793775 -11.565129 -6.195529 51.064314 1.652034 2.933419 -13.971485 1.015642 0.000000 0.000000 0.000000
-11.657916 89.287617 -285.654135 1.192896 13.820077 -3.608198 0.516390 10.977775 0.319039 0.220840 4.879361 0.128855 0.220840 4.879361 0.128855 0.164499 3.659568 0.094816 -0.637889 13.356263 0.729681 -1.504175 -11.367554 1.640798 8.149816 11.562189 7.979749 11.787550 -28.942938 65.012995 20.052050 11.559360 1.200478 -6.332569 19.791988 -9.569672 -5.895028 10.461884 -7.843832 -19.199014 -28.443375 -68.095734 -11.443725 13.784713 -1.143639 10.185544 14.350595 5.726324 -17.754512 -32.919874 5.402900 -9.294262 71.925301 -8.406772 -4.692314 -8.103055 -0.402289 -1.125924 -27.674589 9.500344 21.454507 -49.110753 -11.333546 -6.205706 51.213577 1.867866 2.809325 -14.865117 0.853173 0.000000 -0.000000 0.000000
-11.551959 89.534025 -284.474742 1.118402 13.908446 -3.745589 0.549723 10.971308 0.357761 0.234672 4.876552 0.145201 0.234672 4.876552 0.145201 0.174737 3.657471 0.106958 -0.611677 13.312399 0.703044 -1.444597 -11.450056 1.580574 8.184458 11.587076 7.999841 11.604684 -28.857845 65.104526 19.689466 11.635778 1.267925 -6.230394 19.622089 -9.534286 -5.854180 10.461518 -7.872186 -19.227620 -28.366806 -67.955763 -11.471298 13.945677 -1.196074 10.109972 14.312391 5.580292 -17.835348 -33.851456 5.533140 -9.572611 72.742366 -8.611466 -4.378032 -8.092465 -0.640693 -0.376754 -23.503170 9.036085 21.488617 -48.377567 -11.118223 -6.386181 51.250420 2.002422 2.814367 -15.699216 0.684023 0.000000 0.000000 0.000000
-11.467457 89.806792 -283.326116 0.984557 14.000441 -3.889490 0.596748 10.966794 0.406821 0.254314 4.874646 0.165792 0.254315 4.874646 0.165791 0.189297 3.656055 0.122235 -0.567590 13.269400 0.667164 -1.347301 -11.531418 1.495477 8.214291 11.609067 8.008518 11.534485 -28.760920 65.131428 19.329769 11.676170 1.331993 -6.083454 19.135165 -9.594523 -5.794728 10.435779 -7.902164 -19.203360 -28.299042 -67.833326 -11.559577 14.160796 -1.220598 10.023311 14.135751 5.517586 -18.182113 -34.731331 5.878492 -9.417156 73.114313 -8.613608 -3.826254 -8.675606 -0.997108 0.310884 -18.874305 8.500936 21.546800 -47.601361 -10.884901 -6.637067 51.159666 2.094350 2.906292 -16.463351 0.509640 0.000000 0.000000 0.000000
-11.403730 90.099572 -282.215068 0.806113 14.119700 -4.011189 0.649061 10.953818 0.449879 0.276447 4.868983 0.183617 0.276447 4.868983 0.183617 0.205744 3.651822 0.135423 -0.517688 13.236503 0.634244 -1.239911 -11.593978 1.413344 8.225955 11.634429 8.013006 11.498840 -28.677119 65.167831 19.011391 11.632283 1.364963 -5.969178 18.762610 -9.653750 -5.741737 10.414360 -7.911576 -19.148530 -28.258521 -67.728896 -11.691061 14.271445 -1.237180 9.983897 13.877935 5.556812 -18.506934 -35.705785 6.275668 -9.161677 73.137077 -8.494246 -3.486847 -9.209277 -1.263273 0.779841 -15.113039 8.146317 21.546316 -46.821210 -10.592329 -6.816498 50.938851 2.167768 3.014557 -17.128116 0.340342 0.000000 0.000000 0.000000
-11.360689 90.417421 -281.150155 0.574684 14.279962 -4.098006 0.709841 10.926550 0.476339 0.302738 4.856956 0.193928 0.302737 4.856953 0.193928 0.225372 3.642810 0.142947 -0.462946 13.219810 0.613238 -1.127859 -11.626238 1.351484 8.211280 11.667750 8.016950 11.503645 -28.608317 65.237072 18.741113 11.422663 1.337210 -5.930236 18.684814 -9.698380 -5.705631 10.406736 -7.887004 -19.036999 -28.261627 -67.662210 -11.868415 14.215218 -1.257779 10.038857 13.544358 5.757452 -18.718110 -36.853961 6.696255 -8.892303 72.826213 -8.270207 -3.585981 -9.462716 -1.363021 0.994223 -13.180032 8.234891 21.427880 -46.046778 -10.206680 -6.834589 50.558811 2.243083 3.115167 -17.665968 0.175078 0.000000 0.000000 -0.000000
-11.338422 90.755284 -280.122819 0.298499 14.467511 -4.163329 0.775890 10.890900 0.496748 0.331523 4.841210 0.201460 0.331523 4.841206 0.201459 0.246895 3.631013 0.148372 -0.402418 13.213315 0.595128 -1.005825 -11.639524 1.292557 8.178360 11.704346 8.016739 11.543143 -28.552288 65.315648 18.513936 11.127305 1.280839 -5.927394 18.720938 -9.745985 -5.675841 10.403488 -7.841805 -18.894757 -28.291634 -67.614065 -12.087849 14.053927 -1.270280 10.138709 13.129394 6.058597 -18.913510 -38.096723 7.174966 -8.543216 72.165816 -7.947461 -3.902368 -9.673428 -1.379238 1.039113 -12.121461 8.377190 21.258562 -45.265796 -9.771680 -6.786759 50.048922 2.292855 3.230771 -18.104340 0.015416 -0.000000 0.000000 -0.000000
-11.336513 91.091649 -279.114201 0.017296 14.665027 -4.217361 0.829270 10.854090 0.526588 0.354489 4.824967 0.213477 0.354489 4.824967 0.213477 0.264021 3.618851 0.157209 -0.345302 13.208062 0.565217 -0.885411 -11.650522 1.212615 8.138244 11.736528 8.008725 11.522111 -28.527787 65.407516 18.348377 10.941063 1.257695 -5.920029 18.761383 -9.749837 -5.645975 10.405927 -7.793896 -18.822174 -28.317290 -67.526207 -12.321554 13.815582 -1.257934 10.198701 12.674595 6.298450 -19.077124 -39.348460 7.628738 -8.252314 71.203560 -7.624527 -4.230485 -9.906256 -1.330256 0.981201 -10.406100 7.735424 21.141851 -44.485194 -9.359157 -6.808706 49.494201 2.269781 3.359776 -18.496818 -0.122452 -0.000000 0.000000 -0.000000
-11.354908 91.426870 -278.121777 -0.258503 14.868525 -4.267149 0.861217 10.815846 0.572691 0.367597 4.808093 0.233204 0.367596 4.808095 0.233205 0.273696 3.606215 0.171905 -0.294459 13.206251 0.515081 -0.768578 -11.655179 1.096829 8.095778 11.764287 7.988718 11.375191 -28.560790 65.531018 18.251621 10.981070 1.301879 -5.897726 18.768808 -9.679313 -5.609561 10.417874 -7.751898 -18.876020 -28.323650 -67.363345 -12.552208 13.477678 -1.206711 10.176861 12.157426 6.405593 -19.157013 -40.599930 8.004444 -8.239515 69.914576 -7.450134 -4.531526 -10.199394 -1.209353 0.769525 -6.936474 5.462444 21.104224 -43.704077 -8.980439 -6.962087 48.902555 2.141689 3.513615 -18.846945 -0.228212 0.000000 -0.000000 0.000000
-11.393660 91.760592 -277.148070 -0.539289 15.082117 -4.305778 0.880686 10.776601 0.628459 0.374971 4.790775 0.257504 0.374969 4.790774 0.257506 0.279039 3.593241 0.190072 -0.247151 13.205710 0.453132 -0.653604 -11.657406 0.960069 8.046032 11.787399 7.960912 11.167558 -28.625567 65.668778 18.214091 11.131438 1.376504 -5.871660 18.781046 -9.565005 -5.573126 10.435642 -7.707262 -18.999201 -28.325400 -67.159971 -12.795547 13.062528 -1.128486 10.119844 11.600465 6.453285 -19.198596 -41.862204 8.348448 -8.283910 68.322893 -7.278719 -4.852442 -10.513781 -1.024797 0.362304 -2.869877 2.330052 21.115136 -42.924045 -8.620288 -7.178563 48.265070 1.949760 3.680145 -19.151115 -0.312088 0.000000 0.000000 0.000000
-11.452515 92.070245 -276.181793 -0.816376 15.300723 -4.322082 0.896342 10.744631 0.689213 0.380543 4.776703 0.284087 0.380543 4.776703 0.284087 0.283017 3.582707 0.209962 -0.204038 13.190919 0.390011 -0.546231 -11.685892 0.822919 7.985525 11.797872 7.934335 10.999957 -28.663830 65.770524 18.227725 11.238001 1.436075 -5.832568 18.801637 -9.450418 -5.549742 10.449214 -7.652100 -19.121503 -28.336161 -66.962137 -13.073951 12.665421 -1.045243 10.077773 11.113589 6.497076 -19.330777 -43.079943 8.727321 -7.920085 66.550177 -6.819752 -5.117269 -10.795713 -0.804558 0.000000 0.000000 0.000000 21.186196 -42.157515 -8.303942 -7.398123 47.641643 1.757735 3.822876 -19.452387 -0.388668 0.000000 -0.000000 0.000000
-11.528994 92.353033 -275.220869 -1.089396 15.524273 -4.308941 0.910688 10.724387 0.752072 0.385470 4.767850 0.311610 0.385472 4.767851 0.311609 0.286501 3.576088 0.230558 -0.167483 13.152750 0.329195 -0.452366 -11.757560 0.692939 7.906410 11.787230 7.910598 10.921512 -28.647031 65.810445 18.301605 11.238221 1.469176 -5.766403 18.841856 -9.343756 -5.549941 10.455791 -7.579650 -19.215568 -28.359657 -66.786127 -13.406436 12.295705 -0.962871 10.069754 10.738099 6.550522 -19.622236 -44.242267 9.174423 -6.985251 64.633642 -5.968983 -5.341106 -11.036550 -0.534559 -0.086634 0.753409 -0.600530 21.338937 -41.396319 -8.048367 -7.634920 47.029372 1.560809 3.938718 -19.757659 -0.453947 -0.000000 0.000000 -0.000000
-11.625576 92.611750 -274.267375 -1.358434 15.753186 -4.273427 0.921295 10.711451 0.819860 0.388616 4.762247 0.341386 0.388616 4.762245 0.341385 0.288629 3.571902 0.252857 -0.134803 13.100354 0.267300 -0.365386 -11.855490 0.562474 7.816872 11.763617 7.888436 10.882918 -28.604049 65.813498 18.427581 11.194772 1.489097 -5.687247 18.890296 -9.236340 -5.562880 10.458017 -7.496441 -19.308571 -28.392299 -66.615563 -13.773386 11.943302 -0.873719 10.076025 10.433028 6.599763 -20.011692 -45.357597 9.667730 -5.790652 62.530156 -4.970620 -5.519040 -11.244922 -0.224238 -0.036886 0.376314 -0.301500 21.545309 -40.648958 -7.831109 -7.875097 46.431047 1.362935 4.030572 -20.060275 -0.511382 0.000000 -0.000000 0.000000
-11.749438 92.832205 -273.316253 -1.615420 15.983122 -4.225484 0.929399 10.700757 0.896353 0.390453 4.757662 0.375067 0.390453 4.757662 0.375067 0.289746 3.568489 0.278093 -0.099033 13.045732 0.204650 -0.272086 -11.957443 0.429171 7.737416 11.744232 7.872442 10.837593 -28.562980 65.804859 18.572356 11.141035 1.487793 -5.627583 18.916422 -9.146518 -5.569534 10.453998 -7.414541 -19.412360 -28.437117 -66.447681 -14.140452 11.674365 -0.780875 10.086355 10.185155 6.658253 -20.434662 -46.398869 10.192556 -4.593459 60.243617 -4.068201 -5.542276 -11.392083 0.075239 0.000000 -0.000000 0.000000 21.742971 -39.952942 -7.618581 -8.023933 45.916473 1.231260 4.071327 -20.383146 -0.586479 0.000000 -0.000000 0.000000
-11.901789 93.013357 -272.370798 -1.875530 16.215869 -4.173202 0.940183 10.689423 0.983886 0.393226 4.752822 0.413574 0.393227 4.752823 0.413574 0.291528 3.564889 0.306938 -0.055558 12.994358 0.142373 -0.164128 -12.053246 0.293237 7.679290 11.739858 7.865739 10.781394 -28.531199 65.780011 18.732248 11.070894 1.460429 -5.600383 18.899609 -9.077866 -5.561258 10.441991 -7.337080 -19.532103 -28.500577 -66.280114 -14.489034 11.526448 -0.686625 10.094535 9.996579 6.733241 -20.928215 -47.364089 10.798399 -3.385155 57.747408 -3.312509 -5.304075 -11.426918 0.388495 0.000000 -0.000000 0.000000 21.904092 -39.322936 -7.389417 -8.026337 45.497801 1.197063 4.047561 -20.726133 -0.702263 0.000000 -0.000000 0.000000
-12.081421 93.156247 -271.427715 -2.123447 16.449753 -4.108389 0.948587 10.680393 1.080142 0.394742 4.749016 0.455990 0.394742 4.749016 0.455991 0.292337 3.562060 0.338724 -0.008941 12.940970 0.079241 -0.049687 -12.152627 0.154223 7.631094 11.739969 7.864997 10.718380 -28.501853 65.743631 18.911758 10.990775 1.412335 -5.592271 18.860304 -9.027270 -5.546606 10.423809 -7.261018 -19.662652 -28.576589 -66.114757 -14.838752 11.461758 -0.589469 10.106255 9.865240 6.817242 -21.454830 -48.253863 11.435569 -2.162975 55.069324 -2.646916 -4.921936 -11.400335 0.725477 0.000000 0.000000 0.000000 22.056053 -38.744199 -7.164468 -7.944203 45.164101 1.219251 3.972753 -21.089960 -0.834541 0.000000 0.000000 0.000000
-12.291882 93.249807 -270.472065 -2.305229 16.675151 -4.016085 0.940456 10.677188 1.182006 0.388800 4.747778 0.501255 0.388800 4.747778 0.501255 0.287531 3.561157 0.372699 0.033915 12.881457 0.012006 0.059488 -12.263204 0.008787 7.579320 11.729911 7.865015 10.614735 -28.481967 65.734855 19.089344 10.952641 1.350202 -5.595953 18.829638 -9.003303 -5.532531 10.402899 -7.189281 -19.800632 -28.649478 -65.955275 -15.212982 11.433593 -0.487560 10.129155 9.771686 6.901592 -21.821528 -49.050518 11.920977 -1.131333 52.299495 -2.098554 -4.608738 -11.434807 0.998780 0.000000 -0.000000 0.000000 22.219620 -38.210567 -6.973114 -7.859981 44.950815 1.254897 3.860509 -21.498825 -0.938036 0.000000 -0.000000 0.000000
-12.531235 93.290369 -269.503496 -2.399372 16.896900 -3.891177 0.908824 10.677950 1.291748 0.372268 4.748254 0.550542 0.372270 4.748259 0.550543 0.274757 3.561538 0.409773 0.072921 12.812683 -0.062259 0.164480 -12.390792 -0.148632 7.510313 11.697097 7.857965 10.443392 -28.478279 65.779286 19.255110 10.998967 1.271703 -5.611476 18.825379 -9.011393 -5.520865 10.371751 -7.120521 -19.949647 -28.707521 -65.805713 -15.618149 11.442599 -0.377430 10.173649 9.722187 6.986327 -21.941785 -49.735204 12.160046 -0.347600 49.340196 -1.649470 -4.391399 -11.583859 1.129024 -0.000000 -0.000000 0.000000 22.396810 -37.723905 -6.829237 -7.801612 44.858926 1.289637 3.710105 -21.971783 -0.974776 0.000000 0.000000 0.000000
-12.801416 93.281601 -268.522360 -2.426790 17.109967 -3.737733 0.860689 10.684128 1.407285 0.348282 4.751079 0.602761 0.348283 4.751084 0.602764 0.256369 3.563665 0.449103 0.108334 12.737820 -0.140659 0.264629 -12.529497 -0.312675 7.438097 11.653900 7.851817 10.231735 -28.484528 65.851427 19.418582 11.087327 1.179291 -5.638333 18.829746 -9.046135 -5.509716 10.337754 -7.056102 -20.106394 -28.762844 -65.661926 -16.048202 11.487776 -0.262457 10.228438 9.710924 7.070944 -21.874929 -50.332398 12.217045 0.268606 46.290245 -1.304722 -4.221170 -11.791893 1.177474 -0.000000 -0.000000 0.000000 22.582074 -37.282915 -6.714845 -7.741642 44.887231 1.338965 3.522742 -22.490213 -0.981760 0.000000 0.000000 0.000000
-13.111781 93.223441 -267.514769 -2.397110 17.289823 -3.554248 0.802635 10.704051 1.518937 0.319939 4.759942 0.653453 0.319939 4.759942 0.653453 0.234717 3.570304 0.487311 0.133746 12.662010 -0.217630 0.345419 -12.669828 -0.470080 7.390576 11.623335 7.864957 10.027664 -28.488132 65.913748 19.587115 11.142298 1.086461 -5.668317 18.820630 -9.099633 -5.500823 10.326616 -7.002997 -20.257047 -28.835331 -65.515555 -16.507427 11.519883 -0.150832 10.268800 9.700101 7.146357 -21.638280 -50.891958 12.137557 0.749872 43.535965 -1.097445 -4.190576 -12.017763 1.237434 0.000000 -0.000000 0.000000 22.783922 -36.876910 -6.610216 -7.678065 45.067502 1.407955 3.315016 -23.021589 -1.026746 0.000000 0.000000 0.000000
-13.460269 93.114867 -266.482115 -2.310254 17.441102 -3.338957 0.731947 10.740602 1.626220 0.286040 4.776123 0.702474 0.286041 4.776124 0.702472 0.208906 3.582428 0.524308 0.146820 12.581184 -0.292612 0.402164 -12.819418 -0.618795 7.381190 11.613318 7.901107 9.848762 -28.482966 65.950055 19.781632 11.119002 0.988984 -5.698795 18.791240 -9.172976 -5.490968 10.357128 -6.963944 -20.387483 -28.951855 -65.364655 -17.015014 11.537546 -0.052395 10.286248 9.682064 7.212554 -21.139670 -51.452764 11.858990 1.144294 41.118312 -0.992505 -4.449049 -12.416339 1.325698 -0.000000 -0.000000 -0.000000 23.038775 -36.514423 -6.529797 -7.623272 45.414114 1.490372 3.080631 -23.577841 -1.129996 -0.000000 -0.000000 0.000000
-13.848940 92.956900 -265.423006 -2.166244 17.558512 -3.093227 0.651026 10.790512 1.729623 0.247639 4.798170 0.750005 0.247643 4.798175 0.750006 0.179726 3.598945 0.560227 0.149936 12.499202 -0.366111 0.439555 -12.971137 -0.760714 7.396228 11.616486 7.956261 9.677250 -28.475252 65.976731 19.981920 11.062923 0.890909 -5.731746 18.748445 -9.264986 -5.484075 10.410464 -6.936152 -20.511455 -29.085466 -65.211476 -17.552147 11.541497 0.042217 10.289016 9.664069 7.269928 -20.455136 -51.971367 11.426440 1.442413 38.999291 -0.997066 -4.843337 -12.832806 1.398375 -0.000000 0.000000 -0.000000 23.308778 -36.186835 -6.456886 -7.564372 45.912121 1.597449 2.825379 -24.147158 -1.270473 0.000000 0.000000 0.000000
-14.293328 92.752537 -264.319372 -1.975428 17.602622 -2.820760 0.573823 10.853003 1.820706 0.211089 4.825763 0.791980 0.211089 4.825763 0.791980 0.151956 3.619603 0.591963 0.143515 12.432996 -0.434105 0.456508 -13.093608 -0.888160 7.422608 11.633025 8.037133 9.507988 -28.470663 66.004987 20.132914 11.033680 0.817351 -5.766005 18.690611 -9.364297 -5.492580 10.455786 -6.918212 -20.657326 -29.175216 -65.053840 -18.065459 11.486350 0.153724 10.277922 9.630280 7.310436 -19.869948 -52.377373 11.064859 1.618643 37.448744 -1.169191 -5.023798 -12.763969 1.482396 -0.000000 0.000000 -0.000000 23.492349 -35.858504 -6.326206 -7.460777 46.549338 1.761023 2.583657 -24.661380 -1.454401 0.000000 -0.000000 0.000000
-14.803149 92.493798 -263.173911 -1.722052 17.564425 -2.514336 0.501332 10.931560 1.896476 0.176890 4.860466 0.827053 0.176885 4.860459 0.827050 0.125990 3.645587 0.618503 0.124223 12.380622 -0.495287 0.446028 -13.190531 -0.997163 7.451488 11.672173 8.147084 9.330832 -28.484745 66.041190 20.235801 11.059637 0.773859 -5.801513 18.605919 -9.465715 -5.536122 10.506713 -6.903683 -20.895299 -29.211268 -64.845382 -18.543377 11.314594 0.299908 10.248203 9.554222 7.326778 -19.377077 -52.675721 10.775679 1.522099 36.534954 -1.593236 -4.778966 -11.860950 1.617414 0.000000 -0.000000 0.000000 23.541331 -35.535860 -6.118997 -7.277268 47.342800 2.006332 2.346082 -25.134609 -1.695760 -0.001513 0.347787 0.166118
-15.368687 92.188663 -261.983925 -1.423355 17.451865 -2.182461 0.432018 11.022598 1.959842 0.144329 4.900705 0.856572 0.144326 4.900702 0.856570 0.101294 3.675735 0.640874 0.095121 12.343906 -0.550915 0.414394 -13.258515 -1.091329 7.491603 11.724185 8.283019 9.156136 -28.501751 66.078881 20.287860 11.111492 0.753686 -5.838087 18.506138 -9.574354 -5.595007 10.549340 -6.898813 -21.155848 -29.203523 -64.632292 -18.996557 11.084942 0.463615 10.205108 9.461811 7.326610 -18.996800 -52.863939 10.572270 1.321550 36.188993 -2.148712 -4.319974 -10.476014 1.805100 -0.000000 -0.000000 -0.000000 23.505066 -35.213852 -5.855335 -7.044472 48.274858 2.316796 2.119684 -25.553068 -1.978929 -0.001715 0.695141 0.333146
-15.976325 91.864064 -260.723255 -1.139748 17.251612 -1.852945 0.375967 11.115036 2.010981 0.117903 4.941599 0.880384 0.117903 4.941599 0.880384 0.081238 3.706378 0.658922 0.065965 12.345505 -0.600712 0.379803 -13.255398 -1.173996 7.556151 11.760643 8.441882 9.009305 -28.480029 66.109646 20.227458 11.160987 0.762785 -5.874927 18.424896 -9.694259 -5.622011 10.511908 -6.921779 -21.258784 -29.121031 -64.552197 -19.406190 10.926540 0.610164 10.163734 9.416018 7.323767 -19.073991 -52.869909 10.716864 1.461318 36.479177 -2.581267 -3.934567 -9.156986 2.016330 0.000000 -0.000000 0.000000 23.429037 -34.839999 -5.529092 -6.821954 49.281435 2.657794 1.961797 -25.806167 -2.266586 0.000000 0.000000 0.000000
-16.641819 91.520438 -259.357246 -0.884877 16.925420 -1.529680 0.341192 11.213005 2.045811 0.101227 4.985014 0.896467 0.101222 4.985013 0.896463 0.068536 3.738917 0.671093 0.036509 12.406252 -0.641722 0.340244 -13.142530 -1.239196 7.668048 11.742496 8.644256 8.834840 -28.357338 66.158900 20.049778 11.216565 0.821467 -5.909720 18.354280 -9.864841 -5.582178 10.286511 -6.998692 -21.127189 -28.870811 -64.654176 -19.766270 10.872442 0.707707 10.114597 9.467738 7.298414 -20.023712 -52.592211 11.550614 2.270954 37.653323 -2.823717 -3.686410 -7.942740 2.285578 0.000000 0.000000 0.000000 23.351389 -34.322812 -5.115910 -6.651368 50.325128 3.035993 1.875325 -26.046955 -2.603698 0.029730 -2.390433 -1.239036
-17.349414 91.157348 -257.920553 -0.647162 16.511901 -1.210455 0.319541 11.312759 2.068402 0.090636 5.029268 0.906829 0.090629 5.029267 0.906824 0.060444 3.772093 0.678930 0.006679 12.505292 -0.676449 0.296847 -12.958616 -1.291890 7.803550 11.707995 8.869347 8.687167 -28.195590 66.201443 19.759474 11.267242 0.908935 -5.945356 18.302047 -10.046605 -5.508641 9.982338 -7.105248 -20.842182 -28.542600 -64.883471 -20.085759 10.889114 0.782290 10.065575 9.565996 7.269222 -21.411149 -52.123180 12.704326 3.396525 39.472138 -2.942991 -3.502427 -6.793347 2.561293 -0.000000 -0.000000 -0.000000 23.235383 -33.753736 -4.641738 -6.489837 51.442153 3.447085 1.851568 -26.120496 -2.945592 0.156297 -5.814122 -3.000856
-18.038232 90.800424 -256.490984 -0.447775 16.113975 -0.912516 0.297036 11.391422 2.090813 0.079777 5.064144 0.917184 0.079777 5.064144 0.917184 0.052176 3.798238 0.686777 -0.013485 12.602842 -0.712950 0.272583 -12.777349 -1.352032 7.906450 11.745891 9.052644 8.757071 -28.137491 66.153447 19.310389 11.254376 0.970377 -5.990395 18.324920 -10.125494 -5.457893 9.852666 -7.182091 -20.456863 -28.379329 -65.228330 -20.369919 11.006281 0.884213 10.057636 9.622005 7.308398 -22.338900 -51.702541 13.413726 4.274978 41.268482 -2.882873 -3.486768 -6.132053 2.667274 -0.000000 -0.000000 0.000000 23.013935 -33.353342 -4.177603 -6.276014 52.681227 3.831670 1.918218 -25.453366 -3.115373 0.376620 -9.340919 -4.607548
-18.682194 90.432515 -255.087277 -0.282287 15.762624 -0.628416 0.262186 11.441441 2.116934 0.063493 5.086234 0.929527 0.063497 5.086234 0.929529 0.039840 3.814782 0.696160 -0.019598 12.687020 -0.760737 0.279865 -12.620633 -1.439614 7.949651 11.934416 9.165769 9.233702 -28.269484 65.920051 18.599270 11.092442 0.983902 -6.024602 18.423234 -10.042192 -5.472291 10.072079 -7.192222 -19.911136 -28.557905 -65.751813 -20.626234 11.269847 1.048217 10.130807 9.529678 7.486552 -22.312323 -51.488890 13.237339 4.667316 42.840087 -2.512193 -3.821286 -6.171149 2.484788 0.000000 0.000000 -0.000000 22.695970 -33.165239 -3.760109 -6.126401 54.072758 4.070692 2.038248 -23.780980 -3.065833 0.613458 -12.582868 -5.645478
-19.307380 90.070772 -253.690694 -0.154045 15.427549 -0.364360 0.226718 11.470362 2.142521 0.047035 5.098938 0.941674 0.047036 5.098938 0.941672 0.027379 3.824286 0.705392 -0.015954 12.769833 -0.810362 0.306370 -12.466286 -1.534670 7.960324 12.196459 9.237926 9.933288 -28.497639 65.591136 17.733028 10.862257 0.979353 -6.069036 18.596871 -9.856497 -5.512735 10.464757 -7.170389 -19.254450 -28.894717 -66.406379 -20.848754 11.635457 1.238452 10.244568 9.395636 7.733936 -21.854155 -51.330818 12.652978 4.853123 44.377270 -1.940781 -4.340540 -6.699875 2.143207 -0.000000 0.000000 0.000000 22.271151 -33.143770 -3.354123 -5.938651 55.589431 4.266840 2.243662 -21.366765 -2.843428 0.904037 -15.930774 -6.542313
-19.931152 89.792277 -252.322833 -0.094107 15.120276 -0.156511 0.211619 11.477977 2.167387 0.039702 5.102263 0.953035 0.039702 5.102263 0.953035 0.021782 3.826770 0.713971 -0.005475 12.847248 -0.841748 0.338250 -12.322040 -1.597831 7.964805 12.388636 9.290911 10.483779 -28.699837 65.365668 16.977303 10.758736 0.971426 -6.195136 18.900810 -9.633156 -5.513813 10.758023 -7.163175 -18.707445 -29.098986 -67.009842 -21.021092 11.998102 1.401843 10.320895 9.450862 7.913260 -21.630069 -51.029581 12.316989 5.034017 45.799119 -1.496455 -4.635270 -7.499631 1.823316 0.000000 0.000000 0.000000 21.640801 -33.373404 -2.921687 -5.286381 57.195730 4.728916 2.667308 -18.429517 -2.398429 1.369363 -19.614079 -7.909754
-20.576739 89.633903 -250.987441 -0.122198 14.843151 -0.033949 0.230417 11.454619 2.196868 0.047397 5.091985 0.965644 0.047399 5.091988 0.965650 0.027463 3.819079 0.723368 0.010269 12.928885 -0.842016 0.367122 -12.170219 -1.603902 7.974827 12.447176 9.328967 10.690366 -28.840276 65.376200 16.397384 10.897475 0.945405 -6.473874 19.466175 -9.333516 -5.432689 10.828484 -7.190225 -18.439507 -29.025227 -67.459182 -21.092242 12.279236 1.537845 10.329691 9.780227 7.976004 -21.955993 -50.492170 12.542466 5.227160 47.113693 -1.374220 -4.485872 -8.601919 1.563150 0.000000 -0.000000 0.000000 20.654772 -33.976206 -2.409001 -3.795983 58.967517 5.777599 3.449464 -14.586879 -1.696942 2.196363 -24.107875 -10.194439
-21.220911 89.558776 -249.680770 -0.216983 14.594499 0.033951 0.269834 11.410234 2.226013 0.064322 5.072462 0.977616 0.064324 5.072465 0.977621 0.040079 3.804466 0.732204 0.032735 13.004946 -0.824091 0.401317 -12.028863 -1.578227 7.979291 12.436058 9.346986 10.742547 -28.961810 65.495028 15.923387 11.167788 0.907438 -6.831262 20.162039 -8.996536 -5.310162 10.800341 -7.231906 -18.288856 -28.826749 -67.846515 -21.110950 12.557942 1.649798 10.300441 10.298685 7.969701 -22.496447 -49.812604 12.992154 5.372127 48.315575 -1.423120 -4.099680 -9.968672 1.293728 0.000000 0.000000 0.000000 19.442224 -34.821239 -1.844242 -1.682222 60.815549 7.254381 4.481496 -10.230933 -0.709256 3.424252 -28.843227 -13.208794
-21.811354 89.533359 -248.413178 -0.348009 14.379911 0.100509 0.310745 11.374098 2.239270 0.082265 5.056599 0.982518 0.082265 5.056599 0.982518 0.053510 3.792593 0.735727 0.063706 13.042236 -0.806741 0.452449 -11.959382 -1.557590 7.970701 12.403395 9.352625 10.841777 -29.065796 65.536828 15.616319 11.429426 0.897675 -7.124864 20.648049 -8.800497 -5.205275 10.772480 -7.276060 -17.986711 -28.663169 -68.268984 -21.210851 12.965232 1.689615 10.245038 10.982697 7.900756 -22.949957 -49.085907 13.354234 5.544791 49.307827 -1.456602 -3.711739 -11.271912 1.027482 0.000000 -0.000000 0.000000 18.336052 -35.618900 -1.326457 0.563850 62.462884 8.713491 5.555437 -6.751642 0.570081 4.831875 -32.506630 -16.469331
-22.324135 89.548755 -247.188907 -0.540652 14.194336 0.182925 0.358997 11.362066 2.227948 0.103939 5.051464 0.976339 0.103939 5.051458 0.976336 0.069815 3.788768 0.730914 0.106733 13.014527 -0.797271 0.530644 -12.010335 -1.557650 7.941755 12.353735 9.349216 11.083482 -29.144598 65.404084 15.507261 11.659018 0.950679 -7.304283 20.785979 -8.818874 -5.143995 10.769568 -7.323767 -17.328418 -28.596379 -68.806528 -21.489795 13.623865 1.609924 10.159624 11.971468 7.735227 -23.241983 -48.330667 13.556758 5.850592 50.049010 -1.375199 -3.412221 -12.413995 0.777137 0.000000 -0.000000 -0.000000 17.387444 -36.260298 -0.838729 2.823247 63.890563 9.924542 6.722303 -4.716267 2.337080 6.285106 -34.679797 -19.927354
-22.783186 89.613861 -246.003716 -0.769404 14.043029 0.264219 0.408897 11.358256 2.200715 0.126693 5.049986 0.963077 0.126693 5.049981 0.963075 0.086983 3.787693 0.720787 0.158627 12.948128 -0.788501 0.626577 -12.132983 -1.563231 7.900033 12.282469 9.333409 11.374101 -29.204499 65.194447 15.567317 11.881097 1.034538 -7.423279 20.714731 -8.977652 -5.100649 10.766513 -7.374473 -16.518026 -28.557867 -69.378845 -21.854274 14.409405 1.451244 10.041593 13.124668 7.501218 -23.454622 -47.530518 13.678945 6.198111 50.580783 -1.266057 -3.113426 -13.493507 0.535923 -0.000000 -0.000000 0.000000 16.555741 -36.859754 -0.407706 5.177105 65.118976 11.078578 7.961937 -3.605634 4.336545 7.653874 -35.790610 -23.351104
-23.207977 89.721831 -244.855242 -0.928007 13.946874 0.345511 0.424019 11.344182 2.167758 0.134260 5.043783 0.948160 0.134260 5.043783 0.948160 0.092787 3.783057 0.709550 0.211088 12.888657 -0.777508 0.722634 -12.242765 -1.564821 7.860084 12.223963 9.302943 11.633196 -29.267889 65.014767 15.767776 12.027245 1.090227 -7.499033 20.508595 -9.233193 -5.057760 10.787212 -7.413673 -15.899305 -28.515054 -69.843400 -22.147430 15.083716 1.302481 9.913222 14.000530 7.304011 -23.545025 -46.733542 13.662389 6.387758 50.932096 -1.201518 -2.790948 -14.479191 0.301904 0.000000 0.000000 0.000000 16.061185 -37.476343 -0.225841 7.272645 65.945758 12.194991 8.906623 -3.133887 5.843880 8.462370 -35.953829 -25.688609
-23.598623 89.877259 -243.741926 -0.982190 13.915487 0.430556 0.380622 11.312820 2.131480 0.116109 5.029621 0.933240 0.116107 5.029625 0.933243 0.079325 3.772409 0.698526 0.268376 12.851279 -0.765677 0.827220 -12.311432 -1.566580 7.831640 12.187086 9.253926 11.843257 -29.338453 64.895811 16.110870 12.073707 1.080640 -7.519000 20.166941 -9.582257 -5.003001 10.842652 -7.442051 -15.612142 -28.457865 -70.147953 -22.297164 15.573867 1.195900 9.778360 14.361344 7.216502 -23.468485 -45.957527 13.454244 6.309756 51.097729 -1.211886 -2.405876 -15.359195 0.073760 0.000000 0.000000 0.000000 16.132959 -38.098094 -0.461249 8.910913 66.257349 13.299289 9.265905 -3.398283 6.479706 8.346892 -35.000121 -26.272487
-23.955008 90.075550 -242.665326 -0.966116 13.938914 0.515044 0.302422 11.270998 2.089397 0.082753 5.010651 0.916610 0.082750 5.010654 0.916613 0.054489 3.758127 0.686344 0.326114 12.820769 -0.751639 0.931675 -12.367347 -1.564285 7.804919 12.162886 9.190329 12.021098 -29.413560 64.806410 16.593376 12.044514 1.040656 -7.495064 19.693587 -10.032531 -4.948926 10.921726 -7.459097 -15.516545 -28.404659 -70.346990 -22.370378 15.954558 1.106438 9.641854 14.446367 7.173325 -23.286573 -45.184121 13.126942 6.080810 51.082673 -1.255530 -1.999102 -16.145490 -0.146377 -0.000000 0.000000 -0.000000 16.566719 -38.739332 -0.971464 10.120794 66.174497 14.192855 9.258245 -4.241672 6.601323 7.639596 -33.213708 -25.701918
-24.296261 90.296079 -241.627755 -0.876210 14.008471 0.587765 0.224130 11.221141 2.044295 0.049464 4.988119 0.898635 0.049464 4.988119 0.898635 0.029723 3.741171 0.673145 0.362831 12.797049 -0.728442 0.992274 -12.411140 -1.535787 7.764954 12.159160 9.121494 12.137116 -29.507076 64.759956 17.177109 11.942946 1.017519 -7.479122 19.168709 -10.554577 -4.915318 11.015256 -7.448375 -15.536768 -28.370495 -70.458012 -22.414772 16.210819 1.042948 9.533421 14.529713 7.076270 -23.114357 -44.407696 12.810481 5.838516 50.931210 -1.298756 -1.667024 -16.842974 -0.353269 0.000000 -0.000000 0.000000 16.929753 -39.504771 -1.479833 10.888098 65.854317 14.554619 9.278322 -4.967003 6.617944 6.914936 -31.434419 -24.834573
-24.632386 90.537936 -240.635497 -0.695428 14.129843 0.642878 0.154167 11.157678 1.998597 0.019921 4.959589 0.880190 0.019924 4.959586 0.880186 0.007777 3.719726 0.659562 0.366462 12.783072 -0.690449 0.983648 -12.437628 -1.465270 7.700975 12.191465 9.048589 12.140261 -29.641756 64.793440 17.872231 11.757097 1.029830 -7.503134 18.584021 -11.196408 -4.916325 11.132488 -7.393915 -15.691891 -28.355054 -70.460646 -22.433699 16.293234 1.012431 9.466655 14.700771 6.860014 -22.966071 -43.625176 12.534467 5.588241 50.632673 -1.347203 -1.443012 -17.445834 -0.542570 -0.000000 0.000000 -0.000000 17.057219 -40.471793 -1.890433 11.083768 65.361739 14.148637 9.473907 -5.295919 6.678399 6.400201 -30.114635 -23.912425
-24.953378 90.802030 -239.682266 -0.440534 14.297181 0.687008 0.083913 11.086488 1.949772 -0.009667 4.927641 0.860362 -0.009665 4.927637 0.860359 -0.014196 3.695720 0.644947 0.349050 12.775902 -0.643402 0.931119 -12.451919 -1.368676 7.623652 12.244557 8.970400 12.080561 -29.794582 64.870291 18.666922 11.496447 1.055104 -7.529539 17.951258 -11.910585 -4.937121 11.264236 -7.311552 -15.962631 -28.357895 -70.374903 -22.424439 16.251052 1.008026 9.427121 14.869546 6.588930 -22.827155 -42.838967 12.272157 5.327693 50.197481 -1.391698 -1.296825 -17.961086 -0.712318 0.000000 0.000000 0.000000 17.115724 -41.564915 -2.301268 10.891025 64.638996 13.258483 9.705218 -5.510802 6.645900 5.867772 -28.808951 -22.686216
-25.248342 91.070457 -238.751524 -0.158755 14.484575 0.727525 0.022509 11.027260 1.893120 -0.035226 4.901067 0.836829 -0.035226 4.901067 0.836829 -0.033129 3.675760 0.627521 0.325268 12.766580 -0.597435 0.866937 -12.470221 -1.271507 7.550055 12.280143 8.892735 12.080996 -29.911343 64.892394 19.489921 11.196522 1.077284 -7.512393 17.376954 -12.522899 -4.954127 11.373595 -7.232398 -16.215901 -28.393352 -70.278714 -22.425838 16.217428 1.017072 9.402384 15.040453 6.357231 -22.760536 -42.053486 12.059621 5.175232 49.701712 -1.387368 -1.229693 -18.413184 -0.859252 0.000000 0.000000 0.000000 17.158287 -42.666343 -2.713704 10.795670 63.661460 12.377250 9.937047 -5.769600 6.507880 5.152424 -27.013190 -21.219085
-25.511342 91.347702 -237.842260 0.136569 14.688342 0.773670 -0.026642 10.989055 1.822525 -0.055130 4.883897 0.806802 -0.055130 4.883900 0.806802 -0.047784 3.662862 0.605176 0.297513 12.750916 -0.554747 0.796622 -12.500240 -1.178982 7.485822 12.279069 8.820022 12.207133 -29.959540 64.806332 20.337273 10.829871 1.090847 -7.429689 16.873593 -12.985164 -4.961091 11.443876 -7.169673 -16.403389 -28.478586 -70.192507 -22.448087 16.242075 1.030766 9.391330 15.250811 6.187415 -22.806012 -41.263419 11.917487 5.226515 49.142623 -1.300544 -1.276625 -18.787199 -0.971959 -0.000000 0.000000 -0.000000 17.159189 -43.744787 -3.108710 11.062989 62.373783 11.712263 10.193534 -6.143233 6.232942 4.331519 -24.715540 -19.905672
-25.748314 91.629280 -236.955484 0.458955 14.912127 0.816746 -0.067125 10.963024 1.744113 -0.071073 4.872180 0.773093 -0.071073 4.872182 0.773093 -0.059448 3.654054 0.580037 0.263443 12.733191 -0.513041 0.714694 -12.534079 -1.085688 7.424975 12.260668 8.747984 12.394025 -29.972166 64.664212 21.211089 10.424059 1.092648 -7.311072 16.424756 -13.346808 -4.964379 11.491636 -7.110094 -16.574251 -28.596494 -70.095811 -22.480815 16.275442 1.057840 9.396142 15.463432 6.057163 -22.917980 -40.474743 11.820235 5.376091 48.522924 -1.178881 -1.404216 -19.098443 -1.058580 0.000000 0.000000 0.000000 17.142811 -44.831868 -3.504096 11.417568 60.832292 11.047674 10.459275 -6.557803 5.850769 3.427753 -21.915690 -18.381564
-25.966170 91.883825 -236.077679 0.801184 15.141202 0.836668 -0.100147 10.941862 1.671581 -0.083883 4.862669 0.741801 -0.083883 4.862669 0.741801 -0.068790 3.646906 0.556685 0.230563 12.717025 -0.475762 0.636814 -12.564880 -1.001254 7.367108 12.244237 8.669337 12.569733 -29.993984 64.525243 22.050924 10.098468 1.074632 -7.194288 16.089240 -13.578108 -4.959722 11.529648 -7.045108 -16.741349 -28.711021 -70.005739 -22.531415 16.302054 1.112122 9.409621 15.571186 5.993749 -23.030206 -39.709210 11.732851 5.443163 47.927323 -1.095332 -1.510185 -19.416522 -1.146999 -0.000000 0.000000 -0.000000 17.240642 -45.902624 -3.961629 11.511222 59.184893 10.219935 10.635326 -6.950413 5.433865 2.326229 -18.114469 -15.653217
-26.167960 92.106631 -235.209988 1.163169 15.377368 0.827234 -0.123789 10.922411 1.609287 -0.092799 4.853961 0.714811 -0.092798 4.853963 0.714811 -0.075246 3.640371 0.536526 0.199679 12.706607 -0.447675 0.566466 -12.584828 -0.935053 7.310688 12.240250 8.576103 12.708525 -30.043175 64.419656 22.847206 9.902913 1.023499 -7.085516 15.900683 -13.629244 -4.941495 11.560641 -6.964681 -16.909903 -28.814426 -69.931485 -22.600358 16.322136 1.203946 9.429464 15.513210 6.020464 -23.110252 -38.978429 11.637707 5.336522 47.366379 -1.082170 -1.542275 -19.747011 -1.254079 0.000000 -0.000000 -0.000000 17.557367 -46.951459 -4.539238 11.203206 57.460047 9.139280 10.708399 -7.288200 4.998424 0.986413 -12.109979 -10.507087
-26.350636 92.302404 -234.351269 1.544783 15.619275 0.794929 -0.139951 10.907799 1.552819 -0.098562 4.847429 0.690217 -0.098561 4.847431 0.690216 -0.079362 3.635469 0.518135 0.169991 12.697755 -0.424006 0.500200 -12.601765 -0.877727 7.257104 12.238376 8.476255 12.835931 -30.101595 64.317086 23.610655 9.788394 0.956637 -6.977349 15.819961 -13.545502 -4.915354 11.581535 -6.878954 -17.074587 -28.914366 -69.864131 -22.687861 16.335774 1.322473 9.456773 15.350661 6.114349 -23.189586 -38.270564 11.552949 5.154117 46.829709 -1.096864 -1.552622 -20.084344 -1.363679 -0.000000 0.000000 -0.000000 18.002608 -47.979188 -5.198106 10.689841 55.629475 7.940952 10.700083 -7.598227 4.521089 0.137932 -5.043695 -4.370698
-26.511962 92.453897 -233.484567 1.938503 15.847681 0.738254 -0.155413 10.900027 1.502763 -0.104198 4.843939 0.668443 -0.104198 4.843939 0.668443 -0.083411 3.632845 0.501861 0.146509 12.681398 -0.394032 0.443166 -12.632596 -0.811031 7.210516 12.226556 8.386368 12.956807 -30.159352 64.186278 24.312929 9.725126 0.917769 -6.886602 15.798108 -13.438539 -4.893973 11.596594 -6.809585 -17.231828 -28.997828 -69.793646 -22.801071 16.327437 1.449724 9.489423 15.159476 6.233432 -23.298430 -37.572148 11.497781 5.002217 46.370891 -1.095461 -1.595339 -20.481385 -1.454691 0.000000 0.000000 -0.000000 18.411232 -48.971630 -5.850974 10.128866 53.756089 6.801789 10.561392 -7.905648 4.009914 0.000000 -0.000000 0.000000
-26.652340 92.556575 -232.607525 2.352857 16.059099 0.652647 -0.175572 10.899879 1.462007 -0.112156 4.843819 0.650890 -0.112157 4.843815 0.650890 -0.089238 3.632744 0.488768 0.133350 12.653978 -0.353171 0.401297 -12.683925 -0.727972 7.169867 12.196467 8.311406 13.073473 -30.209315 64.003010 24.961073 9.726305 0.944585 -6.827860 15.838208 -13.337456 -4.880651 11.610698 -6.763852 -17.388925 -29.054349 -69.714932 -22.964231 16.279091 1.593485 9.538114 14.952788 6.376543 -23.468498 -36.870437 11.492339 4.935478 45.993095 -1.060189 -1.699628 -20.953777 -1.511708 -0.000000 -0.000000 0.000000 18.776840 -49.933536 -6.507497 9.561663 51.839163 5.787110 10.253511 -8.208692 3.430481 0.025201 1.336389 1.146386
-26.771368 92.614973 -231.722501 2.779028 16.257608 0.542456 -0.194841 10.906499 1.427815 -0.119891 4.846714 0.636215 -0.119891 4.846709 0.636214 -0.094920 3.634909 0.477828 0.126216 12.618858 -0.306184 0.368345 -12.749509 -0.635775 7.136099 12.156299 8.246226 13.182894 -30.257845 63.792049 25.550361 9.776979 1.002362 -6.783582 15.937697 -13.210690 -4.872388 11.619254 -6.734514 -17.538153 -29.094355 -69.633226 -23.154158 16.209555 1.745226 9.590846 14.717666 6.545106 -23.664532 -36.178118 11.514086 4.896521 45.693105 -1.012896 -1.837400 -21.485701 -1.548496 0.000000 -0.000000 -0.000000 19.099172 -50.861182 -7.151880 8.933266 49.878648 4.822428 9.827073 -8.504208 2.800737 0.008326 0.668752 0.572514
-26.865610 92.625448 -230.819620 3.183448 16.435137 0.419045 -0.203516 10.919406 1.392330 -0.122930 4.852447 0.620723 -0.122930 4.852447 0.620723 -0.097081 3.639215 0.466242 0.117426 12.577357 -0.256390 0.331038 -12.826926 -0.537519 7.116552 12.118565 8.192158 13.282119 -30.315357 63.595616 26.033751 9.806043 1.026493 -6.725665 16.041098 -13.081215 -4.872641 11.612640 -6.721437 -17.653497 -29.136612 -69.554046 -23.305885 16.157842 1.863060 9.612809 14.490881 6.700858 -23.817527 -35.520152 11.518403 4.822358 45.514998 -0.970964 -1.977109 -22.082846 -1.587202 0.000000 0.000000 0.000000 19.201195 -51.734230 -7.633940 8.244810 47.936122 3.870501 9.359394 -8.819647 2.211485 0.000000 0.000000 0.000000
-26.936466 92.583898 -229.904065 3.562051 16.597611 0.288886 -0.198460 10.937586 1.351969 -0.119793 4.860565 0.602749 -0.119794 4.860568 0.602750 -0.094596 3.645314 0.452746 0.103102 12.525184 -0.200652 0.280665 -12.924167 -0.425593 7.116221 12.089616 8.150773 13.355061 -30.396703 63.433719 26.403804 9.803532 0.997084 -6.632372 16.149546 -12.945007 -4.882992 11.585562 -6.725524 -17.719374 -29.195668 -69.470763 -23.408840 16.154598 1.919534 9.576138 14.264407 6.834700 -23.898832 -34.927264 11.492561 4.693636 45.486760 -0.932019 -2.123812 -22.751360 -1.634146 -0.000000 -0.000000 0.000000 18.932667 -52.576693 -7.829775 7.516475 45.991336 2.883276 8.863264 -9.180476 1.720783 0.000000 -0.000000 -0.000000
-26.982535 92.494425 -228.970652 3.918757 16.739186 0.144889 -0.182730 10.961927 1.310315 -0.111915 4.871443 0.583945 -0.111915 4.871444 0.583944 -0.088550 3.653481 0.438587 0.086895 12.466692 -0.142162 0.225449 -13.033089 -0.307548 7.130298 12.062719 8.120308 13.417908 -30.487081 63.286271 26.666976 9.781659 0.937127 -6.525680 16.261970 -12.806924 -4.902452 11.543645 -6.746002 -17.751679 -29.258097 -69.390165 -23.472177 16.168193 1.942885 9.508728 14.046654 6.955148 -23.938773 -34.369062 11.449876 4.532173 45.580580 -0.895213 -2.273806 -23.485018 -1.681480 -0.000000 0.000000 -0.000000 18.409230 -53.368724 -7.825237 6.746333 44.056729 1.936772 8.317514 -9.567925 1.272328 -0.000000 0.000000 -0.000000
-26.996178 92.365690 -227.993951 4.231988 16.833913 -0.022445 -0.155903 10.994735 1.270228 -0.099186 4.886112 0.565574 -0.099186 4.886112 0.565574 -0.078876 3.664496 0.424718 0.072562 12.416270 -0.093624 0.177839 -13.126917 -0.209123 7.151499 12.030735 8.097131 13.516878 -30.553017 63.134835 26.795350 9.704090 0.846696 -6.446278 16.320241 -12.704711 -4.930598 11.493660 -6.780212 -17.771440 -29.300541 -69.337876 -23.460147 16.143427 1.975891 9.460801 13.898506 7.049978 -23.958405 -33.778878 11.385808 4.337577 45.757115 -0.878608 -2.381892 -24.271195 -1.731335 0.000000 -0.000000 0.000000 17.854600 -54.026022 -7.786092 5.886774 42.245556 1.167813 7.745465 -9.949414 0.793687 0.000000 -0.000000 0.000000
-26.979435 92.198316 -226.969334 4.511858 16.878261 -0.221033 -0.120542 11.038667 1.236723 -0.082868 4.905744 0.549908 -0.082871 4.905744 0.549911 -0.066540 3.679236 0.412850 0.059582 12.376373 -0.060300 0.139114 -13.201111 -0.140180 7.177683 11.984507 8.081998 13.683407 -30.580723 62.962737 26.768420 9.536671 0.721483 -6.415712 16.268790 -12.670284 -4.973046 11.437662 -6.826701 -17.800844 -29.314912 -69.318937 -23.365045 16.035237 2.055539 9.458610 13.869207 7.103868 -23.964971 -33.127559 11.301936 4.103932 45.986810 -0.885913 -2.429283 -25.126998 -1.778862 -0.000000 0.000000 -0.000000 17.307659 -54.534208 -7.743506 4.812534 40.542894 0.571002 7.109209 -10.449010 0.056052 0.000000 0.000000 0.000000
-26.930265 91.991680 -225.901428 4.748366 16.875786 -0.443782 -0.073800 11.090793 1.204946 -0.061571 4.929041 0.534718 -0.061574 4.929040 0.534721 -0.050476 3.696729 0.401292 0.048595 12.344577 -0.036868 0.108304 -13.260212 -0.090886 7.210889 11.932980 8.074064 13.886809 -30.584544 62.786393 26.606665 9.314124 0.571082 -6.415024 16.164151 -12.671272 -5.024317 11.373838 -6.886888 -17.816885 -29.308943 -69.328323 -23.195746 15.887488 2.146254 9.478102 13.908727 7.132585 -23.951437 -32.444162 11.196945 3.837213 46.299754 -0.913439 -2.435239 -26.035634 -1.830032 0.000000 0.000000 -0.000000 16.731589 -54.906636 -7.668201 3.618437 38.970832 0.136062 6.458765 -10.964260 -0.704621 0.000000 0.000000 0.000000
-26.834904 91.752570 -224.778690 4.889946 16.810737 -0.677855 -0.007165 11.144992 1.162924 -0.031222 4.953301 0.514505 -0.031222 4.953301 0.514505 -0.027582 3.714953 0.385892 0.045348 12.327869 -0.020083 0.095029 -13.291266 -0.057509 7.250283 11.896284 8.067502 14.080486 -30.573516 62.637136 26.343866 9.103329 0.415984 -6.423994 16.116894 -12.649288 -5.067113 11.302871 -6.962439 -17.772386 -29.283016 -69.376354 -22.940132 15.778272 2.183037 9.493484 13.928782 7.170234 -23.917292 -31.749285 11.060767 3.553019 46.746162 -0.970759 -2.411372 -26.933868 -1.903074 0.000000 0.000000 -0.000000 16.255124 -55.102365 -7.654543 2.548948 37.707453 -0.050362 5.910275 -11.092604 -0.866383 0.000000 -0.000000 0.000000
-26.685837 91.472109 -223.595709 4.883867 16.667406 -0.925341 0.098465 11.202179 1.104599 0.016766 4.978965 0.486125 0.016768 4.978966 0.486126 0.008599 3.734243 0.364229 0.052575 12.333574 -0.009641 0.104397 -13.280676 -0.040636 7.302908 11.904733 8.056910 14.290333 -30.562962 62.509601 25.960912 8.876799 0.234664 -6.434916 16.170916 -12.599659 -5.093720 11.225686 -7.051014 -17.651430 -29.242621 -69.471423 -22.583241 15.750449 2.146236 9.493185 13.882915 7.230843 -23.852328 -31.049461 10.891422 3.247475 47.370639 -1.066485 -2.350788 -27.847222 -2.035127 -0.000006 0.252407 -0.145793 15.822063 -55.061405 -7.658732 1.769448 36.700430 0.091054 5.420564 -10.507868 0.131667 0.000000 0.000000 0.000000
-26.490579 91.159173 -222.357895 4.783937 16.460187 -1.183484 0.224210 11.261032 1.036297 0.073893 5.005387 0.452818 0.073894 5.005389 0.452820 0.051668 3.754101 0.338794 0.067926 12.354193 -0.005740 0.132017 -13.242373 -0.039660 7.362378 11.927832 8.048058 14.490909 -30.538220 62.409552 25.477568 8.661760 0.052311 -6.454228 16.283056 -12.528069 -5.111551 11.140974 -7.154920 -17.469541 -29.183058 -69.604077 -22.136479 15.760467 2.059271 9.487497 13.817603 7.299733 -23.767234 -30.338712 10.688026 2.918840 48.128549 -1.201682 -2.261612 -28.751007 -2.187116 0.000377 0.504201 -0.292638 15.499763 -54.844997 -7.734497 1.081842 36.014862 0.444460 5.013591 -9.479557 1.708465 -0.000000 -0.000000 -0.000000
-26.257900 90.847184 -221.069937 4.698162 16.218790 -1.432498 0.321432 11.312407 0.964360 0.118524 5.028391 0.418577 0.118524 5.028391 0.418577 0.085384 3.771376 0.312753 0.089443 12.374416 -0.005919 0.173115 -13.204790 -0.049061 7.407157 11.894745 8.051785 14.558870 -30.462827 62.385878 24.985917 8.609206 -0.046529 -6.481380 16.434123 -12.392263 -5.125843 11.045843 -7.282754 -17.226894 -29.090053 -69.757267 -21.625732 15.757248 1.921986 9.482814 13.784175 7.367598 -23.693430 -29.618630 10.442374 2.586119 48.936029 -1.373984 -2.177928 -29.506014 -2.263073 0.000000 -0.000000 0.000000 15.596724 -54.596629 -8.116191 0.188045 36.003390 0.784446 4.875688 -8.512350 2.792253 0.000000 -0.000000 0.000000
-25.974839 90.529752 -219.725516 4.629418 15.950093 -1.661056 0.369241 11.345529 0.881345 0.141634 5.043150 0.380649 0.141637 5.043153 0.380642 0.103012 3.782456 0.284121 0.125917 12.387530 -0.017546 0.247573 -13.180353 -0.086608 7.406676 11.715083 8.074806 14.443939 -30.267885 62.458791 24.518622 8.844937 -0.004666 -6.528819 16.639681 -12.127306 -5.119655 10.904325 -7.445968 -16.806804 -28.919134 -69.995879 -21.094391 15.773213 1.713689 9.480270 13.838928 7.427527 -23.713644 -28.858263 10.165137 2.326120 49.749019 -1.579378 -2.074636 -30.142524 -2.254292 -0.020781 -1.781171 1.160326 16.412904 -54.388524 -9.059850 -1.094893 37.068827 1.075892 5.106432 -7.783817 2.866608 -0.000000 0.000000 -0.000000
-25.654357 90.213267 -218.330951 4.575039 15.647443 -1.880502 0.388555 11.371509 0.794340 0.152266 5.054667 0.341668 0.152270 5.054673 0.341660 0.111299 3.791095 0.254810 0.168586 12.400040 -0.033120 0.335494 -13.156974 -0.134279 7.389529 11.479899 8.110791 14.199732 -30.019390 62.604694 24.047179 9.248223 0.111973 -6.580364 16.887277 -11.798443 -5.109113 10.751700 -7.632464 -16.326422 -28.715440 -70.250721 -20.496337 15.776598 1.458036 9.480755 13.925451 7.487363 -23.745770 -28.088796 9.844094 2.058065 50.610490 -1.827774 -1.973706 -30.629549 -2.173231 -0.107335 -4.310402 2.774954 17.630973 -54.136436 -10.288040 -2.572708 38.810801 1.323860 5.576847 -7.149869 2.464008 -0.000000 0.000000 -0.000000
-25.344113 89.950323 -216.909886 4.634013 15.321503 -2.106655 0.393230 11.414536 0.731251 0.155803 5.073736 0.313618 0.155803 5.073736 0.313618 0.114166 3.805383 0.233763 0.188854 12.416841 -0.028156 0.371999 -13.125728 -0.133304 7.424181 11.389891 8.149873 13.855699 -29.882722 62.810463 23.568450 9.599340 0.201953 -6.596239 17.113350 -11.558822 -5.149320 10.692688 -7.816461 -16.135403 -28.599784 -70.311629 -19.727158 15.618238 1.216409 9.488739 13.925735 7.559421 -23.577620 -27.402523 9.447097 1.569243 51.569330 -2.128851 -1.974550 -30.734266 -1.958222 -0.236720 -6.772265 4.018541 18.627105 -53.762235 -11.229085 -3.985624 40.362917 1.375600 6.126780 -6.660697 2.114053 0.000000 0.000000 0.000000
-25.062543 89.750202 -215.452886 4.889520 14.956355 -2.354438 0.376374 11.503255 0.712476 0.148641 5.113104 0.305660 0.148632 5.113091 0.305677 0.108831 3.834885 0.227870 0.171209 12.419387 0.012795 0.321082 -13.121170 -0.047769 7.573621 11.602674 8.195718 13.312669 -30.003630 63.119015 23.137892 9.854291 0.237389 -6.553173 17.310235 -11.515065 -5.292923 10.821272 -8.009628 -16.474836 -28.644713 -70.023290 -18.722804 15.140236 1.023297 9.481175 13.754327 7.692727 -23.114161 -26.744648 8.944330 0.705908 52.605884 -2.503987 -2.061997 -30.586746 -1.571005 -0.328574 -8.568949 4.462557 19.167593 -53.222778 -11.653656 -5.391678 41.354716 1.064058 6.887569 -6.254942 2.032010 0.000000 -0.000000 0.000000
-24.791210 89.603622 -213.969386 5.258226 14.569705 -2.611662 0.345044 11.609390 0.717801 0.134474 5.160232 0.308688 0.134464 5.160219 0.308707 0.098161 3.870225 0.230249 0.130856 12.426890 0.073964 0.218346 -13.107405 0.085890 7.780156 11.958583 8.246507 12.662396 -30.232719 63.497704 22.696794 10.054282 0.246115 -6.479563 17.481158 -11.561782 -5.486498 11.044915 -8.201994 -17.107509 -28.766428 -69.544627 -17.559196 14.493767 0.824328 9.473944 13.495944 7.834447 -22.456651 -26.162009 8.384275 -0.379783 53.743222 -2.929184 -2.225240 -30.054441 -1.060368 -0.402662 -10.307162 4.521411 19.491306 -52.575102 -11.792595 -6.752054 42.137132 0.568612 7.746804 -5.993847 2.003824 0.000000 0.000000 0.000000
-24.522470 89.535326 -212.511341 5.589030 14.222069 -2.852551 0.333491 11.671638 0.714127 0.129375 5.187898 0.307261 0.129375 5.187898 0.307261 0.094350 3.890990 0.229187 0.085938 12.501005 0.132887 0.107948 -12.969779 0.217144 7.929247 12.183058 8.280939 12.224529 -30.298476 63.812895 22.066696 10.105230 0.217790 -6.415301 17.578818 -11.533180 -5.626956 11.188765 -8.335045 -17.661188 -28.860787 -69.146740 -16.335796 13.997080 0.556879 9.533872 13.287418 7.845881 -21.682013 -25.900256 7.844931 -1.441834 55.095057 -3.346822 -2.545386 -28.507658 -0.504911 -0.527437 -12.984335 4.632395 19.692937 -51.905537 -11.778617 -7.655936 42.927808 0.281003 8.208736 -6.109190 1.927681 -0.000000 -0.000000 0.000000
-24.252623 89.571186 -211.099397 5.821969 13.940064 -3.068775 0.361216 11.657252 0.683971 0.142430 5.181539 0.293224 0.142436 5.181549 0.293210 0.104265 3.886238 0.218537 0.042888 12.696952 0.182989 0.005346 -12.605751 0.330359 7.955393 12.131848 8.281789 12.248358 -30.042851 63.965631 21.064255 9.880331 0.135085 -6.362168 17.466248 -11.385939 -5.669885 11.159798 -8.372540 -18.013358 -28.909983 -68.929252 -14.962364 13.783392 0.181384 9.718925 13.116842 7.668471 -20.736894 -26.089902 7.328186 -2.348372 56.725134 -3.716791 -3.083902 -25.357869 0.127567 -0.769561 -17.490734 4.942871 19.747373 -51.258964 -11.595155 -7.732400 43.851350 0.441421 7.942176 -6.795661 1.770522 0.000000 0.000000 0.000000
-23.985368 89.685330 -209.712909 6.016519 13.696115 -3.267190 0.407981 11.598724 0.644482 0.164187 5.155559 0.274663 0.164191 5.155568 0.274654 0.120739 3.866757 0.204456 -0.002736 12.959497 0.231115 -0.100504 -12.117906 0.440116 7.919145 11.951325 8.263442 12.490641 -29.633105 64.052673 19.874954 9.503892 0.037132 -6.316873 17.284598 -11.158162 -5.662024 11.050140 -8.349912 -18.283244 -28.940513 -68.796305 -13.519962 13.729059 -0.246696 9.976518 12.997621 7.362554 -19.657997 -26.599673 6.804597 -3.228089 58.568921 -4.073696 -3.670357 -21.186235 0.766345 -1.106319 -22.933078 5.365399 19.694291 -50.591147 -11.276184 -7.317282 44.784436 0.843265 7.277368 -7.861143 1.594231 0.000000 -0.000000 0.000000
-23.724158 89.824882 -208.341893 6.200611 13.468411 -3.443256 0.448080 11.532563 0.614236 0.182768 5.126167 0.260378 0.182768 5.126167 0.260378 0.134795 3.844704 0.193616 -0.049894 13.184320 0.274733 -0.206879 -11.700000 0.541384 7.892755 11.803645 8.249718 12.539467 -29.284789 64.215242 18.870831 9.262524 -0.019430 -6.310952 17.406961 -10.813673 -5.636496 10.962167 -8.314965 -18.456286 -28.926887 -68.729554 -12.357062 13.769684 -0.633668 10.216815 13.105037 6.975739 -18.653471 -27.288341 6.295137 -4.255151 60.545841 -4.508815 -4.111051 -17.121148 1.197653 -1.470785 -27.630714 5.975949 19.715483 -49.852622 -11.022141 -7.067639 45.584242 1.193194 6.708147 -8.953887 1.429017 0.000000 0.000000 0.000000
-23.465330 89.978320 -206.977125 6.396857 13.246678 -3.585601 0.471080 11.464817 0.598130 0.193445 5.096068 0.252766 0.193447 5.096065 0.252764 0.142878 3.822128 0.187830 -0.107926 13.340343 0.309610 -0.330151 -11.409725 0.630312 7.898994 11.749114 8.248394 12.180765 -29.076366 64.539295 18.186736 9.295143 -0.039149 -6.393670 18.142099 -10.257965 -5.600533 10.938530 -8.270769 -18.504381 -28.860176 -68.752939 -11.612241 13.886574 -0.955768 10.457490 13.616646 6.484090 -17.722496 -28.197853 5.755645 -5.694010 62.784139 -5.170304 -4.501314 -13.158503 1.339406 -1.938386 -31.759690 6.970612 19.917147 -48.998054 -10.949722 -7.304825 46.192556 1.355129 6.437853 -9.974487 1.272689 0.000000 -0.000000 -0.000000
-23.212547 90.157166 -205.627830 6.582261 13.040910 -3.705532 0.487237 11.389495 0.591068 0.200877 5.062609 0.249339 0.200880 5.062609 0.249336 0.148494 3.797039 0.185210 -0.169059 13.458585 0.339505 -0.457165 -11.189504 0.710904 7.916389 11.727026 8.252260 11.628690 -28.920960 64.930600 17.685650 9.464759 -0.039230 -6.505399 19.185292 -9.596376 -5.546256 10.936324 -8.213669 -18.455024 -28.750404 -68.839734 -11.148035 14.097338 -1.237172 10.679803 14.355888 5.916544 -16.854817 -29.287112 5.215230 -7.423123 65.149939 -6.064332 -4.841365 -9.307407 1.279858 -2.435828 -35.132932 8.169837 20.181639 -48.072423 -10.929341 -7.720652 46.670454 1.452110 6.266434 -11.021704 1.115009 0.000000 -0.000000 0.000000
-22.980256 90.343105 -204.311702 6.716571 12.859848 -3.832524 0.502029 11.325071 0.596861 0.207366 5.034000 0.251626 0.207366 5.034000 0.251626 0.153347 3.775587 0.186886 -0.208007 13.527643 0.373830 -0.544141 -11.060662 0.791032 7.952518 11.717094 8.263508 11.114398 -28.784763 65.252413 17.328812 9.646500 0.001275 -6.526369 19.981762 -9.091065 -5.482102 10.930293 -8.181240 -18.378165 -28.599774 -68.894912 -10.901520 14.387828 -1.462562 10.740179 14.964250 5.397278 -16.265732 -30.298725 4.831942 -8.979282 67.171200 -7.009976 -4.888620 -6.722451 1.111700 -2.459353 -35.556678 8.821551 20.357250 -47.163216 -10.794343 -8.048064 47.059295 1.558895 6.082937 -12.039709 0.955732 0.000000 -0.000000 0.000000
-22.775687 90.530142 -203.030703 6.792381 12.697535 -3.980610 0.512667 11.280659 0.621310 0.211537 5.014299 0.262240 0.211535 5.014297 0.262243 0.156392 3.760814 0.194818 -0.211944 13.530938 0.416305 -0.568672 -11.054139 0.872940 8.021787 11.712801 8.289331 10.677327 -28.662555 65.459801 17.136182 9.843435 0.125667 -6.394595 20.323670 -8.840164 -5.400819 10.906761 -8.199568 -18.295517 -28.379257 -68.877373 -10.900605 14.806688 -1.618103 10.505600 15.352708 4.903891 -16.097018 -31.095050 4.687560 -10.183316 68.724325 -7.934645 -4.377059 -6.224134 0.826960 -1.563968 -30.862666 8.418176 20.364375 -46.295687 -10.459517 -8.164355 47.372646 1.704724 5.822431 -13.017060 0.792225 -0.000000 -0.000000 -0.000000
-22.591610 90.724272 -201.782871 6.817176 12.559612 -4.135150 0.521949 11.247151 0.658778 0.214784 4.999463 0.278628 0.214784 4.999462 0.278628 0.158701 3.749696 0.207078 -0.194269 13.484777 0.463551 -0.554736 -11.139606 0.955626 8.109887 11.720569 8.322789 10.276750 -28.563109 65.599767 17.088284 10.051166 0.293065 -6.182971 20.411355 -8.737734 -5.309093 10.879684 -8.242511 -18.186185 -28.118203 -68.827361 -11.120531 15.303857 -1.722752 10.105483 15.604004 4.454367 -16.231734 -31.821251 4.727446 -11.107433 69.934609 -8.798601 -3.593382 -6.990550 0.446964 -0.355519 -23.216527 7.730225 20.299370 -45.443882 -10.028599 -8.196798 47.597295 1.853280 5.549592 -13.965819 0.629303 -0.000000 0.000000 0.000000
-22.420775 90.925164 -200.580010 6.773053 12.472117 -4.282376 0.543871 11.215618 0.696109 0.223625 4.985522 0.294648 0.223625 4.985522 0.294648 0.165204 3.739251 0.219018 -0.168761 13.427052 0.514534 -0.527657 -11.246590 1.042361 8.181170 11.739677 8.344575 10.023387 -28.478670 65.676528 17.085867 10.133648 0.401802 -5.986032 20.298661 -8.736035 -5.236406 10.865406 -8.269750 -18.056106 -27.906565 -68.773525 -11.418242 15.717654 -1.808564 9.800984 15.622315 4.234620 -16.510498 -32.647234 4.919592 -11.462946 70.713410 -9.256695 -3.114240 -7.715257 0.153400 0.487177 -16.973456 7.354061 20.278670 -44.619498 -9.624247 -8.252753 47.734319 1.980417 5.346878 -14.865283 0.478444 0.000000 -0.000000 0.000000
-22.258262 91.138506 -199.427492 6.635178 12.447964 -4.423999 0.590328 11.183899 0.728470 0.243441 4.971530 0.307882 0.243441 4.971528 0.307882 0.179955 3.728769 0.228782 -0.133119 13.358781 0.575683 -0.485689 -11.373167 1.144377 8.222795 11.774827 8.345418 10.013034 -28.399319 65.667769 17.086403 10.011439 0.397391 -5.825436 19.895647 -8.856148 -5.195875 10.874322 -8.265487 -17.853060 -27.783275 -68.746074 -11.785276 16.029517 -1.899208 9.708484 15.317603 4.370311 -16.983450 -33.630170 5.341821 -10.702346 71.010832 -8.863517 -3.227404 -7.929887 0.051674 0.811420 -14.009686 7.191455 20.371917 -43.817504 -9.300312 -8.389657 47.767251 2.082406 5.248853 -15.712825 0.342782 0.000000 -0.000000 0.000000
-22.108992 91.358610 -198.319944 6.427934 12.473698 -4.558438 0.649599 11.154170 0.760739 0.268931 4.958453 0.320768 0.268931 4.958450 0.320768 0.198964 3.718980 0.238239 -0.089437 13.279013 0.640601 -0.430229 -11.521156 1.250409 8.247602 11.821509 8.334255 10.148761 -28.336217 65.597818 17.132038 9.763512 0.334723 -5.677310 19.292894 -9.077390 -5.174619 10.896121 -8.245892 -17.628873 -27.709052 -68.715972 -12.229229 16.257050 -1.970383 9.717247 14.785676 4.738374 -17.622933 -34.705640 5.940719 -9.246552 70.879815 -7.926630 -3.646916 -8.107715 0.039596 0.894418 -12.457993 7.055093 20.505681 -43.042460 -9.001804 -8.550345 47.713024 2.163117 5.222301 -16.510190 0.214071 -0.000000 -0.000000 0.000000
-21.980475 91.568079 -197.253052 6.207158 12.536038 -4.667100 0.700283 11.124010 0.794349 0.290597 4.945185 0.334465 0.290597 4.945185 0.334465 0.215100 3.709050 0.248337 -0.057888 13.222716 0.688931 -0.390794 -11.625594 1.329723 8.258470 11.865210 8.318986 10.252594 -28.313096 65.540627 17.249566 9.492137 0.275197 -5.568630 18.815166 -9.288955 -5.163352 10.916014 -8.218684 -17.545240 -27.656543 -68.623737 -12.627880 16.294586 -1.976771 9.751773 14.214421 5.150794 -18.138654 -35.868355 6.471904 -8.277886 70.393644 -7.254587 -4.101625 -8.360845 0.018598 0.930999 -11.080713 6.984952 20.576923 -42.320703 -8.683917 -8.670639 47.622779 2.210029 5.247867 -17.242718 0.084537 0.000000 0.000000 0.000000
-21.875748 91.765692 -196.231513 5.988470 12.637245 -4.746841 0.734954 11.089934 0.831013 0.305118 4.930157 0.349914 0.305117 4.930157 0.349915 0.225867 3.697796 0.259808 -0.046866 13.203277 0.715938 -0.381155 -11.661555 1.376625 8.250453 11.905141 8.300638 10.250141 -28.354091 65.537244 17.462867 9.203332 0.235854 -5.535419 18.628243 -9.458630 -5.162044 10.930029 -8.184443 -17.703899 -27.601264 -68.432574 -12.930084 16.033716 -1.878388 9.790833 13.639870 5.574308 -18.334542 -37.158297 6.800157 -8.470924 69.541976 -7.304010 -4.515816 -8.774173 -0.070696 1.008513 -9.624399 7.265328 20.515918 -41.669157 -8.311149 -8.724840 47.501229 2.205256 5.341846 -17.887835 -0.055582 -0.000000 -0.000000 -0.000000
-21.791774 91.952670 -195.250630 5.756073 12.775320 -4.801300 0.761162 11.055554 0.869047 0.315872 4.914982 0.366175 0.315870 4.914981 0.366175 0.233805 3.686427 0.271918 -0.047916 13.207259 0.726299 -0.387326 -11.654038 1.396658 8.228372 11.941979 8.278130 10.216074 -28.435278 65.546774 17.748259 8.891287 0.199743 -5.542382 18.566454 -9.618106 -5.170668 10.942165 -8.142576 -18.002447 -27.566869 -68.179100 -13.183411 15.584555 -1.709362 9.854463 13.025498 6.040667 -18.392643 -38.542696 7.045442 -9.120044 68.335168 -7.601479 -4.955810 -9.267344 -0.172183 1.030800 -8.337171 7.594105 20.393746 -41.068850 -7.922450 -8.742697 47.343851 2.162499 5.487702 -18.467341 -0.199235 0.000000 -0.000000 -0.000000
-21.726952 92.115285 -194.291991 5.518911 12.930964 -4.821795 0.779950 11.029087 0.904796 0.323389 4.903314 0.381591 0.323389 4.903314 0.381591 0.239326 3.677690 0.283418 -0.056040 13.229321 0.713753 -0.397332 -11.613095 1.375959 8.209887 11.963473 8.256347 10.196402 -28.508841 65.519703 18.060360 8.640366 0.177616 -5.512740 18.456954 -9.752221 -5.179905 10.949565 -8.098950 -18.296926 -27.598873 -67.912943 -13.413256 15.169690 -1.535573 9.933682 12.449281 6.460358 -18.583745 -39.912744 7.341658 -9.378834 66.889683 -7.601688 -5.369522 -9.700041 -0.200737 0.934925 -6.751680 7.135696 20.317086 -40.493053 -7.583022 -8.744294 47.187908 2.114927 5.616127 -19.033675 -0.327126 0.000000 -0.000000 0.000000
-21.678160 92.250509 -193.354244 5.283565 13.098152 -4.801312 0.788042 11.015092 0.938139 0.326207 4.897170 0.396175 0.326208 4.897173 0.396175 0.241326 3.673096 0.294331 -0.076639 13.273063 0.668246 -0.417297 -11.532079 1.297647 8.203944 11.962797 8.235942 10.201235 -28.560129 65.427994 18.400017 8.506594 0.186978 -5.399751 18.201893 -9.853380 -5.186730 10.954608 -8.055290 -18.536889 -27.740732 -67.644534 -13.600353 14.877841 -1.378806 10.029717 11.932780 6.793915 -19.023399 -41.244725 7.740035 -9.039761 65.233241 -7.172983 -5.800467 -10.024385 -0.119046 0.660612 -4.390153 5.070167 20.316936 -39.929380 -7.319064 -8.758891 47.034917 2.056363 5.720688 -19.595978 -0.425647 -0.000000 -0.000000 0.000000
-21.648520 92.361369 -192.438742 5.043718 13.283349 -4.747015 0.788748 11.008993 0.969182 0.325793 4.894513 0.409903 0.325794 4.894515 0.409903 0.240907 3.671110 0.304625 -0.104917 13.334610 0.599665 -0.442275 -11.418137 1.178591 8.201801 11.946846 8.216391 10.220529 -28.604118 65.299460 18.766018 8.433815 0.211356 -5.251276 17.899186 -9.930699 -5.194039 10.954909 -8.009810 -18.773260 -27.949063 -67.361252 -13.763828 14.619958 -1.218877 10.144649 11.454395 7.080354 -19.610864 -42.558704 8.210911 -8.413575 63.340033 -6.538565 -6.219646 -10.286095 0.029956 0.279487 -1.800364 2.159827 20.356745 -39.390944 -7.100337 -8.757815 46.883427 1.992218 5.807325 -20.145354 -0.507606 0.000000 0.000000 0.000000
-21.645795 92.443230 -191.531132 4.789034 13.485995 -4.671382 0.792928 11.005283 0.994542 0.327046 4.892911 0.421028 0.327046 4.892911 0.421028 0.241757 3.669911 0.312955 -0.120370 13.397646 0.531711 -0.443302 -11.301547 1.055568 8.194661 11.924016 8.200855 10.269976 -28.637087 65.167877 19.109927 8.338529 0.209797 -5.132212 17.669412 -9.992685 -5.201347 10.940465 -7.963090 -19.014188 -28.140009 -67.079141 -13.986920 14.351136 -1.058892 10.272093 11.027735 7.349086 -20.302955 -43.808571 8.779274 -7.516352 61.250644 -5.762734 -6.477462 -10.478772 0.221925 0.000000 0.000000 0.000000 20.440201 -38.890156 -6.905412 -8.674277 46.766641 1.971950 5.825263 -20.707878 -0.591419 0.000000 0.000000 0.000000
-21.670971 92.492821 -190.630964 4.505053 13.706389 -4.575655 0.804826 11.002117 1.011111 0.331922 4.891554 0.428080 0.331922 4.891553 0.428080 0.245357 3.668899 0.318202 -0.111925 13.464711 0.469741 -0.401595 -11.177614 0.934265 8.178911 11.889882 8.192122 10.380472 -28.645012 65.027777 19.420277 8.157946 0.161945 -5.062582 17.571008 -10.029953 -5.207149 10.897602 -7.915349 -19.265556 -28.279791 -66.804245 -14.298276 14.043739 -0.893256 10.430981 10.677514 7.611427 -21.172269 -44.984916 9.514839 -6.124938 58.953257 -4.724616 -6.495099 -10.543601 0.487357 -0.057062 0.483467 -0.549774 20.565249 -38.429500 -6.721959 -8.451288 46.688980 2.023103 5.739724 -21.292924 -0.686870 -0.000000 -0.000000 0.000000
-21.723061 92.513411 -189.738689 4.206437 13.944606 -4.458995 0.820113 11.001325 1.021899 0.338429 4.891255 0.432490 0.338428 4.891254 0.432490 0.250198 3.668682 0.321456 -0.090821 13.533596 0.408246 -0.336270 -11.050326 0.808881 8.158384 11.848781 8.187555 10.520790 -28.640985 64.884459 19.709551 7.955779 0.087488 -5.022735 17.545014 -10.050428 -5.212614 10.839990 -7.866211 -19.521085 -28.402399 -66.531066 -14.668311 13.724962 -0.724495 10.602062 10.379889 7.856440 -22.158812 -46.090160 10.363372 -4.557087 56.452534 -3.633206 -6.372395 -10.533984 0.825397 -0.022501 0.242067 -0.275130 20.731959 -38.006068 -6.560867 -8.147843 46.646772 2.114042 5.584893 -21.891979 -0.781652 0.000000 0.000000 0.000000
-21.806870 92.510177 -188.841301 3.926473 14.199545 -4.330625 0.836805 11.002937 1.032691 0.345551 4.892029 0.436862 0.345551 4.892029 0.436862 0.255501 3.669272 0.324676 -0.069327 13.581046 0.354869 -0.273789 -10.962702 0.698976 8.135159 11.822207 8.182064 10.613859 -28.662307 64.787799 19.964990 7.838410 0.005593 -5.017346 17.535910 -10.087336 -5.221448 10.798599 -7.815443 -19.770458 -28.525801 -66.259288 -15.093103 13.431808 -0.567093 10.721164 10.075171 8.081317 -23.000975 -47.103265 11.139419 -3.519736 53.824526 -2.939140 -6.218018 -10.609395 1.165788 0.000000 -0.000000 0.000000 20.947745 -37.624219 -6.435396 -7.870374 46.661059 2.206715 5.413904 -22.504284 -0.861285 -0.000000 -0.000000 0.000000
-21.918437 92.486769 -187.947475 3.659444 14.487200 -4.193686 0.859409 11.004786 1.043680 0.355283 4.892917 0.441181 0.355283 4.892915 0.441181 0.262761 3.669945 0.327834 -0.047766 13.594976 0.314168 -0.216570 -10.937186 0.613270 8.105872 11.816663 8.166924 10.613825 -28.739608 64.770149 20.180823 7.864392 -0.079393 -5.059786 17.523871 -10.162752 -5.237396 10.776747 -7.764149 -20.014643 -28.658231 -65.981712 -15.577360 13.188755 -0.426004 10.754165 9.718353 8.291787 -23.607971 -48.036749 11.766334 -3.349169 50.977647 -2.845032 -5.965460 -10.832745 1.523066 -0.000000 0.000000 -0.000000 21.248346 -37.301108 -6.378126 -7.654649 46.734415 2.300911 5.242417 -23.128804 -0.920405 0.000000 0.000000 -0.000000
-22.061722 92.439536 -187.048537 3.411356 14.791617 -4.045035 0.883397 11.009066 1.054592 0.365623 4.894892 0.445427 0.365623 4.894889 0.445428 0.270475 3.671436 0.330934 -0.025215 13.587544 0.281739 -0.160933 -10.951255 0.542916 8.073510 11.825570 8.150798 10.567249 -28.842966 64.799654 20.361770 7.974852 -0.171246 -5.136708 17.528325 -10.254986 -5.256847 10.771001 -7.711247 -20.252356 -28.791634 -65.705565 -16.116744 12.970562 -0.295655 10.736065 9.353601 8.484250 -24.042571 -48.887397 12.288122 -3.532654 48.008552 -2.984262 -5.683045 -11.136118 1.895591 0.000000 0.000000 -0.000000 21.596154 -37.019108 -6.354601 -7.463137 46.863898 2.400146 5.055162 -23.766778 -0.964193 0.000000 -0.000000 -0.000000
-22.253412 92.362703 -186.105460 3.233080 15.063395 -3.883550 0.893295 11.022282 1.070672 0.369582 4.900822 0.452271 0.369582 4.900822 0.452271 0.273383 3.675894 0.336026 -0.011837 13.571667 0.252017 -0.123757 -10.980916 0.481388 8.049558 11.850943 8.154493 10.535824 -28.919276 64.829339 20.510163 8.099792 -0.262955 -5.212598 17.552891 -10.331782 -5.272859 10.802203 -7.653424 -20.470015 -28.919803 -65.452393 -16.694366 12.739589 -0.176050 10.705698 9.054456 8.641365 -24.253155 -49.618708 12.675454 -3.511125 45.286807 -2.974220 -5.649904 -11.490256 2.145214 -0.000000 -0.000000 0.000000 21.889329 -36.731369 -6.277275 -7.292292 47.062345 2.473593 4.859539 -24.420583 -0.995180 0.000000 0.000000 0.000000
-22.497122 92.255214 -185.111962 3.135372 15.298993 -3.711013 0.884766 11.048471 1.095792 0.365140 4.912496 0.463523 0.365141 4.912499 0.463522 0.269955 3.684658 0.344486 -0.009094 13.542970 0.225273 -0.107920 -11.034311 0.429797 8.041925 11.899300 8.186414 10.567854 -28.950378 64.825091 20.635396 8.208866 -0.370440 -5.278749 17.596844 -10.383606 -5.280899 10.889013 -7.586813 -20.662715 -29.052303 -65.224081 -17.342735 12.473299 -0.081449 10.679294 8.846627 8.769720 -24.116409 -50.235412 12.841786 -3.113030 42.838457 -2.664198 -6.125969 -12.058898 2.178304 -0.000000 -0.000000 0.000000 22.079958 -36.439290 -6.105951 -7.150541 47.332915 2.487420 4.647066 -25.105049 -0.996824 0.000000 0.000000 0.000000
-22.789236 92.118125 -184.074325 3.107667 15.501421 -3.524409 0.862147 11.083397 1.126302 0.354311 4.928023 0.477479 0.354313 4.928028 0.477478 0.261713 3.696304 0.355024 -0.015272 13.505695 0.201398 -0.110123 -11.103583 0.387231 8.042735 11.964253 8.238110 10.614598 -28.953952 64.820412 20.727297 8.332092 -0.478873 -5.344498 17.660788 -10.420036 -5.285855 11.012734 -7.515309 -20.835292 -29.180177 -65.019469 -18.029672 12.193487 0.002481 10.638779 8.703925 8.861543 -23.728469 -50.736169 12.841420 -2.588623 40.636355 -2.303868 -6.808645 -12.688691 2.035197 -0.000000 0.000000 -0.000000 22.217158 -36.142591 -5.880554 -7.032229 47.673074 2.475689 4.426908 -25.805662 -0.985379 0.000000 0.000000 0.000000
-23.135586 91.948827 -182.972375 3.168642 15.630771 -3.314856 0.822943 11.121034 1.156276 0.336141 4.944701 0.491592 0.336141 4.944701 0.491592 0.247963 3.708800 0.365739 -0.036110 13.485584 0.174349 -0.138709 -11.140943 0.344510 8.040005 12.028450 8.305125 10.591876 -28.931117 64.869610 20.759111 8.489862 -0.535335 -5.401566 17.750678 -10.437455 -5.295019 11.138155 -7.447276 -20.989311 -29.269631 -64.856024 -18.641822 11.930121 0.116264 10.570799 8.621518 8.876458 -23.376441 -51.074978 12.867500 -2.051388 38.979285 -2.150178 -7.136921 -12.871297 1.790866 -0.000000 0.000000 -0.000000 22.344314 -35.792878 -5.632790 -6.911503 48.087008 2.510770 4.233756 -26.480529 -1.014960 0.000000 0.000000 0.000000
-23.545588 91.738602 -181.799432 3.356271 15.671327 -3.074082 0.757239 11.162538 1.185960 0.306240 4.963023 0.506213 0.306237 4.963018 0.506211 0.225413 3.722519 0.376928 -0.079936 13.493682 0.144058 -0.209391 -11.125848 0.304850 8.021946 12.086415 8.386344 10.465449 -28.879593 64.992476 20.731944 8.688358 -0.512643 -5.442020 17.873115 -10.428396 -5.318692 11.268745 -7.372681 -21.177546 -29.305632 -64.716669 -19.143926 11.684226 0.288967 10.456504 8.574177 8.778359 -23.107929 -51.235469 12.967075 -1.527440 37.978449 -2.324565 -6.756986 -12.253790 1.432492 -0.000000 0.000000 -0.000000 22.485038 -35.357364 -5.377291 -6.775350 48.560761 2.614870 4.081089 -27.184762 -1.085845 -0.004093 0.217784 0.200784
-24.009825 91.496168 -180.562176 3.631720 15.637498 -2.810650 0.674795 11.206452 1.215093 0.268947 4.982376 0.521003 0.268944 4.982373 0.521002 0.197323 3.737011 0.388307 -0.138607 13.518833 0.110683 -0.306851 -11.079048 0.265276 8.000408 12.143345 8.482978 10.269490 -28.802374 65.169370 20.643887 8.920836 -0.439354 -5.474632 18.021679 -10.400758 -5.346674 11.400856 -7.301345 -21.348081 -29.303518 -64.618984 -19.572522 11.456210 0.487914 10.313974 8.585057 8.602177 -22.882185 -51.234283 13.100914 -0.960703 37.535904 -2.665387 -6.050543 -11.174804 1.041623 -0.000000 -0.000000 -0.000000 22.613648 -34.870422 -5.095565 -6.631958 49.106831 2.773690 3.957816 -27.862198 -1.203585 -0.007923 0.434342 0.402879
-24.505875 91.245063 -179.260475 3.898141 15.535073 -2.541281 0.602592 11.243004 1.236825 0.236386 4.998469 0.532303 0.236386 4.998469 0.532303 0.172814 3.749061 0.397036 -0.193297 13.553564 0.068438 -0.393167 -11.014513 0.207258 7.998778 12.197905 8.594019 10.022557 -28.708960 65.395575 20.463582 9.187782 -0.346569 -5.516182 18.182680 -10.374067 -5.355662 11.488829 -7.271699 -21.345775 -29.274769 -64.633475 -19.923145 11.275077 0.657538 10.184678 8.722589 8.413183 -22.863372 -51.076604 13.344084 -0.320961 37.635583 -2.968708 -5.571403 -10.167544 0.822828 0.000000 0.000000 0.000000 22.699812 -34.383992 -4.770832 -6.484387 49.768166 3.007111 3.857706 -28.303707 -1.426053 0.000000 0.000000 0.000000
-25.039260 90.988536 -177.871542 4.135712 15.347357 -2.270421 0.550819 11.266197 1.248573 0.213138 5.008654 0.538722 0.213139 5.008653 0.538723 0.155328 3.756681 0.402035 -0.238710 13.598435 0.015983 -0.457800 -10.931233 0.126135 8.030316 12.222604 8.732152 9.626554 -28.565556 65.730187 20.198553 9.538983 -0.230846 -5.571390 18.366828 -10.355459 -5.320948 11.474342 -7.323403 -21.074246 -29.179307 -64.791259 -20.206944 11.143278 0.755015 10.071391 9.114644 8.196476 -23.257239 -50.700913 13.850391 0.452613 38.449286 -3.225791 -5.530533 -9.337673 0.915375 0.000000 0.000000 0.000000 22.789616 -33.860846 -4.400556 -6.354277 50.541151 3.364753 3.736508 -28.620488 -1.822547 0.033126 -1.339938 -1.556318
-25.604457 90.723338 -176.418164 4.362908 15.091202 -1.994800 0.509313 11.282239 1.252702 0.194634 5.015677 0.541534 0.194634 5.015676 0.541535 0.141428 3.761933 0.404291 -0.279989 13.653100 -0.045391 -0.511036 -10.829830 0.026452 8.081205 12.244651 8.884713 9.179805 -28.405497 66.112059 19.839654 9.923401 -0.099080 -5.636509 18.563060 -10.338460 -5.266567 11.416613 -7.417152 -20.631415 -29.053427 -65.058051 -20.414316 11.057622 0.818851 9.968267 9.634245 7.964874 -23.848400 -50.167180 14.453149 1.279309 39.802533 -3.440107 -5.700267 -8.588906 1.151420 0.000000 -0.000000 0.000000 22.837609 -33.338486 -3.988134 -6.212587 51.426331 3.806629 3.623006 -28.701617 -2.312535 0.124398 -3.321111 -3.728632
-26.162484 90.463264 -174.968574 4.541030 14.823760 -1.718648 0.474580 11.299848 1.249843 0.179292 5.023408 0.541089 0.179292 5.023408 0.541089 0.129925 3.767718 0.404079 -0.313983 13.708761 -0.117539 -0.546245 -10.726643 -0.096494 8.134669 12.345243 9.013186 8.994044 -28.340442 66.360339 19.332118 10.188508 0.004734 -5.714582 18.724767 -10.321577 -5.243456 11.445718 -7.472704 -20.150948 -29.023243 -65.411825 -20.510591 11.039082 0.916163 9.907061 9.969604 7.828139 -24.182728 -49.667083 14.761955 2.000116 41.146072 -3.418711 -5.984804 -8.155013 1.233935 0.000000 0.000000 0.000000 22.679306 -32.978591 -3.533464 -5.995241 52.477196 4.208367 3.599926 -28.004128 -2.717181 0.279616 -5.814065 -5.502097
-26.698923 90.190285 -173.541447 4.667624 14.564532 -1.430217 0.443663 11.325384 1.238565 0.165822 5.034665 0.536817 0.165821 5.034665 0.536816 0.119853 3.776148 0.400982 -0.341055 13.757455 -0.205477 -0.562171 -10.636447 -0.251961 8.191573 12.617242 9.101224 9.265548 -28.460508 66.372278 18.596685 10.190700 0.055987 -5.794915 18.794082 -10.342021 -5.287868 11.664963 -7.448124 -19.614814 -29.211166 -65.908648 -20.471690 11.140411 1.089793 9.916524 9.916582 7.875605 -23.954662 -49.323185 14.497681 2.590168 42.293858 -2.939517 -6.516595 -8.117209 0.990851 0.000000 -0.000000 0.000000 22.232854 -32.820584 -3.018898 -5.776796 53.743552 4.433072 3.618071 -26.293826 -3.040561 0.462344 -8.801927 -6.258848
-27.228190 89.922431 -172.118109 4.745187 14.294681 -1.140608 0.419558 11.352575 1.220372 0.155531 5.046670 0.529324 0.155531 5.046670 0.529322 0.112191 3.785141 0.395446 -0.360767 13.807239 -0.304137 -0.560033 -10.544214 -0.430541 8.251121 12.968330 9.166464 9.800815 -28.672633 66.248235 17.718147 10.067274 0.090445 -5.886430 18.828338 -10.361216 -5.365099 11.970046 -7.385312 -19.034384 -29.490992 -66.502848 -20.322424 11.309365 1.300425 9.970035 9.679531 8.018979 -23.488366 -49.011052 13.960280 3.120565 43.417570 -2.195697 -7.181483 -8.397136 0.602153 0.000000 0.000000 0.000000 21.579535 -32.820127 -2.466852 -5.506007 55.180887 4.593158 3.686887 -23.804110 -3.273391 0.695800 -12.308959 -6.630207
-27.754553 89.727576 -170.710764 4.743390 14.014438 -0.887262 0.407730 11.371175 1.200372 0.150741 5.054888 0.520750 0.150741 5.054888 0.520750 0.108666 3.791298 0.389059 -0.368957 13.873204 -0.400248 -0.537321 -10.421843 -0.608810 8.294596 13.202275 9.220155 10.322265 -28.817143 66.121655 16.884937 10.090606 0.149518 -6.021853 18.954397 -10.264292 -5.420300 12.179187 -7.329657 -18.591552 -29.622847 -67.015910 -20.101027 11.410272 1.491476 10.020298 9.560680 8.105359 -23.285694 -48.562549 13.639984 3.569923 44.510101 -1.633464 -7.523411 -8.981829 0.281755 0.000000 0.000000 0.000000 20.798469 -33.012129 -1.936939 -4.904445 56.704838 4.961880 3.991446 -20.685980 -3.211720 1.075427 -16.261636 -7.516737
-28.294089 89.644192 -169.316111 4.636963 13.711109 -0.691594 0.414154 11.379086 1.179330 0.154081 5.058401 0.511277 0.154082 5.058401 0.511277 0.111246 3.793933 0.381930 -0.364264 13.982210 -0.489701 -0.493274 -10.219405 -0.779468 8.321538 13.220558 9.266691 10.757353 -28.814384 66.043220 16.113694 10.390448 0.237766 -6.236342 19.237298 -9.959266 -5.428120 12.203041 -7.293899 -18.474478 -29.466440 -67.318354 -19.771287 11.292000 1.666239 10.050557 9.621669 8.102537 -23.635516 -47.880043 13.791059 3.845019 45.608433 -1.527719 -7.247731 -9.974766 0.094175 0.000000 0.000000 0.000000 19.835855 -33.468044 -1.420722 -3.714642 58.350123 5.809436 4.721241 -16.529278 -2.881224 1.753092 -21.027772 -9.359059
-28.830721 89.633808 -167.937451 4.452020 13.398265 -0.530645 0.433071 11.378507 1.156693 0.163006 5.058171 0.500799 0.163007 5.058171 0.500797 0.118023 3.793765 0.374000 -0.348285 14.107299 -0.576570 -0.429389 -9.986931 -0.949408 8.332899 13.121812 9.300244 11.173878 -28.745861 65.970936 15.384108 10.841257 0.344371 -6.488945 19.613428 -9.535562 -5.412837 12.131381 -7.265289 -18.501826 -29.170342 -67.533527 -19.368745 11.105531 1.816904 10.078122 9.801992 8.045141 -24.224173 -47.063438 14.127394 3.988898 46.680103 -1.657257 -6.633437 -11.265630 -0.062337 0.000000 -0.000000 0.000000 18.732232 -34.112050 -0.909077 -2.084637 60.075376 6.973831 5.712292 -11.740097 -2.200586 2.802336 -26.160419 -11.970098
-29.320480 89.648895 -166.596886 4.235476 13.115546 -0.375520 0.452356 11.365613 1.135543 0.172085 5.052469 0.490992 0.172085 5.052469 0.490992 0.124912 3.789493 0.366579 -0.321014 14.182815 -0.659759 -0.345762 -9.846314 -1.116658 8.312314 13.005334 9.315632 11.501759 -28.697811 65.903776 14.825641 11.338479 0.478085 -6.703125 20.015854 -9.152717 -5.393608 12.051381 -7.250801 -18.307101 -28.927889 -67.849831 -19.037857 11.170751 1.873980 10.107491 10.222596 7.884475 -24.660811 -46.251188 14.340877 4.180474 47.624315 -1.723114 -6.086268 -12.515692 -0.221953 0.000000 0.000000 0.000000 17.715694 -34.763950 -0.466875 -0.350847 61.684257 8.073702 6.741311 -7.708638 -0.857140 4.149775 -30.367533 -15.207604
-29.742333 89.668664 -165.301885 3.979406 12.870150 -0.212753 0.473024 11.334378 1.114579 0.181817 5.038611 0.481266 0.181815 5.038608 0.481269 0.132295 3.779100 0.359219 -0.280228 14.175155 -0.742268 -0.236516 -9.859882 -1.288095 8.233390 12.892459 9.305375 11.700676 -28.705804 65.840018 14.480691 11.917490 0.669107 -6.854110 20.505728 -8.824960 -5.374938 11.984219 -7.255878 -17.635956 -28.813834 -68.387601 -18.849116 11.704824 1.783563 10.145376 11.040623 7.550150 -24.824311 -45.500138 14.339021 4.585082 48.435124 -1.544668 -5.779586 -13.636717 -0.377930 0.000000 -0.000000 0.000000 16.824156 -35.372773 -0.095289 1.359455 63.197240 8.872173 7.991069 -4.887253 1.734938 5.884596 -33.275461 -19.513007
-30.117315 89.713903 -164.044979 3.692043 12.655136 -0.055668 0.494224 11.290818 1.095270 0.191779 5.019279 0.472272 0.191777 5.019275 0.472275 0.139852 3.764604 0.352402 -0.227154 14.118066 -0.820729 -0.105178 -9.964926 -1.457088 8.123192 12.761345 9.276774 11.812873 -28.735232 65.777998 14.310299 12.545195 0.890319 -6.967174 21.020289 -8.536290 -5.351878 11.908779 -7.274876 -16.741759 -28.740599 -69.021517 -18.735590 12.492573 1.604942 10.173820 12.100296 7.113227 -24.851680 -44.755419 14.232475 5.061975 49.119624 -1.278808 -5.543923 -14.718819 -0.524557 0.000000 0.000000 0.000000 16.025016 -35.994995 0.204721 3.171210 64.591885 9.602714 9.433050 -2.907914 4.948729 7.817557 -35.185150 -24.301272
-30.464557 89.799450 -162.825868 3.444346 12.488483 0.083268 0.500773 11.249105 1.084503 0.195050 5.000752 0.467409 0.195050 5.000752 0.467409 0.142361 3.750716 0.348735 -0.167101 14.046934 -0.884598 0.033951 -10.095839 -1.601655 8.044919 12.646856 9.246923 11.893625 -28.766696 65.713536 14.320254 13.014627 1.063841 -7.052389 21.306329 -8.406962 -5.330160 11.848621 -7.298474 -16.020063 -28.663727 -69.570106 -18.630764 13.205862 1.443127 10.168289 13.051995 6.736507 -24.760910 -43.991548 14.044679 5.349847 49.601407 -1.110280 -5.278690 -15.693160 -0.678558 0.000000 -0.000000 0.000000 15.454745 -36.618493 0.352334 5.047879 65.612311 10.511909 10.416354 -1.848301 7.204185 9.109691 -36.042083 -27.519352
-30.786627 89.933542 -161.646662 3.248269 12.377679 0.194415 0.483852 11.218322 1.088163 0.187557 4.987044 0.469485 0.187556 4.987049 0.469484 0.136739 3.740437 0.350356 -0.094601 13.962088 -0.931498 0.190283 -10.251999 -1.719538 8.035273 12.554349 9.225823 11.957230 -28.786326 65.628097 14.547891 13.241256 1.156222 -7.113406 21.279466 -8.482694 -5.311836 11.810004 -7.332229 -15.608277 -28.569890 -69.986615 -18.523540 13.718757 1.341415 10.123948 13.797052 6.494768 -24.518082 -43.197433 13.765961 5.291351 49.836046 -1.135912 -4.920455 -16.529718 -0.853514 0.000000 0.000000 0.000000 15.248073 -37.218135 0.271088 7.137725 66.139443 11.895741 10.385499 -1.982257 7.619428 9.137278 -35.720714 -27.876655
-31.080958 90.107940 -160.505251 3.092155 12.314710 0.286595 0.452025 11.189338 1.100119 0.173263 4.974099 0.475587 0.173262 4.974103 0.475587 0.125985 3.730718 0.355053 -0.015399 13.863252 -0.963960 0.354030 -10.434001 -1.813307 8.057277 12.478998 9.203851 11.989720 -28.808211 65.539278 14.954052 13.310269 1.199859 -7.151443 21.027675 -8.724622 -5.295193 11.786578 -7.370743 -15.368729 -28.483086 -70.322119 -18.421108 14.156192 1.254761 10.054789 14.432603 6.311865 -24.167218 -42.382022 13.419194 5.041938 49.867623 -1.253935 -4.534625 -17.258619 -1.035184 0.000000 0.000000 0.000000 15.284202 -37.822699 0.023444 9.196179 66.279623 13.366247 9.761352 -2.940470 7.041400 8.364454 -34.522544 -26.496066
-31.358981 90.312765 -159.395010 3.011486 12.293960 0.374631 0.416091 11.148963 1.109080 0.157261 4.956070 0.480475 0.157261 4.956070 0.480475 0.113967 3.717179 0.358853 0.047449 13.784649 -0.979238 0.480012 -10.578760 -1.868167 8.062952 12.440603 9.168490 12.002980 -28.854414 65.498114 15.426902 13.270086 1.211571 -7.175568 20.557835 -9.130069 -5.280835 11.783013 -7.388497 -15.284732 -28.424951 -70.544279 -18.280091 14.566244 1.156000 9.973296 14.902166 6.125072 -23.839441 -41.550302 13.073261 4.801259 49.753798 -1.358755 -4.214067 -17.901116 -1.199001 0.000000 0.000000 0.000000 15.315758 -38.501651 -0.262969 10.572649 66.138368 14.116872 9.276727 -3.758485 6.482964 7.518547 -33.160012 -24.889993
-31.624394 90.550587 -158.316903 3.031040 12.317939 0.467136 0.377116 11.089936 1.113752 0.140065 4.929744 0.483557 0.140066 4.929742 0.483558 0.101076 3.697419 0.361313 0.084112 13.740264 -0.975116 0.548352 -10.660624 -1.875617 8.035297 12.465016 9.111211 11.991459 -28.945292 65.541345 15.939863 13.117098 1.168637 -7.189229 19.780085 -9.771191 -5.271273 11.808633 -7.372977 -15.419740 -28.403569 -70.595633 -18.047860 14.977421 1.022212 9.861520 15.081085 5.895988 -23.574080 -40.702623 12.744388 4.641228 49.499192 -1.412575 -4.006659 -18.459632 -1.329857 0.000000 -0.000000 0.000000 15.226519 -39.303433 -0.540831 10.793538 65.781394 13.608659 9.191387 -4.037849 6.310456 6.815014 -31.956893 -23.484078
-31.873499 90.818835 -157.269965 3.126233 12.383748 0.555477 0.334062 11.019500 1.115364 0.121162 4.898340 0.485387 0.121162 4.898338 0.485390 0.086917 3.673852 0.362849 0.103807 13.715806 -0.954153 0.577598 -10.706007 -1.844227 7.990878 12.526290 9.040204 11.959838 -29.060415 65.632498 16.519127 12.856699 1.089245 -7.176400 18.790482 -10.579665 -5.264273 11.854077 -7.336773 -15.709504 -28.412162 -70.534317 -17.778384 15.361270 0.874919 9.737350 15.094035 5.663712 -23.332568 -39.838262 12.419135 4.492103 49.099532 -1.451350 -3.866963 -18.932506 -1.437299 0.000000 0.000000 0.000000 15.135885 -40.179441 -0.860348 10.369263 65.158033 12.407300 9.241045 -4.183085 6.162215 6.050570 -30.584986 -21.860865
-32.106636 91.099916 -156.244678 3.258421 12.477762 0.628703 0.294611 10.946251 1.106445 0.104110 4.865687 0.482459 0.104110 4.865687 0.482459 0.074186 3.649350 0.360795 0.111885 13.702954 -0.920827 0.579751 -10.730210 -1.784670 7.932170 12.566303 8.967920 11.935257 -29.160555 65.712933 17.131156 12.548677 1.051688 -7.125253 17.871260 -11.340314 -5.253261 11.896034 -7.292010 -15.945537 -28.448700 -70.500820 -17.587562 15.680391 0.755067 9.665731 15.258462 5.480383 -23.123886 -38.962075 12.115995 4.338254 48.599786 -1.485437 -3.747538 -19.334885 -1.533400 0.000000 -0.000000 0.000000 15.146390 -41.053831 -1.237152 10.136992 64.223334 11.377064 9.342620 -4.437754 5.957623 5.236955 -28.820413 -20.184352
-32.323554 91.399202 -155.241145 3.414952 12.599570 0.681297 0.262536 10.870813 1.082498 0.090678 4.832071 0.472697 0.090679 4.832071 0.472695 0.064225 3.624126 0.353590 0.109790 13.704677 -0.872009 0.556244 -10.727710 -1.691570 7.853629 12.557238 8.901425 11.925564 -29.225906 65.755314 17.775170 12.165904 1.106708 -7.035349 17.075280 -12.031379 -5.235169 11.924689 -7.241716 -16.020762 -28.518300 -70.569568 -17.533391 15.883383 0.686103 9.704221 15.826683 5.325885 -22.948413 -38.062149 11.840184 4.184933 47.975573 -1.510179 -3.639682 -19.645924 -1.622634 0.000000 0.000000 -0.000000 15.313558 -41.903965 -1.682833 10.429058 62.909411 10.848301 9.481250 -4.917146 5.653315 4.562450 -26.952000 -18.902215
-32.524504 91.711320 -154.259262 3.608564 12.749603 0.719182 0.233904 10.792710 1.047879 0.079009 4.797275 0.458129 0.079010 4.797275 0.458129 0.055619 3.598017 0.342774 0.096127 13.717987 -0.810815 0.505767 -10.703980 -1.570323 7.760783 12.527152 8.833751 11.923054 -29.276353 65.786818 18.448843 11.731576 1.198735 -6.912539 16.348892 -12.674766 -5.212927 11.949733 -7.182828 -16.042084 -28.615415 -70.666374 -17.556327 16.021444 0.644760 9.797472 16.545926 5.218651 -22.803383 -37.150616 11.586114 4.027500 47.251353 -1.529199 -3.552649 -19.886587 -1.699165 -0.000000 0.000000 -0.000000 15.589987 -42.749122 -2.197378 10.848414 61.290943 10.428707 9.671747 -5.504711 5.289601 3.868185 -24.707941 -17.545583
-32.710571 92.002558 -153.289204 3.838619 12.915625 0.748472 0.204829 10.718901 1.008462 0.067235 4.764389 0.441432 0.067235 4.764389 0.441432 0.046949 3.573343 0.330357 0.072015 13.725705 -0.751071 0.436234 -10.690680 -1.447727 7.672841 12.501694 8.756333 11.931767 -29.332372 65.830365 19.117703 11.381051 1.250420 -6.773648 15.806928 -13.119102 -5.188896 11.977152 -7.118355 -16.122274 -28.722674 -70.708732 -17.594702 16.210832 0.603024 9.842979 16.976258 5.267458 -22.691051 -36.268793 11.353564 3.836306 46.545295 -1.563684 -3.465204 -20.134590 -1.761268 0.000000 -0.000000 -0.000000 15.923205 -43.575908 -2.778925 11.103291 59.549045 9.868546 9.872955 -6.093294 4.909523 2.795446 -21.018287 -14.986417
-32.881645 92.271313 -152.331968 4.108593 13.099660 0.776807 0.173080 10.651557 0.962923 0.054392 4.734375 0.422068 0.054393 4.734376 0.422067 0.037496 3.550823 0.315947 0.033531 13.724194 -0.698693 0.342619 -10.694512 -1.333409 7.597278 12.496256 8.661016 11.950914 -29.406400 65.910236 19.784368 11.160768 1.220865 -6.631836 15.528633 -13.255048 -5.161493 12.011061 -7.045600 -16.301936 -28.838711 -70.656999 -17.628328 16.554730 0.534534 9.791064 16.864634 5.528480 -22.593394 -35.432706 11.132712 3.571434 45.873000 -1.641503 -3.363321 -20.395605 -1.800048 -0.000000 0.000000 -0.000000 16.339292 -44.377489 -3.463491 11.079565 57.711337 9.071822 10.105393 -6.650375 4.551329 1.251856 -14.231449 -10.035493
-33.037835 92.519189 -151.386557 4.415112 13.299707 0.797118 0.140753 10.588657 0.912535 0.041377 4.706338 0.400560 0.041378 4.706339 0.400559 0.027926 3.529784 0.299931 -0.015395 13.717281 -0.647718 0.229888 -10.708352 -1.217606 7.526487 12.495625 8.556035 11.981327 -29.486476 66.001824 20.447876 11.026707 1.153210 -6.482605 15.425014 -13.187075 -5.132066 12.047171 -6.967198 -16.541526 -28.964212 -70.550162 -17.677509 16.949898 0.464710 9.691128 16.466671 5.948884 -22.526053 -34.626307 10.932336 3.274853 45.218797 -1.731264 -3.261089 -20.664070 -1.824462 -0.000000 0.000000 -0.000000 16.818363 -45.156707 -4.223039 10.936651 55.751387 8.174842 10.348070 -7.211221 4.180563 0.208270 -5.937483 -4.174905
-33.180554 92.717281 -150.440158 4.747113 13.497613 0.793207 0.110523 10.530779 0.867122 0.029152 4.680545 0.381191 0.029152 4.680545 0.381191 0.018927 3.510429 0.285510 -0.062055 13.698902 -0.594251 0.120525 -10.743338 -1.098057 7.457110 12.479425 8.457340 12.029372 -29.556388 66.054757 21.070514 10.979400 1.099767 -6.320350 15.357966 -13.085740 -5.107459 12.078997 -6.894181 -16.833811 -29.084840 -70.423353 -17.740674 17.203038 0.444209 9.589177 16.105802 6.471874 -22.539756 -33.843126 10.777718 3.037236 44.654166 -1.768963 -3.179318 -21.000764 -1.859973 0.000000 -0.000000 0.000000 17.231582 -45.918393 -4.950886 10.821970 53.768713 7.307080 10.503538 -7.766277 3.729156 0.000000 0.000000 0.000000
-33.312304 92.856652 -149.492839 5.114638 13.693416 0.759853 0.079561 10.474109 0.830463 0.016394 4.655292 0.365697 0.016396 4.655290 0.365694 0.009501 3.491478 0.273992 -0.102542 13.667741 -0.539725 0.022439 -10.801874 -0.978994 7.378756 12.434817 8.366107 12.104822 -29.601687 66.048643 21.647514 11.047000 1.088406 -6.141736 15.308918 -12.983141 -5.086633 12.108219 -6.824348 -17.204704 -29.182089 -70.278654 -17.835581 17.209516 0.520902 9.499551 15.975420 7.020816 -22.675405 -33.084081 10.683783 2.898319 44.200020 -1.725573 -3.123153 -21.428891 -1.925126 0.000000 0.000000 0.000000 17.532510 -46.680569 -5.610405 10.838089 51.777066 6.529101 10.560489 -8.307386 3.116637 0.027230 1.539664 1.109497
-33.430583 92.946240 -148.544532 5.507440 13.887573 0.702480 0.050651 10.422464 0.798743 0.004413 4.632282 0.352334 0.004417 4.632280 0.352330 0.000637 3.474212 0.264067 -0.141025 13.625083 -0.482831 -0.072829 -10.881623 -0.856214 7.301539 12.374800 8.281083 12.197923 -29.636712 66.003802 22.184907 11.199821 1.093334 -5.948357 15.295498 -12.847193 -5.070659 12.133210 -6.759917 -17.628458 -29.272740 -70.113936 -17.945362 17.075241 0.648592 9.405125 15.884484 7.669412 -22.886323 -32.348330 10.631023 2.814610 43.835670 -1.636431 -3.087566 -21.925187 -2.000892 0.000000 -0.000000 0.000000 17.760281 -47.427960 -6.231473 10.869058 49.762759 5.767112 10.548440 -8.833027 2.413498 0.013111 0.766537 0.559250
-33.529296 92.983961 -147.582214 5.883813 14.062689 0.620237 0.035017 10.387723 0.770492 -0.001817 4.616819 0.340203 -0.001817 4.616819 0.340203 -0.003937 3.462615 0.255027 -0.176998 13.568615 -0.415635 -0.167550 -10.986905 -0.714882 7.252963 12.317476 8.214456 12.285492 -29.687918 65.931043 22.660648 11.351100 1.085995 -5.746046 15.238346 -12.756414 -5.069862 12.142849 -6.718655 -18.020504 -29.396269 -69.958082 -18.015608 16.921929 0.737129 9.300189 15.580833 8.584273 -23.091702 -31.627132 10.592514 2.750163 43.570325 -1.536916 -3.078472 -22.480666 -2.056008 0.000000 0.000000 0.000000 17.906209 -48.119334 -6.797680 10.734406 47.782461 4.953883 10.427623 -9.342962 1.775254 0.000000 -0.000000 0.000000
-33.609532 92.965275 -146.608407 6.242353 14.220139 0.508427 0.035091 10.374578 0.748452 -0.001272 4.610976 0.330454 -0.001274 4.610976 0.330455 -0.003454 3.458232 0.247718 -0.208217 13.489363 -0.327747 -0.261735 -11.134356 -0.536176 7.249931 12.268366 8.175843 12.331490 -29.772482 65.829223 23.092447 11.507820 1.070165 -5.535407 15.095268 -12.730997 -5.083962 12.129597 -6.709885 -18.339410 -29.589567 -69.824803 -18.015961 16.798681 0.736754 9.126325 14.942915 9.912743 -23.291475 -30.916971 10.575846 2.730048 43.397184 -1.420145 -3.115439 -23.095923 -2.071989 0.000000 -0.000000 0.000000 17.952353 -48.771841 -7.294711 10.390806 45.835198 4.052647 10.199821 -9.845432 1.308349 0.000000 -0.000000 -0.000000
-33.670202 92.894721 -145.620590 6.584200 14.358965 0.371190 0.048663 10.378129 0.730091 0.005145 4.612570 0.322018 0.005145 4.612567 0.322016 0.001422 3.459427 0.241342 -0.237283 13.396162 -0.229739 -0.356231 -11.307495 -0.338900 7.275566 12.221317 8.155286 12.371323 -29.872284 65.699457 23.462377 11.663583 1.042522 -5.318909 14.909788 -12.753207 -5.113734 12.101499 -6.724436 -18.628275 -29.816306 -69.700067 -17.976074 16.654867 0.697690 8.906891 14.103424 11.504726 -23.483931 -30.221491 10.571982 2.729328 43.322819 -1.294223 -3.180248 -23.770263 -2.065585 0.000000 -0.000000 0.000000 17.905571 -49.370785 -7.725083 9.906624 43.917595 3.131521 9.851849 -10.333106 0.903899 0.000000 -0.000000 -0.000000
-33.701955 92.783828 -144.598170 6.871475 14.457954 0.220279 0.080057 10.395830 0.706082 0.019551 4.620486 0.310681 0.019551 4.620486 0.310681 0.012302 3.465375 0.232736 -0.270690 13.313555 -0.144932 -0.453950 -11.460753 -0.164565 7.306865 12.176877 8.135709 12.489413 -29.961414 65.555215 23.692608 11.713325 0.962748 -5.107012 14.732707 -12.844129 -5.171080 12.071074 -6.752272 -18.928753 -30.006729 -69.571046 -17.931198 16.461986 0.678793 8.764744 13.183981 13.082593 -23.589191 -29.543343 10.531418 2.638879 43.377018 -1.213283 -3.222372 -24.492841 -2.058735 0.000000 0.000000 0.000000 17.791542 -49.827638 -8.093624 9.272760 42.082031 2.290197 9.324589 -10.787545 0.392830 0.000000 -0.000000 0.000000
-33.706850 92.631403 -143.541150 7.092820 14.516357 0.055264 0.138325 10.433177 0.673594 0.046007 4.637173 0.294981 0.046004 4.637179 0.294986 0.032239 3.477912 0.220773 -0.315297 13.237805 -0.074927 -0.567143 -11.601104 -0.013481 7.336979 12.137339 8.110322 12.737456 -30.041460 65.396038 23.739380 11.596720 0.796018 -4.882348 14.564615 -13.060180 -5.276567 12.039022 -6.789795 -19.300522 -30.140501 -69.405496 -17.890155 16.182302 0.716629 8.775651 12.109657 14.614765 -23.547193 -28.896302 10.436810 2.393985 43.572720 -1.198526 -3.228961 -25.286165 -2.057338 0.000000 -0.000000 0.000000 17.514994 -50.128193 -8.306877 8.485167 40.266488 1.517787 8.650491 -11.416292 -0.694839 0.000000 -0.000000 -0.000000
-33.682827 92.438637 -142.449527 7.259680 14.534637 -0.124159 0.214635 10.484466 0.635662 0.080559 4.660060 0.276435 0.080555 4.660065 0.276440 0.058269 3.495090 0.206603 -0.364067 13.172920 -0.017937 -0.683126 -11.721142 0.114809 7.372807 12.100335 8.085942 13.064588 -30.111818 65.220697 23.645217 11.374970 0.580433 -4.662685 14.405591 -13.343347 -5.409667 12.005351 -6.840379 -19.682712 -30.236656 -69.235983 -17.846466 15.853874 0.774759 8.852901 10.944125 16.130659 -23.421032 -28.267125 10.307869 2.060671 43.897775 -1.226170 -3.214058 -26.127852 -2.055196 0.000000 -0.000000 0.000000 17.163519 -50.287813 -8.449057 7.546349 38.531423 0.839914 7.831501 -12.041001 -1.893976 -0.000000 0.000000 0.000000
-33.614355 92.220635 -141.302707 7.368586 14.493044 -0.306224 0.286342 10.530508 0.591638 0.113230 4.680585 0.255281 0.113230 4.680585 0.255281 0.082916 3.510487 0.190485 -0.402030 13.155091 0.008022 -0.765838 -11.753893 0.179686 7.412008 12.059696 8.066186 13.401681 -30.143859 65.042695 23.461581 11.125866 0.384865 -4.508733 14.305324 -13.540198 -5.520290 11.980969 -6.904638 -19.934061 -30.286716 -69.147861 -17.811787 15.562339 0.801929 8.915545 10.008800 17.448873 -23.316641 -27.617885 10.150134 1.725148 44.344702 -1.283733 -3.166822 -26.939906 -2.056911 0.000000 -0.000000 0.000000 17.042240 -50.262414 -8.796665 6.426203 37.121241 0.380749 6.699549 -12.021472 -1.984412 -0.000000 -0.000000 0.000000
-33.492160 91.968728 -140.091987 7.393740 14.381636 -0.493901 0.351056 10.561730 0.539402 0.143019 4.694501 0.230659 0.143021 4.694499 0.230657 0.105431 3.520928 0.171793 -0.421272 13.209177 -0.013859 -0.793100 -11.653485 0.145695 7.452538 12.012687 8.048119 13.809534 -30.114601 64.828335 23.158289 10.824394 0.212406 -4.457378 14.259141 -13.572955 -5.579997 11.967373 -6.976040 -19.974164 -30.276285 -69.200837 -17.819626 15.322153 0.783458 8.984039 9.443240 18.521416 -23.286622 -26.904866 9.977152 1.431768 44.889429 -1.368977 -3.074796 -27.773876 -2.095347 0.001375 0.324639 -0.101706 17.332253 -49.975416 -9.516880 5.080275 36.032987 0.210793 4.629344 -10.680470 0.078324 -0.000000 0.000000 0.000000
-33.325514 91.691583 -138.826069 7.361601 14.209746 -0.684015 0.411250 10.587674 0.481114 0.170954 4.706052 0.203464 0.170955 4.706052 0.203463 0.126575 3.529596 0.151191 -0.428735 13.310022 -0.066727 -0.785203 -11.466508 0.047872 7.496544 11.961947 8.034983 14.227177 -30.047271 64.614317 22.766809 10.495772 0.064195 -4.468644 14.272405 -13.516652 -5.616794 11.962188 -7.061344 -19.881399 -30.223313 -69.335355 -17.834510 15.118761 0.733678 9.071095 9.103233 19.398918 -23.278116 -26.172032 9.771565 1.131242 45.555763 -1.492733 -2.950828 -28.578642 -2.137421 0.003226 0.648916 -0.204540 17.840846 -49.499035 -10.429233 3.526569 35.292174 0.237205 2.322419 -8.481731 3.096059 0.000000 0.000000 0.000000
-33.126703 91.430304 -137.510466 7.347016 13.986823 -0.855750 0.451485 10.618081 0.422411 0.190067 4.719552 0.176535 0.190067 4.719552 0.176535 0.141104 3.539720 0.130855 -0.431720 13.418751 -0.118097 -0.769557 -11.264876 -0.048853 7.547926 11.909367 8.039693 14.403020 -29.982431 64.519910 22.430723 10.294427 -0.000372 -4.487046 14.409400 -13.447460 -5.665028 11.970154 -7.181371 -19.752836 -30.169516 -69.458217 -17.762324 14.993318 0.645060 9.103290 8.888068 20.050144 -23.239563 -25.512473 9.493353 0.768491 46.408155 -1.664393 -2.819623 -29.121806 -2.091668 0.000000 0.000000 0.000000 18.322986 -49.014943 -11.299730 1.817504 35.185102 0.306158 1.411344 -6.701706 5.123561 0.000000 -0.000000 0.000000
-32.887554 91.184462 -136.129931 7.386226 13.701054 -0.992065 0.449167 10.656591 0.360168 0.190435 4.736605 0.149003 0.190436 4.736604 0.149003 0.141589 3.552500 0.110210 -0.427103 13.520187 -0.158509 -0.744148 -11.076722 -0.127734 7.601599 11.822859 8.077136 14.136287 -29.928892 64.632644 22.240008 10.351107 0.086276 -4.500960 14.793314 -13.343729 -5.738629 11.996422 -7.364513 -19.527720 -30.123117 -69.576778 -17.600766 15.016628 0.495461 9.023447 8.764909 20.440536 -23.187808 -24.876559 9.124402 0.332832 47.418409 -1.911047 -2.650513 -29.556864 -1.943910 -0.021701 -2.101613 0.822106 18.675195 -48.631363 -12.109704 -0.214857 36.071547 0.355550 2.957273 -6.016928 5.322149 0.000000 -0.000000 -0.000000
-32.616238 90.954487 -134.699711 7.443012 13.364469 -1.110416 0.427031 10.699819 0.297235 0.182057 4.755744 0.121623 0.182058 4.755744 0.121622 0.135518 3.566844 0.089744 -0.418003 13.629408 -0.197477 -0.710978 -10.874086 -0.205597 7.662220 11.734520 8.132589 13.628814 -29.873257 64.861576 22.106067 10.536384 0.250522 -4.519942 15.301234 -13.228801 -5.822907 12.035371 -7.582660 -19.267420 -30.076884 -69.682421 -17.349647 15.116733 0.308500 8.902856 8.765599 20.604562 -23.108059 -24.313099 8.684947 -0.173770 48.614544 -2.218907 -2.464140 -29.730323 -1.717529 -0.096203 -5.173164 1.962892 19.008301 -48.241156 -12.884081 -2.424068 37.598527 0.365134 5.769078 -5.883244 4.631317 -0.000000 -0.000000 -0.000000
-32.349560 90.782764 -133.271059 7.483421 13.022558 -1.241812 0.437535 10.746953 0.248558 0.187798 4.776654 0.099794 0.187798 4.776654 0.099794 0.139985 3.582522 0.073332 -0.421382 13.753262 -0.230904 -0.703750 -10.644202 -0.267907 7.749356 11.742199 8.174421 13.232371 -29.826705 65.060272 21.902273 10.614568 0.337275 -4.524748 15.626323 -13.246569 -5.909789 12.076446 -7.771865 -19.252204 -30.047483 -69.661233 -16.919743 15.119553 0.145261 8.856560 8.886255 20.614567 -22.899030 -24.061327 8.194837 -0.785383 50.147152 -2.536980 -2.343956 -28.947893 -1.387048 -0.215858 -8.744355 2.822685 19.406378 -47.708359 -13.462121 -4.268634 38.950840 0.298676 7.949810 -5.996045 4.017158 -0.000000 -0.000000 0.000000
-32.099399 90.683263 -131.846738 7.496269 12.671273 -1.408197 0.514525 10.809868 0.226236 0.222334 4.804634 0.088059 0.222331 4.804637 0.088064 0.165954 3.603512 0.064261 -0.451109 13.904620 -0.254653 -0.750180 -10.363154 -0.301493 7.908270 11.957301 8.190423 13.088665 -29.827155 65.177961 21.580319 10.455840 0.253112 -4.497950 15.518433 -13.552537 -6.014139 12.131959 -7.924325 -19.724024 -30.045174 -69.389262 -16.203363 14.883909 0.040549 8.936467 9.162850 20.467903 -22.488566 -24.187472 7.630688 -1.523526 52.117561 -2.843381 -2.290509 -26.840304 -0.907782 -0.332456 -12.679215 3.082838 19.947778 -46.940824 -13.756640 -5.536756 39.792517 0.155713 8.777592 -6.357883 3.925436 0.000000 0.000000 0.000000
-31.853876 90.642016 -130.423985 7.493253 12.314536 -1.587174 0.624148 10.876299 0.219031 0.270953 4.834203 0.082213 0.270950 4.834206 0.082219 0.202438 3.625695 0.059485 -0.493121 14.070937 -0.272651 -0.822003 -10.054279 -0.319531 8.096418 12.267744 8.195034 13.055308 -29.840924 65.267906 21.188442 10.186660 0.097252 -4.457372 15.224183 -13.987149 -6.121510 12.190411 -8.047848 -20.441324 -30.051504 -68.994627 -15.313842 14.547829 -0.050018 9.093020 9.558510 20.170756 -21.936435 -24.621043 7.008919 -2.379119 54.427607 -3.185436 -2.224994 -23.775270 -0.363077 -0.452294 -17.117554 3.069160 20.549434 -46.037120 -13.843718 -6.419939 40.433637 0.002920 8.992724 -7.011592 3.971060 0.000000 0.000000 0.000000
-31.614149 90.659506 -129.045770 7.474354 12.009721 -1.742984 0.717024 10.909364 0.206617 0.312309 4.848919 0.074472 0.312309 4.848919 0.074472 0.233500 3.636728 0.053338 -0.522768 14.220888 -0.293058 -0.869545 -9.775828 -0.347033 8.200125 12.436793 8.193356 13.057165 -29.776003 65.343775 20.741855 9.958370 0.001748 -4.444596 15.183946 -14.225931 -6.180659 12.205679 -8.101561 -20.957915 -30.047701 -68.742197 -14.490314 14.359425 -0.176349 9.285883 9.959147 19.807640 -21.335512 -25.397241 6.404781 -3.352940 56.927943 -3.627238 -2.129802 -20.163182 0.089550 -0.613474 -22.003730 3.154737 21.054404 -45.146834 -13.812643 -6.951907 41.018634 -0.026662 8.917745 -7.789392 3.966528 0.000000 0.000000 0.000000
-31.378202 90.752834 -127.736690 7.431492 11.788388 -1.853617 0.777296 10.882978 0.172505 0.339795 4.837160 0.057998 0.339796 4.837159 0.057992 0.254236 3.627902 0.040769 -0.531046 14.360128 -0.326837 -0.871694 -9.517372 -0.408005 8.136155 12.319266 8.176995 13.152500 -29.549354 65.378228 20.157799 9.780089 0.020758 -4.474416 15.607399 -14.108669 -6.159286 12.143097 -8.036714 -21.057715 -30.056444 -68.780634 -13.742401 14.465561 -0.367964 9.522067 10.354714 19.394579 -20.663335 -26.679756 5.810053 -4.616215 59.727362 -4.319444 -2.029674 -15.472030 0.397746 -0.954869 -28.825065 3.598351 21.412045 -44.321484 -13.685647 -6.980290 41.598945 0.176897 8.520587 -8.679477 3.851748 0.000000 -0.000000 -0.000000
-31.148052 90.904900 -126.472148 7.371906 11.618894 -1.941107 0.820532 10.823487 0.132551 0.359898 4.810667 0.039417 0.359898 4.810667 0.039413 0.269455 3.608025 0.026700 -0.527275 14.482770 -0.363147 -0.850363 -9.289764 -0.478249 7.985018 12.061749 8.151986 13.283665 -29.244443 65.400093 19.518032 9.647410 0.097868 -4.531044 16.290489 -13.803017 -6.091418 12.036696 -7.901681 -20.955511 -30.061797 -68.958294 -13.056557 14.725031 -0.584780 9.790369 10.757687 18.914982 -19.923459 -28.304166 5.209602 -6.125750 62.711351 -5.243843 -1.906434 -10.233691 0.616159 -1.451185 -36.087685 4.269980 21.684330 -43.508925 -13.456437 -6.648002 42.121914 0.508295 7.830693 -9.696393 3.707454 -0.000000 -0.000000 -0.000000
-30.930910 91.064887 -125.221313 7.318268 11.463846 -2.035938 0.844228 10.772948 0.114306 0.370837 4.788178 0.030891 0.370837 4.788178 0.030891 0.277723 3.591154 0.020243 -0.514931 14.540049 -0.377669 -0.821527 -9.183459 -0.510543 7.877329 11.865225 8.141986 13.202007 -29.016147 65.503146 19.082886 9.692592 0.189461 -4.616616 17.053923 -13.479055 -6.024141 11.943350 -7.801114 -20.852443 -29.995665 -69.088419 -12.633532 14.954971 -0.766882 10.022761 11.084906 18.399362 -19.266568 -29.818753 4.685470 -7.464433 65.397747 -6.097266 -1.761250 -6.454830 0.795041 -1.675578 -39.274078 4.693668 21.885414 -42.700066 -13.178221 -6.437412 42.581243 0.766926 7.265413 -10.706881 3.533476 -0.000000 0.000000 -0.000000
-30.728606 91.212648 -123.966845 7.296697 11.300697 -2.148330 0.835874 10.746925 0.132354 0.366736 4.776641 0.039120 0.366735 4.776641 0.039121 0.274585 3.582506 0.026452 -0.493462 14.498042 -0.354554 -0.790156 -9.261410 -0.475277 7.872574 11.811265 8.162714 12.696572 -28.935378 65.771607 19.021220 10.054972 0.294503 -4.776397 18.011703 -13.136360 -5.973730 11.884652 -7.779346 -20.848743 -29.784413 -69.092601 -12.610723 15.057524 -0.893584 10.203790 11.289752 17.863465 -18.717058 -31.048274 4.233137 -8.347006 67.736222 -6.557474 -1.609562 -5.225002 1.013781 -1.168295 -35.226677 4.360399 22.010116 -41.885261 -12.862409 -6.577836 42.991478 0.843321 6.998765 -11.683500 3.301127 -0.000000 0.000000 -0.000000
-30.539311 91.368330 -122.726085 7.281100 11.152051 -2.268192 0.807712 10.730046 0.171851 0.353369 4.769202 0.057280 0.353369 4.769202 0.057280 0.264425 3.576937 0.040172 -0.464048 14.390781 -0.309486 -0.752411 -9.460477 -0.401578 7.911867 11.817877 8.198494 11.977500 -28.926219 66.117681 19.166759 10.591660 0.413328 -4.960653 19.049126 -12.772661 -5.922594 11.839241 -7.791868 -20.845386 -29.501812 -69.049854 -12.851334 15.128707 -0.988267 10.347450 11.415621 17.287736 -18.269121 -32.172464 3.874162 -8.868232 69.782775 -6.735193 -1.497746 -5.455159 1.218027 -0.434402 -27.102338 3.808109 22.069240 -41.073557 -12.503201 -6.847923 43.340002 0.841464 6.859950 -12.652600 3.027513 0.000000 0.000000 -0.000000
-30.364744 91.541556 -121.520227 7.215984 11.048086 -2.395355 0.794400 10.717874 0.216361 0.346455 4.763862 0.077304 0.346455 4.763862 0.077304 0.259088 3.572942 0.055238 -0.432797 14.271454 -0.265553 -0.710850 -9.681963 -0.330666 7.948809 11.840242 8.225178 11.428292 -28.926282 66.374976 19.274408 11.010446 0.498126 -5.042610 19.639277 -12.551277 -5.865783 11.799870 -7.810175 -20.746445 -29.302060 -69.009067 -13.145627 15.274439 -1.062779 10.431184 11.512852 16.649038 -18.053664 -33.277180 3.756096 -9.065687 71.219178 -6.850636 -1.488143 -5.882786 1.276497 0.068694 -19.883393 3.560438 22.098741 -40.283848 -12.125624 -7.055681 43.582727 0.880011 6.750732 -13.560495 2.768790 0.000000 0.000000 0.000000
-30.204007 91.744600 -120.357623 7.066317 11.003114 -2.537003 0.812202 10.711245 0.262154 0.353276 4.761000 0.097164 0.353277 4.760999 0.097164 0.264047 3.570806 0.070073 -0.398997 14.141933 -0.225171 -0.663202 -9.922403 -0.267396 7.976772 11.872095 8.235229 11.209809 -28.926495 66.466458 19.245751 11.232336 0.529162 -4.927999 19.408338 -12.577998 -5.792841 11.768323 -7.840188 -20.454326 -29.270602 -68.998529 -13.437129 15.641536 -1.120945 10.420205 11.605164 15.877756 -18.274520 -34.369019 4.056331 -8.719342 71.878473 -6.902134 -1.584179 -6.143950 1.083262 0.388665 -15.452892 3.837737 22.128739 -39.510815 -11.742856 -7.122944 43.678562 1.019882 6.626335 -14.383432 2.551123 0.000000 -0.000000 0.000000
-30.057998 91.965188 -119.229921 6.866808 11.002346 -2.686052 0.845017 10.709314 0.313040 0.366618 4.760252 0.118921 0.366618 4.760251 0.118921 0.273877 3.570260 0.086278 -0.363059 14.000381 -0.185887 -0.611165 -10.185207 -0.207016 8.002395 11.919699 8.235994 11.161013 -28.940168 66.471479 19.176598 11.337002 0.523765 -4.716497 18.728391 -12.744853 -5.714293 11.742872 -7.876200 -20.066224 -29.321844 -68.989839 -13.785193 16.081923 -1.162987 10.349328 11.665711 15.044105 -18.764489 -35.437638 4.633491 -7.963292 71.930666 -6.800909 -1.775079 -6.600912 0.741737 0.659895 -11.939567 4.277202 22.132160 -38.758103 -11.346715 -7.126473 43.669071 1.197943 6.531794 -15.145001 2.346835 0.000000 -0.000000 0.000000
-29.931137 92.176116 -118.133263 6.666524 11.032398 -2.820875 0.879037 10.704989 0.364052 0.380491 4.758451 0.140711 0.380491 4.758451 0.140711 0.284106 3.568927 0.102504 -0.332694 13.894275 -0.163761 -0.562809 -10.382240 -0.176957 7.999198 11.956943 8.225592 11.183709 -28.941907 66.457320 19.110100 11.272141 0.484040 -4.580804 18.190155 -12.893520 -5.656866 11.711007 -7.872261 -19.779304 -29.353424 -68.944825 -14.150588 16.260175 -1.192681 10.304741 11.672836 14.335924 -19.085261 -36.551485 5.143032 -7.475507 71.559819 -6.752275 -2.094470 -7.081345 0.440020 0.780877 -8.695381 4.219742 22.057450 -38.057525 -10.929515 -7.105502 43.634796 1.346685 6.502302 -15.862603 2.133097 0.000000 0.000000 0.000000
-29.823716 92.374562 -117.073345 6.475767 11.096115 -2.936398 0.913534 10.693028 0.413407 0.394625 4.753255 0.161774 0.394624 4.753255 0.161775 0.294537 3.565047 0.118186 -0.311176 13.850166 -0.165727 -0.521472 -10.464196 -0.189085 7.947996 11.974373 8.196790 11.304478 -28.906345 66.429576 19.050544 10.909569 0.387723 -4.619491 18.021653 -12.983073 -5.636191 11.666669 -7.797733 -19.658881 -29.323908 -68.861032 -14.528732 15.974318 -1.218576 10.338953 11.643926 13.860702 -18.961234 -37.789479 5.399657 -7.678698 70.802526 -6.927055 -2.625420 -7.564462 0.209331 0.611385 -5.272024 3.072096 21.849613 -37.425354 -10.476473 -7.075855 43.585585 1.436776 6.586648 -16.529363 1.894011 -0.000000 0.000000 0.000000
-29.735442 92.563349 -116.044471 6.283997 11.190829 -3.038055 0.949291 10.678671 0.462872 0.409320 4.747005 0.182865 0.409319 4.747003 0.182865 0.305389 3.560376 0.133885 -0.295373 13.841408 -0.185105 -0.483946 -10.480529 -0.231925 7.868004 11.981145 8.156964 11.496604 -28.858428 66.382590 18.995723 10.377113 0.258965 -4.735437 17.994468 -13.055361 -5.636514 11.616023 -7.683161 -19.639591 -29.274592 -68.740816 -14.917599 15.426684 -1.223621 10.406190 11.564495 13.512829 -18.647032 -39.079841 5.563393 -8.165942 69.617759 -7.182777 -3.279671 -8.076062 0.001102 0.260722 -2.142373 1.324458 21.564085 -36.842742 -10.004548 -7.024601 43.512116 1.495153 6.736517 -17.150806 1.641927 -0.000000 -0.000000 0.000000
-29.669860 92.723736 -115.025693 6.109211 11.295256 -3.119738 0.974721 10.670555 0.512853 0.419430 4.743529 0.204411 0.419430 4.743529 0.204411 0.312803 3.557790 0.149958 -0.283450 13.835634 -0.217574 -0.448525 -10.491325 -0.297947 7.790451 11.979140 8.126254 11.582221 -28.848452 66.366449 18.976854 10.006884 0.168069 -4.812040 18.014389 -13.073731 -5.637414 11.564814 -7.574293 -19.723183 -29.227155 -68.551661 -15.280039 14.889568 -1.170940 10.447711 11.367363 13.160435 -18.492511 -40.273012 5.802840 -8.409156 68.073053 -7.290822 -3.852587 -8.511526 -0.106847 0.000000 -0.000000 0.000000 21.312148 -36.290262 -9.550469 -6.948631 43.466192 1.538830 6.840734 -17.763560 1.397826 0.000000 -0.000000 0.000000
-29.630289 92.857347 -114.012137 5.946493 11.404100 -3.187020 0.987252 10.671826 0.565605 0.423757 4.744221 0.227459 0.423757 4.744222 0.227459 0.315867 3.558328 0.167200 -0.275998 13.828715 -0.265393 -0.415421 -10.504240 -0.391182 7.725372 11.967853 8.113968 11.457745 -28.919199 66.415571 19.007091 9.975297 0.155406 -4.797159 18.077891 -12.994510 -5.631273 11.514585 -7.484779 -19.957752 -29.173197 -68.255018 -15.597173 14.437668 -1.028878 10.427604 10.955576 12.719708 -18.690418 -41.289932 6.246880 -8.308247 66.108798 -7.280024 -4.296903 -8.823895 -0.075686 -0.050500 0.634907 -0.336794 21.124351 -35.759679 -9.104441 -6.837614 43.442986 1.563780 6.856131 -18.362356 1.173049 0.000000 0.000000 -0.000000
-29.613409 92.962558 -113.008677 5.800833 11.522876 -3.234300 0.989523 10.679366 0.618888 0.423518 4.747685 0.250964 0.423518 4.747686 0.250964 0.315503 3.560942 0.184819 -0.272556 13.824708 -0.326328 -0.384661 -10.511712 -0.507593 7.662872 11.947856 8.110940 11.226712 -29.028501 66.496594 19.071313 10.106201 0.179581 -4.743771 18.188768 -12.860381 -5.625576 11.463754 -7.400962 -20.294298 -29.119800 -67.889142 -15.887955 13.997326 -0.828807 10.387231 10.425163 12.276152 -19.062607 -42.205209 6.786244 -7.989138 63.787194 -7.146835 -4.679470 -9.056638 0.060176 -0.021253 0.316550 -0.170615 20.966829 -35.260376 -8.672944 -6.703907 43.447635 1.571886 6.824323 -18.953323 0.958408 -0.000000 -0.000000 -0.000000
-29.612805 93.015757 -112.008988 5.705316 11.646686 -3.238391 0.977725 10.692351 0.666411 0.417175 4.753539 0.272232 0.417175 4.753539 0.272232 0.310580 3.565343 0.200805 -0.269433 13.803606 -0.389174 -0.353687 -10.550875 -0.627497 7.604269 11.922835 8.109487 11.022511 -29.099750 66.556729 19.155916 10.203126 0.186910 -4.692452 18.264133 -12.762093 -5.622670 11.413229 -7.327743 -20.589616 -29.112865 -67.536117 -16.174855 13.617972 -0.632651 10.378418 9.998793 11.949321 -19.407957 -43.101486 7.240893 -7.370389 61.360325 -6.712234 -4.977508 -9.236602 0.283558 0.000000 -0.000000 0.000000 20.850713 -34.801683 -8.313723 -6.577426 43.546626 1.590265 6.761499 -19.591062 0.745678 0.000000 -0.000000 0.000000
-29.626250 93.006704 -111.013174 5.689777 11.775380 -3.184463 0.941823 10.711078 0.704761 0.400367 4.761889 0.289987 0.400367 4.761889 0.289987 0.297838 3.571610 0.214239 -0.266612 13.758042 -0.451136 -0.323494 -10.635410 -0.745687 7.547450 11.899187 8.104973 10.899799 -29.100760 66.573250 19.276203 10.195998 0.158769 -4.650554 18.264405 -12.735829 -5.625373 11.368843 -7.266846 -20.792206 -29.180377 -67.215870 -16.467560 13.324048 -0.462631 10.425876 9.788873 11.800376 -19.673582 -44.008830 7.540408 -6.350083 58.896253 -5.860813 -5.248493 -9.371964 0.626948 0.000000 0.000000 0.000000 20.777293 -34.392770 -8.054821 -6.478545 43.767927 1.623859 6.667661 -20.291573 0.531641 0.000000 0.000000 0.000000
-29.655971 92.945639 -110.021131 5.724792 11.909170 -3.086887 0.891799 10.735041 0.737480 0.377429 4.772526 0.305570 0.377429 4.772526 0.305570 0.280517 3.579586 0.226092 -0.263913 13.695479 -0.514987 -0.292598 -10.751455 -0.867518 7.494561 11.870529 8.102028 10.803930 -29.063866 66.567878 19.417131 10.155029 0.113996 -4.610209 18.229197 -12.745357 -5.630899 11.324618 -7.216588 -20.954360 -29.295415 -66.907721 -16.757458 13.090553 -0.298636 10.497605 9.684855 11.765723 -19.899147 -44.900469 7.743318 -5.201857 56.315713 -4.872028 -5.456584 -9.455580 1.068199 0.000000 0.000000 0.000000 20.739214 -34.026131 -7.863156 -6.386259 44.083322 1.670009 6.543330 -21.039287 0.320596 0.000000 -0.000000 0.000000
-29.702223 92.839668 -109.026226 5.754560 12.043806 -2.966325 0.853828 10.762235 0.768635 0.359852 4.784609 0.320177 0.359852 4.784609 0.320177 0.267220 3.588648 0.237170 -0.257222 13.618262 -0.577877 -0.254315 -10.894632 -0.989289 7.453357 11.821412 8.106793 10.704712 -29.009250 66.553247 19.519551 10.094148 0.054643 -4.589310 18.194562 -12.773298 -5.633207 11.263719 -7.176824 -21.089264 -29.423071 -66.632967 -17.040541 12.892324 -0.140110 10.556649 9.575427 11.776397 -20.013522 -45.777424 7.852730 -4.361716 53.656370 -4.114647 -5.432678 -9.489963 1.525823 0.000000 -0.000000 0.000000 20.734323 -33.686150 -7.704837 -6.267197 44.474768 1.745638 6.406866 -21.841314 0.114673 0.000000 -0.000000 0.000000
-29.760542 92.686064 -108.033280 5.760487 12.178798 -2.825634 0.839499 10.792563 0.800124 0.352716 4.798122 0.334376 0.352716 4.798122 0.334375 0.261751 3.598787 0.247859 -0.244698 13.523875 -0.639605 -0.205168 -11.069591 -1.111432 7.424848 11.739245 8.118918 10.581055 -28.933346 66.535498 19.572979 10.004995 -0.021378 -4.599690 18.167760 -12.822631 -5.629645 11.175220 -7.150893 -21.204061 -29.561486 -66.396552 -17.316362 12.727778 0.013651 10.589004 9.443130 11.809789 -19.957251 -46.649337 7.820550 -4.043567 50.851006 -3.715727 -4.986725 -9.421175 2.062056 0.000000 -0.000000 0.000000 20.790989 -33.369360 -7.594890 -6.118864 44.942220 1.867339 6.259184 -22.708375 -0.084518 0.000000 0.000000 0.000000
-29.835393 92.487553 -107.037471 5.761314 12.314693 -2.662004 0.837145 10.826181 0.829946 0.350906 4.813112 0.347553 0.350906 4.813113 0.347553 0.260282 3.610037 0.257742 -0.227989 13.415012 -0.700616 -0.148044 -11.271324 -1.234185 7.408345 11.636699 8.138524 10.453714 -28.839966 66.508513 19.588313 9.895645 -0.112130 -4.629275 18.141291 -12.890524 -5.622771 11.070053 -7.135692 -21.291659 -29.713257 -66.194117 -17.586360 12.598337 0.160429 10.608632 9.305093 11.888646 -19.775656 -47.506536 7.680667 -3.933548 47.973904 -3.450940 -4.328542 -9.301354 2.673166 0.000000 -0.000000 0.000000 20.879211 -33.079025 -7.517227 -5.941281 45.485460 2.021720 6.101027 -23.629988 -0.278711 0.000000 -0.000000 0.000000
-29.940428 92.259425 -106.017697 5.757058 12.448960 -2.487830 0.838060 10.861559 0.856240 0.350618 4.828883 0.359088 0.350618 4.828883 0.359088 0.259965 3.621871 0.266380 -0.208263 13.301806 -0.758991 -0.085969 -11.481020 -1.353441 7.409023 11.536277 8.172429 10.355510 -28.760248 66.466731 19.538168 9.804334 -0.209892 -4.660584 18.129115 -12.951029 -5.614357 10.964184 -7.121370 -21.343654 -29.850043 -66.033285 -17.849151 12.483536 0.296776 10.622905 9.101300 12.012676 -19.561198 -48.320925 7.564794 -3.632171 45.281774 -3.125483 -3.855967 -9.290680 3.146406 0.000000 0.000000 0.000000 20.911766 -32.809501 -7.393489 -5.706477 46.086816 2.178683 5.951168 -24.581242 -0.471882 0.000000 0.000000 0.000000
-30.075749 92.004413 -104.975512 5.723662 12.589415 -2.304969 0.846581 10.897402 0.876008 0.353845 4.844865 0.367554 0.353846 4.844865 0.367553 0.262307 3.633864 0.272689 -0.182766 13.183077 -0.815007 -0.013569 -11.700835 -1.470880 7.435289 11.440320 8.224387 10.314108 -28.705899 66.388334 19.397493 9.744479 -0.315622 -4.687080 18.126152 -12.995163 -5.601281 10.852947 -7.106210 -21.337248 -29.968276 -65.930654 -18.112560 12.396256 0.415838 10.635926 8.765091 12.189684 -19.340385 -49.094389 7.517925 -2.911736 42.780121 -2.601241 -3.750135 -9.512501 3.357386 0.000000 0.000000 0.000000 20.843407 -32.572307 -7.187458 -5.373769 46.744097 2.320378 5.819120 -25.563239 -0.675949 0.000000 -0.000000 0.000000
-30.241253 91.719783 -103.909364 5.685245 12.728371 -2.111643 0.858287 10.935066 0.892191 0.358558 4.861657 0.374354 0.358559 4.861658 0.374353 0.265774 3.646467 0.277738 -0.154181 13.060055 -0.868494 0.064012 -11.928510 -1.585111 7.478747 11.346590 8.290365 10.301874 -28.664667 66.295290 19.190985 9.701462 -0.428769 -4.715690 18.137455 -13.032058 -5.586633 10.741035 -7.091997 -21.294980 -30.071412 -65.870341 -18.369423 12.323522 0.523530 10.643522 8.362957 12.411760 -19.088324 -49.824883 7.496310 -2.029882 40.459163 -2.054723 -3.782943 -9.842035 3.377451 -0.000000 -0.000000 0.000000 20.720892 -32.355649 -6.936802 -4.986318 47.460964 2.463600 5.697513 -26.574803 -0.880564 0.000000 0.000000 0.000000
-30.450290 91.412615 -102.793485 5.713930 12.839683 -1.914561 0.851409 10.976825 0.911988 0.354946 4.880237 0.383182 0.354946 4.880237 0.383182 0.262982 3.660404 0.284372 -0.131998 12.946338 -0.916652 0.127423 -12.138942 -1.686789 7.519101 11.270616 8.365753 10.269059 -28.631910 66.247650 18.965588 9.671653 -0.539676 -4.749636 18.192334 -13.063245 -5.581712 10.658344 -7.073859 -21.276722 -30.141655 -65.810657 -18.595223 12.206442 0.636300 10.640221 8.034444 12.654704 -18.827272 -50.479181 7.504761 -1.299614 38.558196 -1.752649 -3.719915 -10.064988 3.266207 -0.000000 0.000000 -0.000000 20.595704 -32.119551 -6.674347 -4.642075 48.228122 2.630510 5.579805 -27.587554 -1.056800 0.000000 0.000000 0.000000
-30.707549 91.080162 -101.625213 5.832993 12.921687 -1.715634 0.815105 11.024186 0.939219 0.338128 4.901265 0.395988 0.338128 4.901266 0.395987 0.250259 3.676172 0.294091 -0.118183 12.843714 -0.960634 0.173292 -12.328860 -1.777178 7.548360 11.214446 8.447262 10.219187 -28.612237 66.264872 18.724728 9.649142 -0.667608 -4.796162 18.334071 -13.080018 -5.592426 10.625576 -7.042538 -21.316846 -30.181171 -65.730668 -18.787934 12.008429 0.758104 10.618530 7.813501 12.955309 -18.477389 -51.075356 7.506783 -0.791221 37.080180 -1.771069 -3.487884 -10.195629 2.991389 -0.000000 0.000000 -0.000000 20.472926 -31.862115 -6.408899 -4.383997 49.049703 2.813843 5.464343 -28.629267 -1.176264 0.000000 0.000000 0.000000
-31.008339 90.725172 -100.407212 6.018935 12.975280 -1.512739 0.760249 11.075366 0.970269 0.313003 4.923956 0.410927 0.313004 4.923960 0.410926 0.231292 3.693186 0.305477 -0.110901 12.750268 -0.999168 0.204521 -12.501849 -1.854552 7.574317 11.175828 8.538373 10.149204 -28.601217 66.327351 18.464836 9.639073 -0.793789 -4.849306 18.519322 -13.092300 -5.613128 10.621870 -7.006972 -21.381394 -30.187960 -65.650623 -18.949396 11.766497 0.884796 10.583955 7.665461 13.276046 -18.117477 -51.595275 7.536489 -0.375895 36.033415 -1.979833 -3.152678 -10.211781 2.597504 -0.000000 -0.000000 -0.000000 20.347209 -31.586028 -6.130855 -4.166283 49.920137 3.026228 5.355387 -29.672314 -1.269109 0.000000 -0.000000 0.000000
-31.351935 90.362962 -99.121703 6.273429 12.977774 -1.306593 0.697664 11.127620 1.001248 0.284448 4.947091 0.426029 0.284448 4.947091 0.426029 0.209747 3.710519 0.317016 -0.114090 12.673919 -1.025701 0.210690 -12.643364 -1.904631 7.600158 11.163638 8.644846 9.999442 -28.581385 66.436654 18.222017 9.655945 -0.851727 -4.891832 18.647356 -13.128715 -5.637952 10.614789 -6.989588 -21.428092 -30.138159 -65.590330 -19.060891 11.532339 1.020565 10.551324 7.626997 13.481346 -18.017068 -51.952979 7.714864 -0.044825 35.667749 -2.297888 -2.717077 -9.850987 2.287786 -0.000000 0.000000 -0.000000 20.253712 -31.258893 -5.844464 -3.947387 50.813782 3.326073 5.253752 -30.605100 -1.394719 0.000000 0.000000 0.000000
-31.743474 89.985456 -97.750667 6.634021 12.914199 -1.088122 0.618788 11.177494 1.031738 0.248699 4.969110 0.441326 0.248698 4.969100 0.441326 0.182809 3.727001 0.328760 -0.134294 12.619158 -1.032276 0.175838 -12.745287 -1.909377 7.611791 11.162183 8.767584 9.678632 -28.524919 66.638153 18.037728 9.739393 -0.791568 -4.918174 18.659027 -13.206745 -5.661200 10.576539 -6.999466 -21.495080 -29.967632 -65.535781 -19.117876 11.298159 1.190061 10.519577 7.721065 13.472513 -18.384047 -52.093267 8.144604 0.042579 36.249396 -2.825612 -1.932570 -8.805797 2.179662 -0.000000 -0.000000 0.000000 20.217724 -30.828620 -5.565681 -3.702150 51.696615 3.757006 5.157070 -31.492061 -1.545083 -0.006473 0.304279 0.220403
-32.177817 89.600729 -96.312123 7.062279 12.798555 -0.867602 0.532114 11.228311 1.062086 0.209507 4.991538 0.456764 0.209507 4.991527 0.456764 0.153292 3.743798 0.340640 -0.165155 12.581303 -1.026755 0.115346 -12.816110 -1.886400 7.623084 11.186706 8.905946 9.278312 -28.459616 66.886258 17.869231 9.851799 -0.664131 -4.931942 18.613433 -13.307289 -5.688671 10.535141 -7.027768 -21.544753 -29.740472 -65.500373 -19.125796 11.071685 1.367476 10.490255 7.925670 13.349290 -19.018284 -52.071209 8.730943 0.004941 37.505602 -3.470997 -1.056298 -7.392155 2.156709 -0.000000 0.000000 -0.000000 20.212623 -30.348714 -5.275029 -3.438813 52.597887 4.294113 5.066963 -32.268005 -1.731065 -0.013035 0.607440 0.442303
-32.638830 89.248327 -94.842352 7.446024 12.652524 -0.674573 0.474063 11.287765 1.089617 0.183014 5.017877 0.470265 0.183014 5.017877 0.470265 0.133303 3.763552 0.350967 -0.191241 12.554615 -1.026309 0.065870 -12.866054 -1.874923 7.679466 11.292351 9.063947 9.012338 -28.452512 67.047483 17.627239 9.891443 -0.552770 -4.929937 18.587316 -13.403703 -5.731807 10.541943 -7.069866 -21.421579 -29.624842 -65.544696 -19.080968 10.928270 1.481734 10.482937 8.209907 13.274355 -19.582248 -51.967856 9.304615 0.293821 38.884107 -3.835423 -0.865102 -6.283778 2.076538 -0.000000 0.000000 -0.000000 20.196986 -29.944808 -4.926274 -3.166605 53.587881 4.892540 4.977340 -32.626838 -2.029970 0.000000 0.000000 0.000000
-33.130787 88.935411 -93.337090 7.740379 12.479630 -0.518831 0.471581 11.368708 1.114312 0.181092 5.053886 0.481127 0.181086 5.053895 0.481127 0.131733 3.790573 0.359111 -0.216476 12.513033 -1.034979 0.022041 -12.943540 -1.881302 7.831154 11.561439 9.267612 8.936243 -28.559663 67.054185 17.324343 9.783052 -0.472101 -4.903557 18.571197 -13.519440 -5.807540 10.640468 -7.136470 -20.962027 -29.752922 -65.721427 -19.005355 10.964050 1.469937 10.512391 8.629197 13.306885 -19.926053 -51.813210 9.821637 1.326926 40.242388 -3.617098 -1.993285 -5.652597 1.904527 -0.000000 -0.000000 0.000000 20.203486 -29.628608 -4.507575 -2.875148 54.701791 5.610943 4.832374 -32.636773 -2.548602 0.057554 -1.955498 -1.698281
-33.649413 88.654818 -91.800600 7.990217 12.277403 -0.390588 0.497795 11.458586 1.136608 0.191891 5.093914 0.490201 0.191883 5.093922 0.490201 0.139716 3.820603 0.365805 -0.236973 12.482745 -1.048724 -0.010804 -12.999933 -1.899204 8.030011 11.910314 9.494232 8.995355 -28.724077 66.972236 16.951046 9.599741 -0.402580 -4.862508 18.575004 -13.631620 -5.899054 10.787422 -7.216159 -20.326614 -29.990478 -65.984087 -18.875968 11.084752 1.398584 10.564560 9.127135 13.391521 -20.198252 -51.577702 10.324539 2.750982 41.723881 -3.044994 -3.818268 -5.330655 1.711793 0.000000 -0.000000 0.000000 20.199843 -29.388511 -4.032741 -2.565100 55.902222 6.403461 4.647353 -32.232477 -3.153474 0.201578 -4.814090 -4.074671
-34.165749 88.424607 -90.281948 8.218447 12.059282 -0.289281 0.508420 11.527082 1.154199 0.195976 5.124388 0.497608 0.195976 5.124388 0.497608 0.142702 3.843454 0.371310 -0.225393 12.536507 -1.072005 0.020237 -12.899685 -1.947859 8.171760 12.146830 9.671501 9.237495 -28.843793 66.869379 16.384623 9.459689 -0.375487 -4.834211 18.704468 -13.645826 -5.967022 10.903555 -7.271411 -19.849817 -30.106801 -66.235869 -18.621766 11.079750 1.390164 10.615961 9.504049 13.516596 -20.510396 -51.254533 10.775759 3.877386 43.217597 -2.519938 -5.235656 -5.475318 1.500169 -0.000000 0.000000 -0.000000 20.047993 -29.313168 -3.498640 -2.288259 57.158618 7.042292 4.505083 -30.905110 -3.552762 0.432004 -8.156934 -6.053088
-34.671440 88.248591 -88.794287 8.420541 11.821280 -0.222150 0.479115 11.562365 1.165629 0.182645 5.140003 0.503341 0.182649 5.140000 0.503342 0.132654 3.855152 0.375714 -0.154771 12.744845 -1.113409 0.168652 -12.511231 -2.053728 8.208502 12.168363 9.758189 9.814442 -28.856553 66.730957 15.452292 9.375056 -0.428038 -4.811388 19.036563 -13.484700 -5.997848 10.956489 -7.285966 -19.738637 -29.971933 -66.414693 -18.166180 10.795993 1.536980 10.654224 9.599995 13.697628 -20.899790 -50.847068 11.143452 4.325772 44.758211 -2.254027 -5.751493 -6.284745 1.213664 -0.000000 0.000000 -0.000000 19.682900 -29.411402 -2.860550 -2.215975 58.480494 7.300989 4.379591 -28.335991 -3.727698 0.699608 -11.926167 -6.971528
-35.174841 88.122956 -87.324463 8.601330 11.567802 -0.181808 0.434216 11.576327 1.171661 0.162599 5.146103 0.507111 0.162600 5.146100 0.507112 0.117588 3.859711 0.378706 -0.051640 13.037250 -1.162867 0.379879 -11.965782 -2.186306 8.185669 12.079563 9.791863 10.571822 -28.824359 66.577899 14.326023 9.328479 -0.515196 -4.799876 19.496034 -13.228233 -6.005076 10.978277 -7.276640 -19.789109 -29.718018 -66.577282 -17.589707 10.382030 1.739153 10.690008 9.573209 13.914368 -21.324407 -50.351832 11.453713 4.437238 46.311229 -2.095755 -5.848279 -7.558165 0.867646 -0.000000 0.000000 -0.000000 19.162939 -29.668805 -2.161508 -2.233380 59.865902 7.348489 4.288196 -24.841143 -3.711413 1.042985 -16.182989 -7.523871
-35.672052 88.054326 -85.882083 8.797696 11.324615 -0.145877 0.402444 11.574160 1.173116 0.148522 5.145067 0.508553 0.148522 5.145067 0.508553 0.107025 3.858927 0.379905 0.031289 13.274819 -1.197052 0.546508 -11.522502 -2.281296 8.136868 12.000468 9.815363 11.099247 -28.835024 66.527593 13.396860 9.399770 -0.558105 -4.849040 19.958098 -13.016397 -5.989942 10.986080 -7.255850 -19.723827 -29.507575 -66.793911 -17.053433 10.083025 1.836501 10.736294 9.702842 14.102726 -21.775152 -49.751628 11.754261 4.575675 47.671000 -1.935699 -5.885922 -8.850363 0.542738 0.000000 -0.000000 0.000000 18.533809 -30.139316 -1.528949 -1.930047 61.272434 7.581818 4.420977 -20.856610 -3.285999 1.593680 -20.673051 -8.721472
-36.176382 88.051504 -84.462732 9.020811 11.095722 -0.110812 0.399899 11.550120 1.168797 0.147577 5.134378 0.506740 0.147582 5.134382 0.506739 0.106347 3.850914 0.378556 0.071747 13.408493 -1.207473 0.624614 -11.273280 -2.315180 8.058485 11.974821 9.844097 11.154430 -28.953743 66.689792 12.791315 9.702916 -0.532766 -5.022153 20.469704 -12.886327 -5.940684 10.973160 -7.215921 -19.413388 -29.398437 -67.097329 -16.579282 9.995570 1.743778 10.812423 10.179393 14.227104 -22.300494 -49.012766 12.102735 4.932038 48.761679 -1.696247 -5.987409 -10.038587 0.257420 -0.000000 -0.000000 0.000000 17.726154 -30.921321 -0.992381 -1.014552 62.739220 8.299789 4.997722 -15.986322 -2.261172 2.603931 -25.750522 -11.278318
-36.674523 88.105686 -83.070824 9.259547 10.877115 -0.080258 0.410543 11.509998 1.159952 0.152611 5.116565 0.502618 0.152615 5.116568 0.502618 0.110170 3.837557 0.375431 0.091890 13.487183 -1.203492 0.659477 -11.126810 -2.314432 7.954190 11.959188 9.862302 10.978769 -29.115814 66.950684 12.381546 10.130966 -0.475441 -5.256121 20.982271 -12.798312 -5.869352 10.945869 -7.164333 -18.986683 -29.328995 -67.451529 -16.139321 10.028937 1.556626 10.904125 10.813587 14.329937 -22.845567 -48.168589 12.434707 5.320921 49.659500 -1.451531 -6.027775 -11.244642 -0.012158 -0.000000 -0.000000 0.000000 16.798117 -31.914543 -0.508973 0.344469 64.222370 9.329041 5.920738 -10.647414 -0.756583 4.140800 -30.933793 -14.823537
-37.122641 88.197078 -81.729207 9.517154 10.682333 -0.042694 0.414907 11.476246 1.151324 0.154841 5.101562 0.498741 0.154841 5.101562 0.498741 0.111881 3.826301 0.372513 0.105380 13.518921 -1.189366 0.678653 -11.067845 -2.292619 7.868743 11.942346 9.866643 10.893207 -29.216535 67.084204 12.177122 10.436293 -0.403273 -5.413931 21.225500 -12.773038 -5.812333 10.941398 -7.136141 -18.554297 -29.282080 -67.822091 -15.817494 10.149441 1.391990 10.973714 11.316051 14.462818 -23.256264 -47.303812 12.626277 5.555480 50.387234 -1.298017 -6.005196 -12.392546 -0.229647 0.000000 0.000000 0.000000 15.998314 -32.881412 -0.108716 1.892429 65.556872 10.384303 6.901969 -6.497615 0.954799 5.841238 -34.762752 -18.514054
-37.498335 88.322586 -80.450610 9.779717 10.516479 0.009013 0.407398 11.460464 1.143908 0.151742 5.094525 0.495671 0.151740 5.094526 0.495672 0.109586 3.821021 0.370242 0.118403 13.489271 -1.168840 0.695650 -11.122992 -2.259570 7.829358 11.925082 9.857832 11.054579 -29.198350 66.965096 12.229878 10.492805 -0.306497 -5.419559 21.037739 -12.830199 -5.788235 10.984158 -7.155693 -18.111999 -29.265891 -68.227739 -15.681499 10.370109 1.297552 11.005838 11.581187 14.663027 -23.472407 -46.449139 12.634971 5.544974 50.943842 -1.295918 -5.897974 -13.460696 -0.364300 -0.000000 0.000000 -0.000000 15.383253 -33.748180 0.219406 3.692639 66.774810 11.406310 7.938674 -4.302118 2.977944 7.400491 -36.654954 -22.097795
-37.824006 88.485305 -79.222303 10.061164 10.374285 0.067942 0.393612 11.451049 1.136759 0.145848 5.090305 0.492865 0.145845 5.090308 0.492867 0.105195 3.817853 0.368190 0.124121 13.412619 -1.138969 0.695979 -11.265722 -2.206658 7.809066 11.906415 9.835618 11.308187 -29.117999 66.719431 12.488080 10.425343 -0.196871 -5.352399 20.581227 -12.954530 -5.777877 11.050276 -7.198500 -17.663336 -29.272217 -68.652206 -15.665499 10.675511 1.220843 11.011909 11.715573 14.886770 -23.571587 -45.574602 12.522253 5.374840 51.329191 -1.388091 -5.729051 -14.470663 -0.450721 -0.000000 0.000000 -0.000000 14.908970 -34.593808 0.452346 5.724006 67.838897 12.499047 8.993652 -3.346413 5.136881 8.683148 -37.244401 -25.377241
-38.123033 88.674731 -78.028947 10.406484 10.253653 0.124446 0.370820 11.435624 1.131653 0.135943 5.083385 0.491190 0.135943 5.083385 0.491190 0.097795 3.812651 0.367017 0.116844 13.340197 -1.093595 0.665258 -11.401116 -2.118981 7.771322 11.872367 9.795359 11.511123 -29.046135 66.496539 12.805676 10.362589 -0.120121 -5.308180 20.071104 -13.110802 -5.760642 11.104719 -7.226401 -17.331373 -29.262867 -69.009418 -15.655076 10.987095 1.126404 10.991806 11.748010 15.059918 -23.614135 -44.674424 12.329233 5.123877 51.567327 -1.492157 -5.565971 -15.411672 -0.546021 0.000000 -0.000000 0.000000 14.688789 -35.413542 0.490937 7.442642 68.491407 13.450668 9.629774 -2.984762 6.674123 9.311389 -37.101334 -27.281094
-38.399054 88.892308 -76.864166 10.838379 10.150443 0.182682 0.332800 11.411097 1.127831 0.119291 5.072381 0.490471 0.119290 5.072377 0.490471 0.085329 3.804379 0.366620 0.094671 13.284298 -1.025149 0.596513 -11.506425 -1.981183 7.696615 11.810356 9.732097 11.612711 -28.997223 66.348363 13.146696 10.379810 -0.107551 -5.319020 19.543151 -13.283646 -5.728358 11.127971 -7.226705 -17.174417 -29.211549 -69.261228 -15.608855 11.297092 0.987965 10.929263 11.586113 15.170359 -23.601435 -43.737701 12.040345 4.804911 51.653409 -1.576412 -5.419571 -16.286649 -0.671947 0.000000 -0.000000 0.000000 14.895899 -36.175142 0.204185 8.495540 68.596312 14.124598 9.445100 -3.129876 7.145246 9.034706 -36.353512 -27.076664
-38.648431 89.136594 -75.734335 11.334214 10.068598 0.238499 0.285694 11.380570 1.125820 0.098585 5.058701 0.490781 0.098582 5.058698 0.490782 0.069815 3.794104 0.367031 0.059312 13.232517 -0.941286 0.496253 -11.604389 -1.808589 7.604316 11.733480 9.650450 11.664070 -28.957382 66.222074 13.546357 10.401632 -0.128032 -5.355363 18.962275 -13.488778 -5.689413 11.139193 -7.212256 -17.134367 -29.146992 -69.446242 -15.568317 11.613150 0.831522 10.839462 11.322956 15.230307 -23.543399 -42.772830 11.684599 4.414579 51.592018 -1.662092 -5.280204 -17.092735 -0.804840 0.000000 0.000000 0.000000 15.380252 -36.905121 -0.301551 9.036408 68.301970 14.445834 8.778468 -3.775297 6.965506 8.156817 -34.973862 -25.503035
-38.883621 89.392756 -74.643243 11.871077 10.018474 0.269910 0.245260 11.340927 1.129209 0.080730 5.040993 0.493312 0.080730 5.040993 0.493312 0.056430 3.780813 0.369077 0.010887 13.199129 -0.858254 0.371088 -11.668169 -1.631828 7.516157 11.666398 9.560092 11.675670 -28.956384 66.108010 13.965862 10.331532 -0.130504 -5.415962 18.436773 -13.729981 -5.648021 11.161086 -7.183095 -17.159834 -29.114379 -69.593004 -15.542933 11.879897 0.702204 10.772941 11.264519 15.202358 -23.504846 -41.804067 11.362601 4.007771 51.421840 -1.747213 -5.185188 -17.810488 -0.930297 0.000000 -0.000000 -0.000000 15.764389 -37.692274 -0.764746 9.246128 67.786232 14.254634 8.331432 -4.362673 6.705322 7.214766 -33.348631 -23.772176
-39.108852 89.659829 -73.596244 12.442649 10.007059 0.266771 0.219015 11.285894 1.141294 0.068980 5.016478 0.499348 0.068986 5.016479 0.499345 0.047602 3.762419 0.373699 -0.051751 13.196066 -0.783214 0.221721 -11.675479 -1.463990 7.437780 11.626179 9.458797 11.614137 -29.019880 66.024638 14.401961 10.109287 -0.086709 -5.521759 18.018025 -14.059309 -5.602496 11.211583 -7.134553 -17.254425 -29.133514 -69.704467 -15.533502 12.051611 0.614491 10.759574 11.614473 15.040806 -23.494738 -40.835412 11.101588 3.584145 51.134993 -1.838206 -5.144247 -18.417363 -1.046302 -0.000000 0.000000 -0.000000 15.854823 -38.601772 -1.064445 9.049017 67.131474 13.317299 8.397651 -4.676598 6.553587 6.366436 -31.649221 -22.206635
-39.319896 89.938780 -72.587983 13.055485 10.028117 0.240187 0.199223 11.221583 1.158423 0.059975 4.987855 0.507465 0.059980 4.987856 0.507463 0.040809 3.740945 0.379864 -0.126933 13.211659 -0.708629 0.048555 -11.647986 -1.291750 7.363613 11.596137 9.348988 11.511920 -29.121351 65.952929 14.855699 9.793447 -0.029501 -5.648421 17.656024 -14.422155 -5.554171 11.272225 -7.070828 -17.414493 -29.184436 -69.779157 -15.539543 12.173913 0.553166 10.771371 12.167907 14.789820 -23.500062 -39.863010 10.873799 3.147469 50.739162 -1.925317 -5.149285 -18.936159 -1.151202 0.000000 0.000000 0.000000 15.838631 -39.573032 -1.317127 8.627115 66.257135 11.963586 8.688887 -4.951540 6.335349 5.490206 -29.716769 -20.476614
-39.516531 90.217680 -71.606183 13.706012 10.072386 0.200196 0.178846 11.163509 1.173972 0.050730 4.961997 0.514888 0.050730 4.961997 0.514888 0.033834 3.721544 0.385512 -0.210265 13.224856 -0.628673 -0.142165 -11.624698 -1.106080 7.298335 11.549995 9.247275 11.478562 -29.212646 65.826752 15.295303 9.466425 0.000270 -5.727163 17.305166 -14.662098 -5.511902 11.311349 -7.005530 -17.577839 -29.252334 -69.838642 -15.568560 12.328568 0.518492 10.773794 12.617736 14.546384 -23.545347 -38.901091 10.689848 2.753585 50.296548 -1.988874 -5.211067 -19.415496 -1.230345 0.000000 0.000000 -0.000000 15.903717 -40.512991 -1.612496 8.537288 65.102278 10.873600 9.023281 -5.319454 6.078488 4.616818 -27.479558 -18.723762
-39.700777 90.501546 -70.648398 14.397797 10.136935 0.150674 0.156046 11.117526 1.185233 0.040495 4.941507 0.520456 0.040494 4.941507 0.520456 0.026134 3.706168 0.389771 -0.300980 13.232891 -0.544550 -0.348500 -11.610648 -0.909568 7.242886 11.471168 9.163833 11.572832 -29.270975 65.601915 15.704611 9.138644 -0.015231 -5.715091 16.924089 -14.686255 -5.479432 11.311918 -6.941261 -17.713241 -29.340914 -69.898950 -15.611128 12.578465 0.512921 10.748378 12.850659 14.329132 -23.647884 -37.945469 10.557403 2.437005 49.810488 -2.017286 -5.342479 -19.863242 -1.280182 0.000000 -0.000000 0.000000 16.103368 -41.389670 -1.963595 8.934797 63.605217 10.226423 9.287739 -5.831014 5.764436 3.883027 -25.237004 -17.236156
-39.870614 90.785361 -69.717073 15.127346 10.225202 0.088636 0.132741 11.077857 1.195125 0.030057 4.923822 0.525422 0.030058 4.923823 0.525421 0.018288 3.692897 0.393580 -0.399702 13.238749 -0.454903 -0.572224 -11.600196 -0.699365 7.195546 11.376073 9.087986 11.736059 -29.318543 65.322161 16.099001 8.800981 -0.060201 -5.657752 16.549964 -14.589758 -5.453633 11.291006 -6.876259 -17.852386 -29.446375 -69.944332 -15.677171 12.861056 0.532417 10.713882 12.979758 14.120152 -23.785592 -37.000917 10.466133 2.159438 49.277828 -2.028198 -5.531610 -20.271391 -1.302245 -0.000000 0.000000 0.000000 16.390295 -42.232480 -2.365661 9.556218 61.834126 9.728741 9.592197 -6.430788 5.401956 3.167603 -22.708265 -15.680453
-40.019761 91.042146 -68.807265 15.880458 10.337338 0.013700 0.107651 11.042665 1.205735 0.018798 4.908117 0.530741 0.018798 4.908117 0.530741 0.009819 3.681107 0.397661 -0.504546 13.229864 -0.350365 -0.813597 -11.616544 -0.458420 7.156988 11.287783 9.005095 11.902161 -29.375779 65.052985 16.495787 8.507492 -0.122477 -5.619371 16.255260 -14.496977 -5.433145 11.268507 -6.817810 -18.027604 -29.542842 -69.947956 -15.803398 13.070115 0.567089 10.692571 13.038303 13.962784 -23.923844 -36.095223 10.398564 1.866262 48.751122 -2.046741 -5.751889 -20.664664 -1.290056 0.000000 0.000000 0.000000 16.808897 -43.036963 -2.889161 10.247830 59.928757 9.275062 10.079347 -7.092484 5.055333 2.228401 -18.964037 -13.283974
