HIERARCHY
ROOT Hips
{
 OFFSET 0.000000 0.000000 0.000000
 CHANNELS 6 Xposition Yposition Zposition Yrotation Xrotation Zrotation
 JOINT Chest
 {
  OFFSET 0.000000 12.953391 -0.028419
  CHANNELS 3 Yrotation Xrotation Zrotation
  JOINT Chest2
  {
   OFFSET 0.000000 10.280254 0.051622
   CHANNELS 3 Yrotation Xrotation Zrotation
   JOINT Chest3
   {
    OFFSET 0.000000 9.287180 0.000000
    CHANNELS 3 Yrotation Xrotation Zrotation
    JOINT Chest4
    {
     OFFSET 0.000000 9.287180 0.000000
     CHANNELS 3 Yrotation Xrotation Zrotation
     JOINT Neck
     {
      OFFSET 0.000000 13.296264 0.000000
      CHANNELS 3 Yrotation Xrotation Zrotation
      JOINT Head
      {
       OFFSET 0.000000 8.959264 0.099003
       CHANNELS 3 Yrotation Xrotation Zrotation
       End Site
       {
        OFFSET 0.000000 17.121337 0.039303
       }
      }
     }
     JOINT RightCollar
     {
      OFFSET -3.193511 7.451388 0.000000
      CHANNELS 3 Yrotation Xrotation Zrotation
      JOINT RightShoulder
      {
       OFFSET -15.792092 0.000000 0.000000
       CHANNELS 3 Yrotation Xrotation Zrotation
       JOINT RightElbow
       {
        OFFSET -31.151839 0.000000 0.000000
        CHANNELS 3 Yrotation Xrotation Zrotation
        JOINT RightWrist
        {
         OFFSET -25.536298 0.000000 0.002321
         CHANNELS 3 Yrotation Xrotation Zrotation
         End Site
         {
          OFFSET -19.133213 0.000000 0.000000
         }
        }
       }
      }
     }
     JOINT LeftCollar
     {
      OFFSET 3.193511 7.451388 0.000000
      CHANNELS 3 Yrotation Xrotation Zrotation
      JOINT LeftShoulder
      {
       OFFSET 15.792092 0.000000 0.000000
       CHANNELS 3 Yrotation Xrotation Zrotation
       JOINT LeftElbow
       {
        OFFSET 31.151839 0.000000 0.000000
        CHANNELS 3 Yrotation Xrotation Zrotation
        JOINT LeftWrist
        {
         OFFSET 25.536298 0.000000 0.002321
         CHANNELS 3 Yrotation Xrotation Zrotation
         End Site
         {
          OFFSET 19.133213 0.000000 0.000000
         }
        }
       }
      }
     }
    }
   }
  }
 }
 JOINT RightHip
 {
  OFFSET -10.745749 0.139252 0.014209
  CHANNELS 3 Yrotation Xrotation Zrotation
  JOINT RightKnee
  {
   OFFSET 0.000000 -43.743899 -0.006071
   CHANNELS 3 Yrotation Xrotation Zrotation
   JOINT RightAnkle
   {
    OFFSET 0.000000 -43.214199 0.089931
    CHANNELS 3 Yrotation Xrotation Zrotation
    JOINT RightToe
    {
     OFFSET 0.000000 -9.699830 19.151588
     CHANNELS 3 Yrotation Xrotation Zrotation
     End Site
     {
      OFFSET 0.000000 -1.292898 4.893873
     }
    }
   }
  }
 }
 JOINT LeftHip
 {
  OFFSET 10.745749 0.139252 0.014209
  CHANNELS 3 Yrotation Xrotation Zrotation
  JOINT LeftKnee
  {
   OFFSET 0.000000 -43.743899 -0.006071
   CHANNELS 3 Yrotation Xrotation Zrotation
   JOINT LeftAnkle
   {
    OFFSET 0.000000 -43.214199 0.089931
    CHANNELS 3 Yrotation Xrotation Zrotation
    JOINT LeftToe
    {
     OFFSET 0.000000 -9.699830 19.151588
     CHANNELS 3 Yrotation Xrotation Zrotation
     End Site
     {
      OFFSET 0.000000 -1.292898 4.893873
     }
    }
   }
  }
 }
}
MOTION
Frames: 601
Frame Time: 0.016667
-18.844568 87.073095 -242.211451 -1.479476 9.568650 0.712433 -0.590247 8.774347 0.294519 -0.267123 3.899334 0.141693 -0.267123 3.899334 0.141693 -0.201170 2.924440 0.107935 2.288057 11.619012 -0.451409 4.585228 -14.552759 -1.860722 7.512020 11.431264 9.765219 25.596586 -32.034696 60.493127 -5.820271 14.217017 -4.258687 -1.030056 17.693318 -5.998974 -7.092966 6.155909 -8.632197 -29.122155 -18.499175 -65.452662 -6.276391 2.784710 4.555716 5.983080 15.112059 5.760938 -23.437044 -45.554867 17.681442 2.653854 59.688531 -4.447548 -6.807339 -18.445362 -1.987595 0.000000 0.000000 0.000000 17.710340 -45.396860 -11.325575 -3.948604 57.150801 3.061287 -4.580268 -19.615927 2.696045 0.000000 -0.000000 0.000000
-18.846629 87.060499 -242.220815 -1.437280 9.602630 0.710164 -0.607326 8.795950 0.301875 -0.274841 3.908915 0.145302 -0.274841 3.908915 0.145302 -0.206981 2.931622 0.110694 2.300334 11.582394 -0.455541 4.612105 -14.620054 -1.875700 7.528235 11.392098 9.752057 25.651450 -32.025829 60.461845 -5.777005 14.151500 -4.270015 -1.032081 17.650677 -6.011791 -7.077438 6.112700 -8.642383 -29.094360 -18.442810 -65.442635 -6.185616 2.741214 4.527817 5.987631 15.108912 5.755333 -23.402698 -45.619070 17.653818 2.594512 59.719205 -4.438650 -6.823644 -18.463747 -1.990518 0.000000 -0.000000 0.000000 17.664288 -45.461601 -11.312998 -3.920089 57.175339 3.057882 -4.621691 -19.620047 2.722314 0.000000 -0.000000 -0.000000
-18.846449 87.045271 -242.230161 -1.401435 9.638356 0.707575 -0.623566 8.817260 0.309890 -0.282199 3.918365 0.149189 -0.282199 3.918365 0.149189 -0.212525 2.938706 0.113660 2.312348 11.546859 -0.459171 4.638235 -14.685366 -1.889571 7.542702 11.351840 9.731532 25.725512 -32.004069 60.425950 -5.706959 14.058467 -4.280327 -1.030806 17.568020 -6.034743 -7.063620 6.064207 -8.649447 -29.072310 -18.377814 -65.433535 -6.102160 2.688400 4.496756 5.991489 15.111646 5.739208 -23.326699 -45.699817 17.595679 2.523767 59.759540 -4.409507 -6.841091 -18.485340 -1.998677 0.000000 -0.000000 0.000000 17.595880 -45.537628 -11.277627 -3.892824 57.212556 3.022713 -4.647607 -19.629833 2.755964 0.000000 0.000000 0.000000
-18.846912 87.030246 -242.234704 -1.365561 9.671701 0.706563 -0.642832 8.833751 0.316804 -0.290875 3.925672 0.152641 -0.290875 3.925672 0.152641 -0.219053 2.944182 0.116307 2.324736 11.521178 -0.460993 4.663895 -14.732453 -1.899684 7.563187 11.326934 9.717028 25.794165 -31.994232 60.387677 -5.634213 13.977022 -4.290880 -1.028436 17.500455 -6.061370 -7.046506 6.030431 -8.658903 -29.052101 -18.319488 -65.421417 -6.019873 2.651993 4.465350 5.993251 15.118664 5.723762 -23.281477 -45.767000 17.560069 2.473350 59.799278 -4.389201 -6.859037 -18.511560 -2.004186 0.000000 -0.000000 0.000000 17.538671 -45.606242 -11.249553 -3.874008 57.250318 2.985199 -4.667683 -19.642231 2.786405 0.000000 -0.000000 0.000000
-18.848700 87.015632 -242.230844 -1.326214 9.700034 0.709125 -0.668729 8.842269 0.321652 -0.302446 3.929433 0.155295 -0.302446 3.929433 0.155295 -0.227746 2.946999 0.118373 2.338861 11.510409 -0.460255 4.691143 -14.751907 -1.904936 7.596860 11.330906 9.715796 25.845606 -32.007382 60.345987 -5.562892 13.925210 -4.302767 -1.022423 17.470174 -6.094312 -7.022458 6.025102 -8.673796 -29.031201 -18.273845 -65.403765 -5.935843 2.651310 4.434096 5.990737 15.131544 5.712795 -23.300942 -45.807979 17.569377 2.460735 59.838476 -4.387954 -6.876342 -18.546551 -2.004067 0.000000 0.000000 0.000000 17.506852 -45.658907 -11.242990 -3.870839 57.286862 2.952649 -4.680381 -19.658745 2.809855 0.000000 -0.000000 0.000000
-18.851130 87.001221 -242.222180 -1.286835 9.725982 0.713261 -0.697662 8.845969 0.325394 -0.315339 3.931051 0.157511 -0.315339 3.931051 0.157511 -0.237426 2.948208 0.120118 2.353363 11.509494 -0.457693 4.717895 -14.753139 -1.906380 7.636558 11.350226 9.720597 25.891712 -32.032462 60.301864 -5.488855 13.884996 -4.314805 -1.015306 17.455012 -6.130884 -6.995119 6.034492 -8.691070 -29.012130 -18.234879 -65.383124 -5.853003 2.667030 4.402706 5.986126 15.148692 5.702541 -23.351463 -45.835448 17.601588 2.468428 59.877097 -4.395552 -6.894158 -18.586168 -2.001293 0.000000 -0.000000 0.000000 17.486365 -45.704172 -11.243884 -3.876157 57.323943 2.917718 -4.687240 -19.677888 2.830091 0.000000 0.000000 -0.000000
-18.855034 86.989222 -242.214728 -1.251378 9.753317 0.714870 -0.722701 8.849787 0.329154 -0.326508 3.932724 0.159661 -0.326508 3.932724 0.159661 -0.245813 2.949459 0.121803 2.364787 11.512028 -0.454230 4.738198 -14.748133 -1.904588 7.668546 11.360747 9.723065 25.943442 -32.061118 60.260528 -5.423756 13.841339 -4.324677 -1.016930 17.443496 -6.156564 -6.970417 6.037417 -8.707100 -28.998577 -18.199866 -65.363140 -5.773948 2.666889 4.372827 5.984527 15.163707 5.692806 -23.404465 -45.857414 17.643511 2.475674 59.904754 -4.410461 -6.915276 -18.619395 -1.996901 0.000000 -0.000000 0.000000 17.468528 -45.748992 -11.240104 -3.875549 57.354703 2.887909 -4.702530 -19.692111 2.847868 0.000000 -0.000000 0.000000
-18.861760 86.980430 -242.210885 -1.222614 9.783666 0.711072 -0.740242 8.855249 0.333999 -0.334375 3.935132 0.162152 -0.334375 3.935132 0.162152 -0.251728 2.951262 0.123722 2.371210 11.516629 -0.450397 4.748656 -14.739511 -1.899806 7.685349 11.350408 9.719651 26.004417 -32.092103 60.225819 -5.377454 13.788055 -4.331480 -1.037360 17.430155 -6.161508 -6.950825 6.023462 -8.721038 -28.995189 -18.164493 -65.343959 -5.697383 2.626404 4.343583 5.988646 15.176668 5.681565 -23.459847 -45.872340 17.702818 2.481305 59.914672 -4.436807 -6.944485 -18.641253 -1.990349 0.000000 -0.000000 0.000000 17.446768 -45.797013 -11.222195 -3.861426 57.376255 2.866031 -4.732021 -19.697948 2.861919 0.000000 -0.000000 0.000000
-18.869961 86.974051 -242.208253 -1.197777 9.815407 0.704742 -0.753888 8.860831 0.338856 -0.340517 3.937595 0.164573 -0.340517 3.937595 0.164573 -0.256349 2.953106 0.125578 2.374560 11.524676 -0.445657 4.752669 -14.724659 -1.891780 7.694443 11.331263 9.713914 26.071035 -32.126674 60.193878 -5.340094 13.731306 -4.336121 -1.066553 17.420421 -6.155567 -6.933864 6.003040 -8.733730 -28.997337 -18.133051 -65.325434 -5.624583 2.570022 4.315683 5.995782 15.187485 5.670826 -23.517680 -45.881742 17.771823 2.486482 59.913637 -4.470483 -6.976990 -18.656717 -1.982180 0.000000 0.000000 0.000000 17.427633 -45.844587 -11.199589 -3.841335 57.391497 2.849315 -4.769933 -19.698850 2.873511 0.000000 0.000000 0.000000
-18.876428 86.969909 -242.205658 -1.172514 9.847447 0.700419 -0.767523 8.866888 0.341638 -0.346615 3.940272 0.166077 -0.346615 3.940272 0.166077 -0.260931 2.955111 0.126746 2.377154 11.533904 -0.439342 4.754496 -14.707717 -1.880346 7.704513 11.315328 9.708118 26.143394 -32.160214 60.158371 -5.293771 13.674562 -4.339061 -1.084182 17.419155 -6.153759 -6.918021 5.986205 -8.744093 -28.994813 -18.115734 -65.310753 -5.562005 2.538843 4.293178 6.002897 15.189481 5.666387 -23.549654 -45.898278 17.814252 2.473952 59.911559 -4.497579 -7.001202 -18.669718 -1.975067 0.000000 0.000000 0.000000 17.422149 -45.887731 -11.188505 -3.823542 57.402253 2.836930 -4.813212 -19.697635 2.887213 0.000000 -0.000000 0.000000
-18.878823 86.968670 -242.202996 -1.145784 9.880187 0.700518 -0.783352 8.871641 0.340619 -0.353611 3.942374 0.165936 -0.353611 3.942375 0.165936 -0.266175 2.956686 0.126687 2.380659 11.546119 -0.429763 4.756522 -14.685346 -1.862903 7.721107 11.308482 9.704567 26.222037 -32.186553 60.116071 -5.224025 13.622542 -4.339968 -1.080895 17.439640 -6.163793 -6.900683 5.979315 -8.751184 -28.975041 -18.123074 -65.306109 -5.505946 2.560067 4.277552 6.010695 15.172550 5.675400 -23.525479 -45.932829 17.799435 2.415867 59.911500 -4.516610 -7.005854 -18.679789 -1.969651 0.000000 -0.000000 0.000000 17.440905 -45.924333 -11.199144 -3.807918 57.407722 2.832047 -4.866654 -19.694159 2.906287 -0.000000 -0.000000 -0.000000
-18.879484 86.969668 -242.200370 -1.118623 9.913222 0.702627 -0.799176 8.876869 0.337525 -0.360565 3.944692 0.164877 -0.360565 3.944692 0.164877 -0.271382 2.958423 0.125939 2.383417 11.559517 -0.418607 4.756383 -14.660881 -1.842058 7.738674 11.304845 9.700949 26.306417 -32.211832 60.070178 -5.145343 13.570516 -4.339257 -1.066014 17.468607 -6.177884 -6.884460 5.976009 -8.755944 -28.950630 -18.144550 -65.305332 -5.460105 2.606439 4.267523 6.018424 15.146763 5.690644 -23.475350 -45.974512 17.757891 2.340105 59.910379 -4.529029 -7.002204 -18.687406 -1.965298 0.000000 -0.000000 -0.000000 17.473384 -45.956484 -11.221395 -3.794596 57.408691 2.831480 -4.925457 -19.688549 2.927463 0.000000 0.000000 0.000000
-18.882220 86.970735 -242.196919 -1.089787 9.944245 0.704043 -0.812272 8.888271 0.335450 -0.366333 3.949753 0.164228 -0.366333 3.949753 0.164228 -0.275704 2.962218 0.125493 2.382759 11.566419 -0.410269 4.751196 -14.648478 -1.825446 7.749229 11.298804 9.692600 26.395048 -32.249886 60.023943 -5.083243 13.507789 -4.338480 -1.047233 17.471069 -6.187880 -6.875686 5.967263 -8.760118 -28.949155 -18.158773 -65.293028 -5.442062 2.637384 4.262977 6.020891 15.135739 5.696403 -23.461862 -46.003456 17.745344 2.312979 59.908880 -4.525356 -7.012448 -18.697924 -1.962759 0.000000 0.000000 -0.000000 17.498953 -45.986523 -11.241006 -3.792238 57.409366 2.824867 -4.972175 -19.684052 2.945519 0.000000 -0.000000 0.000000
-18.889337 86.971152 -242.191673 -1.057672 9.971002 0.704556 -0.820258 8.910016 0.335600 -0.369885 3.959412 0.164484 -0.369885 3.959412 0.164484 -0.278371 2.969461 0.125714 2.376047 11.560957 -0.406411 4.736872 -14.659058 -1.815392 7.746797 11.291540 9.673970 26.472785 -32.318687 59.987592 -5.043161 13.431821 -4.335998 -1.022413 17.416124 -6.190729 -6.880176 5.946289 -8.765135 -28.987455 -18.149958 -65.257144 -5.466721 2.630091 4.261881 6.014799 15.159755 5.680118 -23.533556 -46.004392 17.800896 2.383884 59.907062 -4.498378 -7.050156 -18.714234 -1.961719 -0.000000 0.000000 0.000000 17.504520 -46.014297 -11.248477 -3.803861 57.411458 2.805366 -4.999642 -19.682234 2.958020 -0.000000 -0.000000 0.000000
-18.898529 86.971638 -242.185601 -1.023883 9.995747 0.704375 -0.825508 8.937933 0.336776 -0.372247 3.971813 0.165153 -0.372247 3.971813 0.165153 -0.280149 2.978761 0.126238 2.365908 11.548999 -0.405354 4.717467 -14.681702 -1.809529 7.737331 11.281876 9.650631 26.554880 -32.400276 59.950741 -5.019632 13.345153 -4.333372 -0.993743 17.334654 -6.189636 -6.892122 5.919884 -8.769538 -29.048630 -18.133793 -65.209697 -5.519203 2.607397 4.266233 6.003448 15.198542 5.654360 -23.641928 -45.992532 17.885556 2.503366 59.904873 -4.455385 -7.101762 -18.733437 -1.962484 -0.000000 0.000000 0.000000 17.503133 -46.039974 -11.253254 -3.826453 57.413247 2.779813 -5.015029 -19.681554 2.967407 0.000000 0.000000 0.000000
-18.906673 86.972179 -242.180745 -0.991998 10.022942 0.701428 -0.832435 8.965209 0.338452 -0.375361 3.983928 0.166076 -0.375361 3.983928 0.166076 -0.282492 2.987846 0.126957 2.357560 11.540475 -0.406481 4.702304 -14.697803 -1.808468 7.730766 11.260668 9.634596 26.685482 -32.454484 59.885637 -5.021802 13.244715 -4.336888 -0.975417 17.284319 -6.185802 -6.900420 5.899400 -8.770761 -29.109721 -18.136130 -65.171315 -5.572419 2.597208 4.281823 5.991614 15.214930 5.641174 -23.704272 -45.993946 17.938189 2.589497 59.902791 -4.408597 -7.148761 -18.752197 -1.966741 0.000000 -0.000000 0.000000 17.513360 -46.066390 -11.269493 -3.859619 57.413793 2.758376 -5.022412 -19.680608 2.975777 0.000000 -0.000000 0.000000
-18.912021 86.972838 -242.178110 -0.964067 10.054821 0.692385 -0.844845 8.990025 0.342208 -0.380944 3.994941 0.168024 -0.380944 3.994941 0.168024 -0.286692 2.996103 0.128461 2.354022 11.539241 -0.413551 4.698648 -14.699913 -1.820551 7.733822 11.218568 9.631918 26.921344 -32.449787 59.758263 -5.066497 13.101901 -4.348055 -0.975506 17.302799 -6.173544 -6.900220 5.892071 -8.767986 -29.156338 -18.172610 -65.156648 -5.616138 2.622011 4.318407 5.979449 15.183117 5.654947 -23.668945 -46.023525 17.921496 2.595966 59.901022 -4.359960 -7.182255 -18.769338 -1.976702 0.000000 -0.000000 -0.000000 17.550235 -46.094257 -11.308266 -3.912356 57.412527 2.744698 -5.019831 -19.678914 2.984184 0.000000 -0.000000 -0.000000
-18.916322 86.973553 -242.176690 -0.938047 10.089155 0.680577 -0.858925 9.014203 0.346464 -0.387276 4.005668 0.170225 -0.387276 4.005668 0.170225 -0.291456 3.004145 0.130159 2.352258 11.541438 -0.422822 4.699208 -14.695487 -1.837462 7.739815 11.164920 9.636533 27.205335 -32.417058 59.603038 -5.136854 12.945322 -4.364961 -0.985858 17.352426 -6.158445 -6.896351 5.890658 -8.762051 -29.203005 -18.227629 -65.150955 -5.660497 2.659381 4.366171 5.966842 15.128946 5.681393 -23.587519 -46.066430 17.872610 2.569154 59.899314 -4.307447 -7.211136 -18.786039 -1.990166 -0.000000 0.000000 -0.000000 17.598766 -46.122820 -11.358573 -3.975667 57.410018 2.735135 -5.009246 -19.676959 2.991576 0.000000 0.000000 0.000000
-18.921705 86.974116 -242.175511 -0.911365 10.123703 0.673920 -0.867673 9.036393 0.345948 -0.391152 4.015525 0.170206 -0.391152 4.015525 0.170206 -0.294364 3.011537 0.130176 2.348436 11.545423 -0.422422 4.691531 -14.688259 -1.834842 7.738578 11.118609 9.642272 27.411227 -32.410422 59.494315 -5.191534 12.857723 -4.389144 -0.996400 17.377816 -6.158524 -6.892220 5.884795 -8.752883 -29.270173 -18.280207 -65.130753 -5.709081 2.669820 4.401505 5.958204 15.092723 5.699529 -23.532387 -46.104353 17.842344 2.566199 59.897457 -4.257278 -7.243574 -18.802514 -2.002204 0.000000 -0.000000 0.000000 17.632475 -46.152741 -11.401442 -4.022167 57.407021 2.728933 -5.000606 -19.674787 2.996889 -0.000000 -0.000000 0.000000
-18.928776 86.975005 -242.174786 -0.882737 10.157913 0.677171 -0.866102 9.056320 0.337539 -0.390302 4.024399 0.166486 -0.390302 4.024399 0.166486 -0.293704 3.018195 0.127387 2.340123 11.550544 -0.403865 4.667285 -14.679917 -1.795389 7.723561 11.085857 9.648844 27.459459 -32.468001 59.476098 -5.218066 12.913268 -4.428485 -1.006191 17.357734 -6.186485 -6.886977 5.865734 -8.739210 -29.381148 -18.318967 -65.080003 -5.760102 2.618793 4.407528 5.957620 15.095822 5.699348 -23.534918 -46.129727 17.853275 2.617944 59.893875 -4.209320 -7.288166 -18.817029 -2.009642 0.000000 -0.000000 -0.000000 17.638304 -46.183390 -11.432419 -4.036423 57.401352 2.732396 -4.993901 -19.671256 2.996937 -0.000000 0.000000 -0.000000
-18.936929 86.975742 -242.174301 -0.853435 10.192328 0.685578 -0.859226 9.074265 0.324351 -0.387005 4.032404 0.160540 -0.387005 4.032404 0.160540 -0.291195 3.024203 0.122913 2.329816 11.557452 -0.375612 4.634922 -14.668756 -1.736388 7.701306 11.060450 9.656569 27.429757 -32.552368 59.504340 -5.229067 13.037782 -4.475433 -1.016276 17.313402 -6.229622 -6.881490 5.842208 -8.722323 -29.512631 -18.355139 -65.014742 -5.815448 2.540754 4.401314 5.960988 15.116822 5.690750 -23.563875 -46.150159 17.883026 2.693499 59.890169 -4.163762 -7.336320 -18.831311 -2.015654 0.000000 0.000000 0.000000 17.629267 -46.215442 -11.455876 -4.033870 57.395195 2.739218 -4.989141 -19.667507 2.994906 0.000000 0.000000 0.000000
-18.946477 86.974686 -242.172434 -0.824725 10.226348 0.692799 -0.855047 9.089699 0.310468 -0.384888 4.039292 0.154335 -0.384888 4.039292 0.154335 -0.289568 3.029373 0.118251 2.321077 11.566471 -0.351209 4.607163 -14.653426 -1.685365 7.681276 11.042614 9.660177 27.435526 -32.605007 59.520373 -5.220706 13.091501 -4.508707 -1.019582 17.253103 -6.267840 -6.881728 5.830082 -8.705960 -29.615150 -18.401739 -64.959593 -5.884329 2.499726 4.410068 5.960414 15.131820 5.682572 -23.597924 -46.170204 17.915196 2.757409 59.890896 -4.127289 -7.370424 -18.850763 -2.024833 0.000000 0.000000 0.000000 17.617987 -46.251534 -11.466049 -4.033418 57.395840 2.729727 -4.996297 -19.667011 2.999292 0.000000 -0.000000 0.000000
-18.957873 86.970766 -242.168427 -0.797184 10.258970 0.696507 -0.854307 9.102890 0.296509 -0.384290 4.045180 0.148160 -0.384290 4.045180 0.148160 -0.289080 3.033794 0.113621 2.313472 11.577639 -0.335305 4.585202 -14.633679 -1.651045 7.664355 11.034068 9.658324 27.541123 -32.590980 59.492160 -5.181644 12.981996 -4.516221 -1.010687 17.162247 -6.296577 -6.894074 5.837078 -8.690702 -29.657198 -18.471631 -64.927876 -5.973531 2.531778 4.446268 5.950330 15.136689 5.672040 -23.631347 -46.192380 17.942183 2.786807 59.900769 -4.108254 -7.372051 -18.878656 -2.041032 0.000000 0.000000 0.000000 17.603611 -46.294278 -11.453007 -4.042474 57.408642 2.687960 -5.021603 -19.672186 3.016222 0.000000 0.000000 -0.000000
-18.970664 86.965053 -242.163037 -0.770240 10.291201 0.699027 -0.856264 9.113567 0.281855 -0.384872 4.049951 0.141726 -0.384872 4.049951 0.141726 -0.289475 3.037376 0.108804 2.307411 11.590926 -0.323266 4.567806 -14.609765 -1.624718 7.649656 11.033090 9.652345 27.682205 -32.545182 59.451607 -5.123134 12.801702 -4.510237 -0.994901 17.055443 -6.320434 -6.912101 5.855509 -8.675928 -29.670309 -18.552135 -64.906344 -6.076186 2.601027 4.497037 5.936302 15.135542 5.661971 -23.669876 -46.214162 17.971603 2.804591 59.915091 -4.098261 -7.359616 -18.911722 -2.060425 0.000000 0.000000 0.000000 17.586972 -46.341065 -11.426664 -4.053668 57.428267 2.629858 -5.058833 -19.680598 3.039575 0.000000 0.000000 0.000000
-18.983806 86.959118 -242.156917 -0.743439 10.325459 0.701001 -0.866684 9.120388 0.268743 -0.389232 4.053001 0.136135 -0.389232 4.053001 0.136135 -0.292707 3.039666 0.104644 2.307675 11.606565 -0.314745 4.563986 -14.581096 -1.607784 7.643968 11.034725 9.640964 27.779562 -32.514015 59.435417 -5.075032 12.688155 -4.505658 -0.981271 16.984755 -6.333042 -6.922557 5.878129 -8.663550 -29.699543 -18.617986 -64.879641 -6.181053 2.663610 4.551599 5.927155 15.116927 5.669697 -23.709321 -46.232558 18.009837 2.844002 59.924300 -4.078830 -7.370782 -18.945574 -2.076057 0.000000 0.000000 0.000000 17.583275 -46.386691 -11.411106 -4.063695 57.445963 2.583638 -5.099262 -19.688451 3.059464 0.000000 -0.000000 -0.000000
-18.997937 86.953535 -242.148860 -0.715768 10.361546 0.701589 -0.892144 9.122168 0.258119 -0.400302 4.053798 0.131934 -0.400302 4.053798 0.131934 -0.300978 3.040264 0.101568 2.318925 11.626503 -0.308351 4.581990 -14.543948 -1.599501 7.651478 11.037758 9.622057 27.805538 -32.515204 59.460204 -5.048448 12.705135 -4.509929 -0.973605 16.982374 -6.328409 -6.917588 5.905477 -8.657186 -29.765214 -18.651896 -64.839537 -6.291345 2.702476 4.611196 5.929204 15.064020 5.714569 -23.750717 -46.240817 18.065165 2.933036 59.922408 -4.035660 -7.433087 -18.980857 -2.084357 0.000000 -0.000000 0.000000 17.601436 -46.427019 -11.415764 -4.074358 57.458239 2.559942 -5.141045 -19.694651 3.071833 0.000000 0.000000 -0.000000
-19.012419 86.947730 -242.140073 -0.688242 10.399662 0.701635 -0.926062 9.120088 0.249057 -0.415148 4.052872 0.128584 -0.415148 4.052872 0.128584 -0.312085 3.039569 0.099155 2.336478 11.648785 -0.305510 4.613525 -14.502056 -1.600650 7.667985 11.043377 9.597716 27.787839 -32.531037 59.509410 -5.032267 12.788858 -4.515438 -0.968137 17.016099 -6.312504 -6.905071 5.936993 -8.653264 -29.846920 -18.671028 -64.794180 -6.403752 2.734708 4.674922 5.936270 14.993802 5.777386 -23.792987 -46.245688 18.129279 3.043619 59.915398 -3.983158 -7.519018 -19.016906 -2.088856 0.000000 0.000000 0.000000 17.632614 -46.466169 -11.431304 -4.083820 57.468571 2.548159 -5.186025 -19.700298 3.080737 0.000000 -0.000000 0.000000
-19.024296 86.941555 -242.134825 -0.663442 10.442813 0.704302 -0.954465 9.116350 0.240979 -0.427571 4.051211 0.125558 -0.427571 4.051211 0.125558 -0.321378 3.038323 0.096968 2.351098 11.667786 -0.310091 4.642778 -14.466042 -1.614891 7.687686 11.050242 9.572985 27.730442 -32.554847 59.569871 -5.022918 12.885529 -4.514227 -0.962664 17.041405 -6.296873 -6.895359 5.963774 -8.642905 -29.928710 -18.701782 -64.752641 -6.497391 2.767467 4.728905 5.938368 14.945461 5.817573 -23.828815 -46.264437 18.183698 3.124978 59.911663 -3.945785 -7.583662 -19.047403 -2.093243 0.000000 0.000000 0.000000 17.665415 -46.511326 -11.453704 -4.083266 57.478658 2.544654 -5.231003 -19.704899 3.088457 0.000000 0.000000 -0.000000
-19.030290 86.935356 -242.137080 -0.644443 10.494314 0.712161 -0.972468 9.112358 0.233795 -0.435403 4.049443 0.122722 -0.435404 4.049442 0.122722 -0.327231 3.036996 0.094893 2.359550 11.679318 -0.327964 4.666261 -14.443535 -1.652269 7.711059 11.057146 9.546822 27.605256 -32.597453 59.648078 -5.014294 12.999200 -4.498908 -0.953588 17.035815 -6.286427 -6.890556 5.981020 -8.621352 -30.001721 -18.757509 -64.721596 -6.563803 2.818012 4.770613 5.928818 14.936837 5.814158 -23.852247 -46.310023 18.220763 3.126117 59.913655 -3.961927 -7.597888 -19.061326 -2.093083 0.000000 0.000000 0.000000 17.699877 -46.567200 -11.487035 -4.060764 57.487710 2.556235 -5.277971 -19.706083 3.094627 0.000000 0.000000 0.000000
-19.033680 86.928787 -242.142875 -0.628161 10.550847 0.722642 -0.984957 9.106704 0.227586 -0.440813 4.046937 0.120206 -0.440813 4.046936 0.120206 -0.331270 3.035118 0.093040 2.365042 11.687566 -0.353245 4.687400 -14.426897 -1.702704 7.737617 11.065322 9.520261 27.440183 -32.647864 59.737887 -5.012528 13.125846 -4.476996 -0.944504 17.021816 -6.276233 -6.888541 5.993536 -8.593336 -30.074867 -18.824946 -64.694306 -6.611546 2.868923 4.802427 5.914108 14.949912 5.787941 -23.869294 -46.369499 18.248157 3.098093 59.918919 -3.993109 -7.590813 -19.069729 -2.092826 0.000000 -0.000000 0.000000 17.736024 -46.629065 -11.527273 -4.028227 57.496508 2.576114 -5.324934 -19.706223 3.099606 -0.000000 0.000000 -0.000000
-19.041337 86.920661 -242.144591 -0.607936 10.605477 0.731206 -0.992630 9.097373 0.222019 -0.444101 4.042797 0.117871 -0.444101 4.042797 0.117871 -0.333718 3.032014 0.091309 2.368020 11.699463 -0.372140 4.700798 -14.403856 -1.739639 7.760144 11.077091 9.501492 27.323526 -32.666976 59.806658 -5.032351 13.199540 -4.462792 -0.944049 17.022312 -6.263085 -6.893316 6.006828 -8.564182 -30.158925 -18.890598 -64.659702 -6.645423 2.875248 4.817781 5.903980 14.970044 5.760923 -23.890633 -46.421277 18.270449 3.143342 59.928508 -3.948337 -7.604868 -19.099425 -2.109510 0.000000 -0.000000 0.000000 17.762387 -46.689985 -11.558177 -4.012626 57.509131 2.580256 -5.362723 -19.711947 3.106761 0.000000 0.000000 0.000000
-19.057467 86.909275 -242.138737 -0.579434 10.657440 0.737296 -0.994123 9.082200 0.216660 -0.444654 4.036065 0.115494 -0.444654 4.036065 0.115494 -0.334116 3.026967 0.089526 2.366817 11.718279 -0.378703 4.700553 -14.368686 -1.750807 7.775237 11.094965 9.496347 27.315959 -32.624456 59.829266 -5.085714 13.160538 -4.462687 -0.956148 17.045867 -6.242543 -6.909117 6.020924 -8.535350 -30.263514 -18.945614 -64.610248 -6.667285 2.796749 4.805791 5.903240 14.999666 5.737045 -23.922757 -46.458951 18.289747 3.330544 59.946313 -3.765549 -7.668093 -19.167143 -2.154216 0.000000 0.000000 0.000000 17.772291 -46.750216 -11.571853 -4.030253 57.529190 2.551272 -5.385809 -19.727258 3.119262 0.000000 0.000000 0.000000
-19.077864 86.896332 -242.128804 -0.546995 10.707501 0.741480 -0.990802 9.063353 0.211917 -0.443087 4.027700 0.113289 -0.443087 4.027700 0.113289 -0.332926 3.020695 0.087856 2.363137 11.740750 -0.378857 4.692639 -14.327118 -1.748457 7.786342 11.116421 9.499032 27.356968 -32.550860 59.830538 -5.160482 13.068509 -4.469718 -0.976918 17.083941 -6.219141 -6.931720 6.035795 -8.505374 -30.379029 -18.998786 -64.553502 -6.675303 2.673561 4.777555 5.907152 15.036363 5.712337 -23.959172 -46.488916 18.303956 3.591425 59.967841 -3.506448 -7.752345 -19.256142 -2.215907 0.000000 0.000000 0.000000 17.772330 -46.809527 -11.576106 -4.064891 57.553069 2.506477 -5.399729 -19.748160 3.133947 -0.000000 0.000000 0.000000
-19.096792 86.885758 -242.117647 -0.516987 10.751020 0.740899 -0.987449 9.045311 0.208737 -0.441537 4.019690 0.111777 -0.441537 4.019690 0.111777 -0.331753 3.014688 0.086707 2.362502 11.764003 -0.376623 4.689498 -14.284086 -1.742813 7.796513 11.136215 9.500286 27.353471 -32.498620 59.852210 -5.235413 13.036655 -4.478628 -1.003317 17.133740 -6.203166 -6.952440 6.056867 -8.475200 -30.487428 -19.063086 -64.501013 -6.668861 2.581351 4.759397 5.911216 15.058316 5.697010 -23.991057 -46.508782 18.311323 3.822672 59.982011 -3.265995 -7.815816 -19.343007 -2.278454 0.000000 0.000000 0.000000 17.770878 -46.860258 -11.578195 -4.094706 57.574039 2.473933 -5.411914 -19.769282 3.144700 0.000000 0.000000 0.000000
-19.111410 86.878974 -242.106396 -0.491196 10.786438 0.733333 -0.986252 9.029851 0.208442 -0.440999 4.012820 0.111591 -0.440999 4.012820 0.111591 -0.331348 3.009536 0.086559 2.368212 11.786844 -0.373966 4.698345 -14.241589 -1.739114 7.810563 11.154527 9.496568 27.264131 -32.492534 59.911940 -5.313609 13.128735 -4.492805 -1.041119 17.200952 -6.204054 -6.967811 6.088377 -8.447292 -30.580261 -19.153493 -64.457729 -6.635029 2.562572 4.763937 5.913661 15.050553 5.698282 -24.014216 -46.518188 18.307478 3.990255 59.985787 -3.070213 -7.840947 -19.422131 -2.338374 -0.000000 -0.000000 0.000000 17.774282 -46.899632 -11.584044 -4.109291 57.589908 2.469859 -5.427117 -19.788698 3.148773 0.000000 0.000000 0.000000
-19.124558 86.874559 -242.093920 -0.467849 10.815322 0.720983 -0.985021 9.015193 0.209718 -0.440476 4.006303 0.112102 -0.440476 4.006303 0.112102 -0.330958 3.004648 0.086934 2.376967 11.810461 -0.368920 4.711962 -14.197641 -1.732115 7.823673 11.171182 9.491413 27.130267 -32.507634 59.992110 -5.392248 13.280987 -4.509730 -1.084629 17.279815 -6.212452 -6.981288 6.126084 -8.419190 -30.666022 -19.255076 -64.418641 -6.586777 2.574823 4.778331 5.916262 15.028089 5.708996 -24.032816 -46.517494 18.296763 4.127839 59.982586 -2.893437 -7.845279 -19.499094 -2.399195 -0.000000 0.000000 -0.000000 17.776157 -46.930424 -11.587700 -4.118990 57.602874 2.478090 -5.440579 -19.808338 3.148911 0.000000 0.000000 0.000000
-19.139029 86.872178 -242.079691 -0.447980 10.837729 0.707610 -0.981966 9.000481 0.209580 -0.439118 3.999766 0.111950 -0.439118 3.999766 0.111950 -0.329938 2.999746 0.086807 2.384385 11.835556 -0.359620 4.721127 -14.151194 -1.716328 7.824434 11.180419 9.486145 26.983012 -32.521723 60.081246 -5.441231 13.415449 -4.515510 -1.113494 17.350403 -6.210334 -6.994562 6.162687 -8.384460 -30.752018 -19.335982 -64.380396 -6.562438 2.566544 4.790633 5.919768 15.014090 5.717787 -24.050555 -46.505402 18.290477 4.233215 59.971678 -2.753488 -7.839758 -19.567269 -2.455259 0.000000 -0.000000 -0.000000 17.765770 -46.953304 -11.578599 -4.133037 57.612813 2.478163 -5.445460 -19.828609 3.147228 0.000000 -0.000000 0.000000
-19.156755 86.872074 -242.063545 -0.432168 10.852411 0.692808 -0.976845 8.986621 0.207036 -0.436798 3.993614 0.110695 -0.436798 3.993614 0.110695 -0.328190 2.995133 0.085846 2.390064 11.862318 -0.344353 4.724331 -14.101984 -1.688297 7.805800 11.174768 9.481215 26.826127 -32.525280 60.179298 -5.442844 13.502342 -4.499428 -1.115383 17.411995 -6.183137 -7.007292 6.195737 -8.336996 -30.848648 -19.381398 -64.341144 -6.581405 2.501975 4.795724 5.927738 15.020049 5.723996 -24.067475 -46.477875 18.293856 4.294074 59.949271 -2.667183 -7.824085 -19.623093 -2.504183 0.000000 0.000000 -0.000000 17.732872 -46.968408 -11.546007 -4.158704 57.619702 2.456700 -5.436018 -19.850417 3.144824 0.000000 -0.000000 -0.000000
-19.175803 86.874004 -242.045645 -0.419830 10.860613 0.676973 -0.969900 8.972706 0.203078 -0.433642 3.987441 0.108779 -0.433642 3.987441 0.108779 -0.325811 2.990505 0.084384 2.394413 11.890555 -0.324829 4.723117 -14.050278 -1.651493 7.774803 11.161720 9.476156 26.655878 -32.527603 60.286189 -5.414636 13.571498 -4.471712 -1.102533 17.465362 -6.145262 -7.019828 6.227682 -8.282908 -30.945402 -19.406168 -64.302874 -6.624266 2.416858 4.798960 5.936587 15.034474 5.728243 -24.083496 -46.438961 18.301642 4.322661 59.919374 -2.617738 -7.798622 -19.670140 -2.548304 0.000000 -0.000000 -0.000000 17.687692 -46.975579 -11.500620 -4.188735 57.623556 2.427063 -5.417989 -19.872854 3.140589 0.000000 0.000000 -0.000000
-19.193161 86.876904 -242.025944 -0.410250 10.866132 0.665078 -0.960058 8.955154 0.197696 -0.429175 3.979655 0.106168 -0.429175 3.979655 0.106168 -0.322444 2.984669 0.082392 2.394273 11.920395 -0.304320 4.712841 -13.995809 -1.610819 7.741169 11.157950 9.470904 26.492242 -32.534933 60.390333 -5.379243 13.634411 -4.449522 -1.091362 17.492872 -6.122073 -7.034914 6.258567 -8.234091 -31.018175 -19.422940 -64.268069 -6.671181 2.366873 4.804008 5.936326 15.046018 5.721076 -24.102142 -46.399487 18.309389 4.353606 59.892912 -2.572590 -7.775346 -19.712510 -2.589020 -0.000000 0.000000 -0.000000 17.650232 -46.975072 -11.464029 -4.210584 57.624337 2.408893 -5.401751 -19.893608 3.133336 0.000000 0.000000 0.000000
-19.208397 86.880993 -242.003259 -0.403642 10.869198 0.660852 -0.943626 8.930533 0.189037 -0.421724 3.968738 0.101964 -0.421724 3.968738 0.101964 -0.316829 2.976485 0.079185 2.386266 11.954883 -0.280036 4.685739 -13.933165 -1.559368 7.702993 11.174644 9.468501 26.326367 -32.554616 60.497292 -5.339207 13.700582 -4.439066 -1.086441 17.477124 -6.129988 -7.057123 6.289547 -8.194392 -31.062508 -19.431579 -64.232512 -6.712791 2.385171 4.809392 5.915824 15.049649 5.688006 -24.125431 -46.361899 18.314359 4.398702 59.873974 -2.521729 -7.756876 -19.751088 -2.627290 -0.000000 0.000000 0.000000 17.633546 -46.962866 -11.449443 -4.220210 57.620155 2.413221 -5.390989 -19.911296 3.120607 0.000000 0.000000 0.000000
-19.221944 86.886053 -241.978774 -0.399788 10.869577 0.660564 -0.924289 8.902279 0.178947 -0.412960 3.956208 0.097066 -0.412959 3.956209 0.097065 -0.310225 2.967093 0.075447 2.373759 11.990980 -0.254777 4.649594 -13.867726 -1.504093 7.662198 11.200629 9.465872 26.166995 -32.579348 60.601618 -5.291955 13.760492 -4.434044 -1.083164 17.435512 -6.152585 -7.081913 6.319464 -8.159984 -31.082852 -19.432251 -64.200497 -6.758528 2.438576 4.816322 5.886188 15.050286 5.643555 -24.151347 -46.323755 18.319275 4.446167 59.858471 -2.475154 -7.740622 -19.785006 -2.662131 0.000000 -0.000000 -0.000000 17.624595 -46.943001 -11.443673 -4.221636 57.612911 2.429028 -5.382020 -19.927303 3.104861 -0.000000 0.000000 0.000000
-19.232088 86.890361 -241.955994 -0.397326 10.870374 0.657993 -0.912054 8.877105 0.172969 -0.407422 3.945036 0.094133 -0.407422 3.945036 0.094133 -0.306054 2.958716 0.073206 2.363697 12.019690 -0.240201 4.623015 -13.815430 -1.470651 7.634259 11.219002 9.453805 26.060608 -32.593795 60.675147 -5.252477 13.797123 -4.433091 -1.084225 17.402610 -6.166042 -7.098355 6.344898 -8.131231 -31.068481 -19.438055 -64.187223 -6.816703 2.483302 4.832361 5.870854 15.051631 5.621768 -24.177380 -46.288540 18.327893 4.495221 59.845015 -2.430392 -7.730725 -19.815742 -2.692023 0.000000 -0.000000 0.000000 17.604253 -46.927840 -11.428729 -4.214414 57.608267 2.442868 -5.374175 -19.943472 3.092278 0.000000 0.000000 0.000000
-19.237639 86.893439 -241.936073 -0.394241 10.872678 0.648499 -0.915210 8.857636 0.175725 -0.408871 3.936377 0.095377 -0.408871 3.936377 0.095377 -0.307148 2.952220 0.074142 2.359724 12.037074 -0.246590 4.617486 -13.783037 -1.480394 7.630684 11.221750 9.422751 26.048141 -32.585428 60.698764 -5.237543 13.791366 -4.438554 -1.092572 17.385705 -6.156697 -7.096030 6.363462 -8.111603 -30.988539 -19.460305 -64.212100 -6.903151 2.508037 4.863940 5.885428 15.065162 5.642470 -24.210296 -46.255318 18.346860 4.552362 59.832985 -2.382381 -7.730666 -19.843573 -2.716456 -0.000000 0.000000 0.000000 17.558654 -46.923487 -11.392098 -4.194959 57.608785 2.450063 -5.368743 -19.960647 3.085390 0.000000 -0.000000 0.000000
-19.239787 86.895765 -241.917858 -0.392548 10.875400 0.636723 -0.925475 8.841247 0.182606 -0.413549 3.929075 0.098590 -0.413549 3.929075 0.098590 -0.310675 2.946741 0.076576 2.358187 12.047065 -0.263669 4.621457 -13.763818 -1.511933 7.639980 11.216848 9.382312 26.088780 -32.567147 60.691526 -5.230450 13.762347 -4.448231 -1.105287 17.377518 -6.138213 -7.085353 6.377544 -8.097606 -30.873813 -19.487558 -64.255772 -7.002059 2.524130 4.904521 5.914274 15.079564 5.685838 -24.243309 -46.225015 18.369516 4.611090 59.822995 -2.336183 -7.736983 -19.868234 -2.735923 -0.000000 0.000000 0.000000 17.501658 -46.923802 -11.346282 -4.166869 57.611902 2.455275 -5.364441 -19.977988 3.081667 0.000000 -0.000000 0.000000
-19.240383 86.897052 -241.901387 -0.396923 10.878371 0.630365 -0.928000 8.826759 0.185310 -0.414717 3.922630 0.099808 -0.414717 3.922630 0.099808 -0.311558 2.941906 0.077492 2.355067 12.052492 -0.272259 4.618951 -13.753491 -1.526776 7.643086 11.211368 9.352013 26.106491 -32.561821 60.682373 -5.195974 13.750369 -4.454013 -1.116287 17.390747 -6.127756 -7.086638 6.390878 -8.079153 -30.806113 -19.498963 -64.275180 -7.074119 2.521792 4.942564 5.934093 15.064414 5.726389 -24.253622 -46.203923 18.379705 4.651140 59.815515 -2.304496 -7.743402 -19.890389 -2.750414 -0.000000 -0.000000 0.000000 17.455754 -46.922805 -11.310844 -4.140477 57.615593 2.459064 -5.356745 -19.994815 3.079704 0.000000 0.000000 0.000000
-19.240436 86.896343 -241.887403 -0.413020 10.881438 0.632855 -0.913570 8.814713 0.179342 -0.408209 3.917293 0.096865 -0.408209 3.917293 0.096865 -0.306659 2.937907 0.075241 2.347103 12.052615 -0.261606 4.599177 -13.754011 -1.503019 7.629011 11.206758 9.344948 26.060575 -32.583808 60.680834 -5.113927 13.779709 -4.448693 -1.121702 17.457810 -6.127842 -7.112861 6.404992 -8.048076 -30.837205 -19.479095 -64.247686 -7.102880 2.483558 4.978631 5.930935 14.983160 5.758304 -24.226543 -46.195768 18.372127 4.661381 59.810749 -2.297760 -7.750417 -19.909766 -2.758434 -0.000000 -0.000000 0.000000 17.430173 -46.919262 -11.292948 -4.119373 57.621068 2.460880 -5.341144 -20.011902 3.079900 0.000000 -0.000000 -0.000000
-19.238937 86.894595 -241.875164 -0.435185 10.884756 0.640763 -0.891391 8.804570 0.169193 -0.398187 3.912813 0.091927 -0.398187 3.912814 0.091927 -0.299114 2.934552 0.071471 2.337541 12.048178 -0.242466 4.572898 -13.763407 -1.462563 7.608710 11.201584 9.348005 25.991706 -32.618696 60.677373 -5.004377 13.825974 -4.439224 -1.125244 17.546294 -6.135781 -7.151042 6.418367 -8.012561 -30.915336 -19.443459 -64.195933 -7.104668 2.426888 5.012340 5.918923 14.872282 5.787424 -24.176802 -46.196822 18.352113 4.652978 59.808511 -2.305492 -7.757543 -19.926635 -2.761476 0.000000 -0.000000 0.000000 17.415688 -46.914440 -11.285438 -4.099965 57.627113 2.461273 -5.322147 -20.028474 3.081850 0.000000 0.000000 0.000000
-19.234707 86.894391 -241.862490 -0.451128 10.888617 0.651501 -0.874244 8.793531 0.160043 -0.390415 3.907931 0.087526 -0.390415 3.907931 0.087526 -0.293258 2.930894 0.068119 2.332126 12.044250 -0.227922 4.556486 -13.771504 -1.432633 7.596026 11.198601 9.341378 25.945954 -32.646171 60.672196 -4.892528 13.856518 -4.438943 -1.132421 17.571670 -6.161176 -7.182561 6.430146 -7.987063 -30.967170 -19.417835 -64.144599 -7.089320 2.394366 5.030899 5.916838 14.810876 5.805640 -24.125770 -46.202212 18.319484 4.639120 59.808698 -2.308994 -7.757030 -19.942473 -2.764025 0.000000 0.000000 0.000000 17.407113 -46.906136 -11.286421 -4.081812 57.628074 2.462465 -5.308764 -20.041535 3.082942 0.000000 -0.000000 -0.000000
-19.226693 86.897107 -241.848426 -0.454349 10.892325 0.666106 -0.866913 8.780887 0.153129 -0.387034 3.902327 0.084300 -0.387034 3.902327 0.084300 -0.290702 2.926693 0.065675 2.333124 12.041956 -0.222972 4.556365 -13.775934 -1.423698 7.597468 11.200151 9.316415 25.938894 -32.657865 60.670064 -4.783867 13.862588 -4.458632 -1.149656 17.468023 -6.221476 -7.200359 6.439179 -7.981764 -30.957998 -19.416403 -64.097485 -7.057027 2.408684 5.022766 5.935973 14.851764 5.805827 -24.079371 -46.211971 18.267190 4.624024 59.813334 -2.297106 -7.742698 -19.957852 -2.768940 0.000000 -0.000000 0.000000 17.404720 -46.891182 -11.298133 -4.067244 57.620125 2.463130 -5.305201 -20.048702 3.081866 0.000000 -0.000000 -0.000000
-19.215948 86.901367 -241.833927 -0.451347 10.896571 0.683544 -0.864611 8.767344 0.147214 -0.385901 3.896319 0.081610 -0.385901 3.896319 0.081610 -0.289835 2.922189 0.063648 2.338279 12.040173 -0.222610 4.566132 -13.779074 -1.425282 7.606544 11.203897 9.281785 25.954976 -32.662181 60.666186 -4.673052 13.853074 -4.487860 -1.170832 17.301394 -6.299682 -7.211491 6.446599 -7.986469 -30.922592 -19.425054 -64.050718 -7.007708 2.447227 4.999526 5.964863 14.942177 5.795181 -24.031655 -46.226038 18.202254 4.603487 59.820407 -2.280976 -7.720723 -19.972199 -2.773370 0.000000 0.000000 0.000000 17.408218 -46.872748 -11.318322 -4.053935 57.607094 2.464592 -5.307255 -20.052359 3.079939 -0.000000 0.000000 -0.000000
-19.204449 86.905619 -241.819674 -0.449339 10.903730 0.698113 -0.865761 8.752207 0.143761 -0.386344 3.889598 0.080074 -0.386344 3.889598 0.080074 -0.290157 2.917149 0.062495 2.346568 12.040605 -0.224910 4.582943 -13.777878 -1.433195 7.617608 11.205567 9.243674 25.993622 -32.663951 60.646394 -4.569130 13.821810 -4.508420 -1.182800 17.185110 -6.353801 -7.218520 6.454951 -7.985063 -30.891881 -19.427186 -64.017374 -6.950812 2.484578 4.983076 5.988117 15.002824 5.786898 -23.986218 -46.239437 18.145652 4.578058 59.823748 -2.275378 -7.701889 -19.985281 -2.773233 0.000000 -0.000000 0.000000 17.411601 -46.858140 -11.338370 -4.034464 57.594807 2.473050 -5.311323 -20.056670 3.078491 -0.000000 -0.000000 0.000000
-19.192950 86.909794 -241.805643 -0.451018 10.914882 0.707232 -0.871195 8.734947 0.143168 -0.388740 3.881926 0.079882 -0.388740 3.881926 0.079882 -0.291952 2.911396 0.062362 2.359363 12.043853 -0.230125 4.609505 -13.771169 -1.448474 7.628439 11.201928 9.201395 26.064926 -32.659805 60.601814 -4.470805 13.752074 -4.510348 -1.178002 17.178395 -6.362304 -7.220842 6.464524 -7.968782 -30.877058 -19.416628 -64.007478 -6.883649 2.514982 4.986326 5.998662 14.993304 5.786095 -23.938385 -46.250015 18.101892 4.542672 59.818611 -2.288148 -7.690833 -19.996570 -2.765767 0.000000 -0.000000 0.000000 17.414559 -46.848859 -11.357344 -4.006402 57.583787 2.493912 -5.315135 -20.062960 3.076668 0.000000 -0.000000 -0.000000
-19.180699 86.913960 -241.791859 -0.453690 10.928948 0.713483 -0.880083 8.716092 0.145046 -0.392713 3.873540 0.080847 -0.392713 3.873540 0.080847 -0.294936 2.905104 0.063105 2.375295 12.049319 -0.237996 4.643111 -13.760107 -1.470065 7.641274 11.196200 9.155640 26.158787 -32.653067 60.541365 -4.379498 13.660467 -4.503872 -1.163740 17.221829 -6.346324 -7.219072 6.475036 -7.946388 -30.866922 -19.399527 -64.011021 -6.808866 2.544142 4.996314 6.003648 14.953980 5.787477 -23.892846 -46.259946 18.066476 4.502395 59.809730 -2.311442 -7.682925 -20.006597 -2.753725 0.000000 -0.000000 0.000000 17.417410 -46.843404 -11.376181 -3.972189 57.573501 2.521758 -5.320961 -20.069904 3.075325 -0.000000 0.000000 0.000000
-19.167416 86.916780 -241.779072 -0.456486 10.945066 0.718907 -0.888358 8.696536 0.149676 -0.396466 3.864837 0.083018 -0.396466 3.864837 0.083018 -0.297763 2.898575 0.064750 2.389225 12.056915 -0.245837 4.672790 -13.745162 -1.490646 7.657136 11.193789 9.114650 26.244368 -32.658585 60.477502 -4.308165 13.590802 -4.500724 -1.149266 17.250732 -6.327867 -7.217611 6.488166 -7.928061 -30.858780 -19.377708 -64.011046 -6.743887 2.563800 4.996029 6.009057 14.926677 5.788524 -23.867284 -46.270789 18.046908 4.472942 59.805149 -2.336543 -7.675047 -20.016711 -2.741293 0.000000 -0.000000 0.000000 17.415121 -46.844576 -11.389088 -3.931696 57.568194 2.546555 -5.332011 -20.077682 3.078359 0.000000 -0.000000 0.000000
-19.152328 86.918312 -241.767714 -0.460815 10.963267 0.723946 -0.894028 8.675692 0.158035 -0.399134 3.855555 0.086789 -0.399134 3.855555 0.086789 -0.299786 2.891611 0.067589 2.399131 12.067866 -0.253137 4.694411 -13.724153 -1.508322 7.676158 11.195288 9.082930 26.303252 -32.687756 60.413933 -4.267960 13.574111 -4.503911 -1.134664 17.242337 -6.306223 -7.219319 6.505702 -7.918823 -30.857085 -19.347464 -63.996843 -6.695510 2.561972 4.974687 6.018454 14.926935 5.791074 -23.878036 -46.281125 18.053864 4.465439 59.807095 -2.362925 -7.664106 -20.025751 -2.729459 -0.000000 0.000000 -0.000000 17.401698 -46.854356 -11.389832 -3.879089 57.569275 2.565393 -5.350846 -20.086002 3.088108 0.000000 0.000000 0.000000
-19.136209 86.918497 -241.757355 -0.465269 10.983519 0.728157 -0.899085 8.654149 0.169147 -0.401582 3.845957 0.091767 -0.401582 3.845957 0.091767 -0.301651 2.884409 0.071330 2.407026 12.080947 -0.260413 4.712092 -13.699264 -1.524992 7.698189 11.200124 9.055978 26.353961 -32.729154 60.346823 -4.247550 13.579456 -4.510040 -1.119999 17.219410 -6.282279 -7.221340 6.525850 -7.913653 -30.857372 -19.312502 -63.979130 -6.656947 2.550692 4.943022 6.028264 14.939211 5.793372 -23.908793 -46.292381 18.076715 4.468732 59.813335 -2.391147 -7.653193 -20.034879 -2.717236 -0.000000 -0.000000 0.000000 17.383133 -46.870763 -11.384632 -3.820179 57.575337 2.581207 -5.374910 -20.095149 3.102238 -0.000000 -0.000000 -0.000000
-19.121109 86.915816 -241.747454 -0.464753 11.004862 0.732252 -0.905446 8.634568 0.180360 -0.404607 3.837230 0.096817 -0.404607 3.837230 0.096817 -0.303951 2.877860 0.075130 2.413827 12.092380 -0.266524 4.727244 -13.677522 -1.539041 7.723803 11.211960 9.028517 26.421041 -32.763384 60.277284 -4.226114 13.557753 -4.521180 -1.114714 17.185743 -6.280700 -7.219481 6.544907 -7.907665 -30.843569 -19.285765 -63.973070 -6.625288 2.557736 4.916395 6.033718 14.958728 5.787600 -23.928260 -46.310405 18.090990 4.465092 59.825230 -2.414152 -7.648470 -20.048919 -2.705854 0.000000 0.000000 0.000000 17.372377 -46.890665 -11.386394 -3.772285 57.586407 2.592746 -5.399735 -20.106175 3.117634 -0.000000 0.000000 0.000000
-19.108030 86.909018 -241.737939 -0.455961 11.027109 0.737939 -0.914896 8.617879 0.190362 -0.408980 3.829789 0.101394 -0.408980 3.829789 0.101394 -0.307257 2.872276 0.078583 2.419681 12.099905 -0.271714 4.740346 -13.663108 -1.551102 7.753584 11.232988 8.996173 26.520452 -32.782152 60.205783 -4.196540 13.481891 -4.542214 -1.126966 17.137653 -6.322500 -7.210250 6.558361 -7.897742 -30.800461 -19.271452 -63.989548 -6.602721 2.601934 4.900564 6.030164 14.993959 5.763529 -23.919224 -46.339783 18.082825 4.446195 59.844672 -2.427549 -7.654947 -20.071369 -2.696242 0.000000 0.000000 0.000000 17.373644 -46.913490 -11.400812 -3.741567 57.603128 2.599026 -5.424260 -20.119382 3.132924 -0.000000 0.000000 -0.000000
-19.095971 86.899354 -241.728883 -0.442197 11.050445 0.743517 -0.925649 8.603150 0.200465 -0.413931 3.823219 0.106042 -0.413931 3.823219 0.106042 -0.310997 2.867344 0.082095 2.424444 12.105779 -0.275742 4.750930 -13.651848 -1.560553 7.786918 11.261028 8.963323 26.636163 -32.793669 60.131855 -4.166007 13.379016 -4.568470 -1.148558 17.078937 -6.386650 -7.197130 6.570730 -7.886992 -30.743273 -19.265315 -64.017678 -6.587073 2.664402 4.889902 6.022209 15.036462 5.731411 -23.898852 -46.375935 18.066016 4.420371 59.869775 -2.435722 -7.667621 -20.098725 -2.687463 0.000000 -0.000000 -0.000000 17.382751 -46.939804 -11.422231 -3.721850 57.624867 2.601053 -5.449552 -20.134467 3.149483 -0.000000 0.000000 0.000000
-19.083972 86.889060 -241.719959 -0.428286 11.074464 0.744589 -0.934256 8.590246 0.211952 -0.417956 3.817456 0.111267 -0.417956 3.817456 0.111267 -0.314047 2.863018 0.086034 2.428594 12.113007 -0.276741 4.758996 -13.638232 -1.563893 7.822585 11.293184 8.937821 26.744659 -32.803297 60.055263 -4.135186 13.281388 -4.587750 -1.164413 17.024623 -6.434729 -7.186389 6.591848 -7.879858 -30.701581 -19.267680 -64.039960 -6.568888 2.716317 4.882706 6.019033 15.056081 5.714103 -23.887443 -46.410988 18.057610 4.394868 59.896247 -2.444770 -7.677628 -20.125316 -2.677947 0.000000 0.000000 0.000000 17.400069 -46.968183 -11.446555 -3.711950 57.649737 2.600554 -5.474341 -20.151578 3.168318 0.000000 0.000000 0.000000
-19.071690 86.878825 -241.711267 -0.417328 11.098589 0.737066 -0.939039 8.580444 0.226775 -0.420349 3.813068 0.117906 -0.420349 3.813068 0.117906 -0.315882 2.859722 0.091023 2.432542 12.121893 -0.274200 4.765104 -13.621703 -1.560309 7.863777 11.332220 8.924455 26.848898 -32.811889 59.963383 -4.101314 13.186692 -4.593134 -1.167546 16.975711 -6.449625 -7.181198 6.629051 -7.879806 -30.689508 -19.282675 -64.048355 -6.543361 2.749377 4.881565 6.026560 15.027943 5.727865 -23.888260 -46.442669 18.062736 4.367663 59.923123 -2.457430 -7.680626 -20.148031 -2.666345 -0.000000 -0.000000 0.000000 17.430177 -46.998383 -11.472718 -3.714418 57.678306 2.597868 -5.498478 -20.171105 3.190348 -0.000000 -0.000000 -0.000000
-19.059469 86.867961 -241.702706 -0.406231 11.123400 0.725035 -0.941675 8.572468 0.242980 -0.421815 3.809489 0.125120 -0.421815 3.809489 0.125120 -0.317026 2.857032 0.096438 2.435876 12.132130 -0.268628 4.768698 -13.602824 -1.550616 7.907305 11.375360 8.918450 26.945880 -32.818528 59.868851 -4.067126 13.097208 -4.591477 -1.164960 16.931136 -6.448454 -7.178400 6.675001 -7.883369 -30.692925 -19.306225 -64.050890 -6.515261 2.771857 4.883835 6.038869 14.976855 5.756325 -23.898093 -46.473258 18.076317 4.340766 59.951367 -2.470982 -7.680951 -20.169985 -2.654014 -0.000000 0.000000 -0.000000 17.468524 -47.030638 -11.501834 -3.726711 57.710007 2.592649 -5.522118 -20.192659 3.214656 -0.000000 0.000000 -0.000000
-19.047387 86.856637 -241.693650 -0.390524 11.150230 0.716369 -0.943751 8.562342 0.255985 -0.422973 3.804961 0.130902 -0.422973 3.804961 0.130902 -0.317929 2.853632 0.100777 2.437838 12.145805 -0.259689 4.768104 -13.577762 -1.533752 7.942395 11.411390 8.913299 27.003200 -32.826164 59.809364 -4.041496 13.052074 -4.591045 -1.162600 16.902806 -6.444115 -7.174759 6.717521 -7.884579 -30.699024 -19.326414 -64.054161 -6.489493 2.779826 4.879913 6.047478 14.947207 5.773464 -23.927600 -46.501718 18.100177 4.327479 59.979582 -2.483345 -7.682750 -20.194840 -2.643455 0.000000 -0.000000 0.000000 17.501760 -47.064248 -11.533046 -3.740015 57.741251 2.585583 -5.544449 -20.215221 3.239500 0.000000 -0.000000 0.000000
-19.035579 86.844138 -241.683754 -0.365441 11.179863 0.716266 -0.947152 8.547685 0.263208 -0.424610 3.798430 0.134137 -0.424610 3.798430 0.134137 -0.319175 2.848731 0.103208 2.438054 12.164479 -0.246093 4.762006 -13.543693 -1.507032 7.964030 11.432192 8.905227 26.996365 -32.836460 59.809727 -4.028885 13.082491 -4.597559 -1.162818 16.900973 -6.439667 -7.167636 6.747582 -7.880696 -30.704634 -19.332858 -64.061346 -6.468685 2.758912 4.863767 6.048926 14.965040 5.767211 -23.998121 -46.525242 18.145168 4.344209 60.008773 -2.493985 -7.688895 -20.226095 -2.636428 -0.000000 -0.000000 0.000000 17.522723 -47.099790 -11.567338 -3.753678 57.771941 2.573407 -5.564610 -20.239217 3.265445 0.000000 0.000000 0.000000
-19.023910 86.831179 -241.673361 -0.335740 11.211511 0.719542 -0.949997 8.530879 0.267225 -0.425940 3.790951 0.135937 -0.425940 3.790951 0.135937 -0.320183 2.843120 0.104561 2.436906 12.186585 -0.229122 4.751746 -13.503448 -1.473142 7.977242 11.445866 8.897988 26.949875 -32.847957 59.845224 -4.024834 13.157260 -4.605164 -1.163228 16.915385 -6.432004 -7.159649 6.774209 -7.874449 -30.712921 -19.335938 -64.069264 -6.450199 2.723510 4.841385 6.046749 15.004359 5.749741 -24.088364 -46.546584 18.200521 4.374561 60.037934 -2.503419 -7.696519 -20.260251 -2.631168 -0.000000 0.000000 -0.000000 17.538577 -47.136684 -11.603716 -3.768370 57.802174 2.559363 -5.583464 -20.264221 3.291928 0.000000 0.000000 0.000000
-19.012047 86.820083 -241.662881 -0.311241 11.244152 0.718490 -0.948224 8.515096 0.271188 -0.425223 3.783930 0.137629 -0.425223 3.783930 0.137629 -0.319654 2.837853 0.105820 2.434771 12.209526 -0.212287 4.739642 -13.461679 -1.439070 7.986336 11.465514 8.896364 26.904861 -32.859064 59.879275 -4.024782 13.221933 -4.604709 -1.162666 16.927205 -6.424775 -7.155434 6.812309 -7.868064 -30.720569 -19.354892 -64.075009 -6.431066 2.712847 4.821242 6.043000 15.031532 5.731462 -24.145012 -46.573112 18.235568 4.382649 60.062647 -2.511135 -7.701152 -20.290473 -2.624892 0.000000 0.000000 0.000000 17.557444 -47.172501 -11.638320 -3.777225 57.828652 2.553917 -5.602783 -20.287944 3.315504 0.000000 0.000000 0.000000
-18.999396 86.811756 -241.652387 -0.297560 11.277089 0.708694 -0.938235 8.500943 0.276554 -0.420890 3.777634 0.139795 -0.420890 3.777634 0.139795 -0.316418 2.833131 0.107413 2.431303 12.234497 -0.196271 4.725280 -13.416151 -1.405918 7.992098 11.497472 8.904052 26.877908 -32.867222 59.895654 -4.026347 13.253142 -4.589698 -1.160902 16.926178 -6.421603 -7.157660 6.874773 -7.861528 -30.725835 -19.406315 -64.076929 -6.405527 2.757269 4.806126 6.036950 15.027605 5.713097 -24.129622 -46.611297 18.226378 4.342668 60.081392 -2.516034 -7.699944 -20.313541 -2.616067 -0.000000 0.000000 0.000000 17.585981 -47.205348 -11.672386 -3.776889 57.850095 2.566112 -5.621629 -20.310242 3.333246 0.000000 -0.000000 0.000000
-18.986551 86.805291 -241.641805 -0.289093 11.311022 0.694557 -0.923630 8.487808 0.281857 -0.414510 3.771795 0.141852 -0.414510 3.771795 0.141852 -0.311647 2.828752 0.108912 2.426858 12.260301 -0.180384 4.709093 -13.369098 -1.372579 7.993765 11.535393 8.917373 26.852440 -32.875007 59.910586 -4.031871 13.274266 -4.566628 -1.158169 16.922564 -6.418870 -7.163630 6.948714 -7.854831 -30.730504 -19.473612 -64.076713 -6.379324 2.826411 4.793334 6.029280 15.011532 5.693891 -24.080509 -46.654716 18.196687 4.280433 60.095696 -2.519207 -7.695738 -20.332678 -2.606235 0.000000 0.000000 0.000000 17.617519 -47.237120 -11.704679 -3.770677 57.867775 2.586941 -5.640933 -20.331263 3.348077 0.000000 0.000000 0.000000
-18.974955 86.800286 -241.631317 -0.278831 11.347034 0.681598 -0.911143 8.477043 0.285875 -0.409046 3.767010 0.143384 -0.409046 3.767010 0.143384 -0.307559 2.825163 0.110023 2.422850 12.280761 -0.166097 4.694633 -13.331877 -1.342727 7.993309 11.573360 8.930051 26.819867 -32.888581 59.936146 -4.043861 13.300964 -4.545830 -1.154013 16.928302 -6.409375 -7.169943 7.010372 -7.850225 -30.736534 -19.526232 -64.076441 -6.366779 2.868431 4.783048 6.024141 15.006524 5.682023 -24.059584 -46.691479 18.187433 4.237476 60.105698 -2.523433 -7.692604 -20.350725 -2.597232 0.000000 0.000000 0.000000 17.640188 -47.271078 -11.727619 -3.761726 57.882233 2.599792 -5.665272 -20.349140 3.365332 0.000000 0.000000 0.000000
-18.966507 86.796778 -241.620886 -0.261822 11.385925 0.672146 -0.903490 8.468934 0.288229 -0.405694 3.763406 0.144271 -0.405694 3.763406 0.144271 -0.305051 2.822461 0.110666 2.419552 12.292958 -0.153411 4.682523 -13.309892 -1.316600 7.990031 11.613125 8.939011 26.772295 -32.917226 59.981984 -4.065207 13.339089 -4.531639 -1.148171 16.949899 -6.389148 -7.176069 7.047203 -7.849029 -30.744715 -19.546332 -64.076246 -6.379021 2.851296 4.773911 6.024627 15.031203 5.682700 -24.097976 -46.714665 18.220050 4.233162 60.110107 -2.531057 -7.693549 -20.369143 -2.590088 0.000000 -0.000000 0.000000 17.638509 -47.310405 -11.730252 -3.748239 57.893192 2.595053 -5.695791 -20.362189 3.386407 -0.000000 -0.000000 0.000000
-18.959309 86.794730 -241.610550 -0.243015 11.426895 0.663881 -0.897952 8.463198 0.289305 -0.403257 3.760858 0.144636 -0.403257 3.760858 0.144636 -0.303226 2.820550 0.110923 2.416684 12.299814 -0.142335 4.672115 -13.297735 -1.293964 7.984630 11.652943 8.947320 26.717610 -32.951622 60.038524 -4.093073 13.382766 -4.519788 -1.140938 16.980872 -6.362190 -7.182560 7.071756 -7.849951 -30.754221 -19.551750 -64.075956 -6.404976 2.807061 4.767200 6.027693 15.066934 5.690731 -24.164659 -46.731156 18.273268 4.248115 60.110207 -2.539745 -7.695565 -20.386470 -2.583770 0.000000 -0.000000 0.000000 17.627920 -47.351932 -11.723468 -3.732046 57.900943 2.582306 -5.731342 -20.372083 3.409905 -0.000000 -0.000000 0.000000
-18.949104 86.793637 -241.600607 -0.230241 11.468624 0.655345 -0.893115 8.460336 0.289035 -0.401108 3.759590 0.144423 -0.401108 3.759590 0.144423 -0.301612 2.819600 0.110749 2.414820 12.303910 -0.134359 4.665040 -13.290532 -1.277787 7.981149 11.681663 8.957888 26.670924 -32.970047 60.088924 -4.121370 13.430062 -4.507706 -1.132683 17.013677 -6.333265 -7.187664 7.097911 -7.851339 -30.764566 -19.565456 -64.077164 -6.425679 2.780016 4.767001 6.028270 15.081044 5.698690 -24.228436 -46.749819 18.324109 4.265760 60.109984 -2.545249 -7.693697 -20.401166 -2.577013 0.000000 0.000000 0.000000 17.642985 -47.389398 -11.732528 -3.721727 57.906872 2.573717 -5.773074 -20.381986 3.436978 0.000000 -0.000000 -0.000000
-18.932725 86.793813 -241.591865 -0.228438 11.513458 0.645741 -0.890070 8.459218 0.287279 -0.399726 3.759099 0.143587 -0.399726 3.759099 0.143587 -0.300571 2.819232 0.110113 2.415880 12.307150 -0.131648 4.665797 -13.284595 -1.272922 7.983072 11.691217 8.971698 26.645273 -32.956308 60.122876 -4.148842 13.479149 -4.493256 -1.121838 17.051531 -6.299727 -7.188645 7.133803 -7.852446 -30.764912 -19.603367 -64.089740 -6.432680 2.800151 4.779414 6.024690 15.044989 5.708574 -24.282414 -46.776834 18.367210 4.285747 60.111083 -2.542449 -7.684568 -20.410879 -2.569226 0.000000 -0.000000 0.000000 17.716135 -47.419735 -11.781804 -3.719169 57.909219 2.585080 -5.827165 -20.391800 3.467014 0.000000 -0.000000 0.000000
-18.913339 86.794944 -241.583517 -0.232674 11.559047 0.635847 -0.887727 8.460976 0.284182 -0.398631 3.759887 0.142174 -0.398631 3.759887 0.142174 -0.299742 2.819824 0.109048 2.417934 12.307633 -0.132045 4.669866 -13.283610 -1.274525 7.986904 11.689673 8.987748 26.627656 -32.926620 60.150572 -4.176732 13.531871 -4.478593 -1.109946 17.091239 -6.264242 -7.188237 7.171294 -7.854033 -30.766147 -19.649566 -64.103819 -6.434358 2.837455 4.798365 6.018531 14.987322 5.718365 -24.333515 -46.806027 18.407958 4.308433 60.111855 -2.536458 -7.671552 -20.417961 -2.561002 0.000000 0.000000 0.000000 17.815042 -47.445933 -11.847084 -3.722479 57.909727 2.600604 -5.887441 -20.401601 3.500629 -0.000000 0.000000 -0.000000
-18.896196 86.795580 -241.573430 -0.235977 11.597028 0.626569 -0.881399 8.469505 0.280091 -0.395755 3.763690 0.140261 -0.395755 3.763690 0.140261 -0.297574 2.822678 0.107598 2.415798 12.302234 -0.130551 4.665356 -13.293769 -1.271009 7.986233 11.690084 9.005977 26.594160 -32.907889 60.185885 -4.202705 13.591810 -4.467576 -1.102035 17.115611 -6.239500 -7.192872 7.199863 -7.856686 -30.800387 -19.679239 -64.091315 -6.437043 2.846219 4.809655 6.009649 14.961018 5.714628 -24.371216 -46.827809 18.439404 4.318309 60.111353 -2.538366 -7.659826 -20.427927 -2.552855 0.000000 0.000000 0.000000 17.877113 -47.470925 -11.880692 -3.734560 57.915057 2.585095 -5.936517 -20.414826 3.540834 0.000000 0.000000 0.000000
-18.884294 86.795573 -241.560623 -0.234748 11.622202 0.618715 -0.868414 8.489056 0.274565 -0.389906 3.772397 0.137610 -0.389906 3.772398 0.137611 -0.293174 2.829212 0.105581 2.406149 12.286709 -0.123307 4.644446 -13.323224 -1.253786 7.980443 11.701282 9.027436 26.521212 -32.919121 60.242153 -4.221984 13.671858 -4.464108 -1.102440 17.107104 -6.237079 -7.207124 7.203084 -7.860449 -30.893094 -19.665694 -64.034149 -6.444556 2.798600 4.803808 5.995363 15.002648 5.683693 -24.385275 -46.836319 18.454204 4.304327 60.107005 -2.554425 -7.652120 -20.443006 -2.545263 0.000000 0.000000 0.000000 17.859238 -47.497214 -11.848069 -3.761508 57.929116 2.507345 -5.961748 -20.433409 3.592067 0.000000 0.000000 0.000000
-18.874634 86.795071 -241.546077 -0.232580 11.639769 0.611482 -0.851441 8.515379 0.268052 -0.382273 3.784119 0.134459 -0.382273 3.784119 0.134459 -0.287434 2.838007 0.103178 2.392311 12.265307 -0.114156 4.614942 -13.363808 -1.231401 7.970185 11.714430 9.051103 26.432352 -32.941280 60.306212 -4.239437 13.759099 -4.464391 -1.106779 17.083194 -6.245302 -7.226439 7.197398 -7.865253 -31.018624 -19.635357 -63.950420 -6.453174 2.722452 4.790284 5.978394 15.075634 5.639218 -24.385862 -46.837457 18.459616 4.277542 60.101385 -2.578371 -7.645708 -20.460967 -2.537745 -0.000000 -0.000000 0.000000 17.804367 -47.522336 -11.783550 -3.797352 57.947961 2.398449 -5.975795 -20.455430 3.649897 0.000000 -0.000000 0.000000
-18.863471 86.793069 -241.530610 -0.233283 11.656964 0.603369 -0.833807 8.539615 0.262221 -0.374358 3.794911 0.131592 -0.374358 3.794911 0.131592 -0.281484 2.846104 0.100986 2.379078 12.247645 -0.109663 4.588416 -13.397232 -1.217985 7.950934 11.716089 9.073803 26.374409 -32.944245 60.351995 -4.267101 13.818401 -4.460634 -1.107103 17.079242 -6.242041 -7.243529 7.221578 -7.871503 -31.132642 -19.643204 -63.866036 -6.457981 2.655630 4.783256 5.966833 15.123229 5.608808 -24.393039 -46.839277 18.470563 4.255581 60.101268 -2.602545 -7.637584 -20.480628 -2.529387 0.000000 -0.000000 -0.000000 17.779029 -47.541949 -11.742810 -3.826809 57.966582 2.316764 -5.999237 -20.478550 3.704029 0.000000 -0.000000 0.000000
-18.849140 86.790010 -241.514609 -0.237169 11.676955 0.593110 -0.820497 8.558388 0.258252 -0.368392 3.803269 0.129620 -0.368392 3.803268 0.129620 -0.277000 2.852374 0.099475 2.369830 12.239263 -0.115561 4.573564 -13.412867 -1.225683 7.925288 11.696631 9.092629 26.385746 -32.903657 60.359237 -4.314109 13.819986 -4.446847 -1.097769 17.112660 -6.214501 -7.256120 7.289472 -7.875657 -31.204336 -19.709954 -63.806967 -6.463386 2.615460 4.795133 5.966622 15.112599 5.609899 -24.418693 -46.843896 18.495037 4.246887 60.108324 -2.623626 -7.625992 -20.500654 -2.519423 0.000000 -0.000000 -0.000000 17.819422 -47.551524 -11.758507 -3.829448 57.978789 2.308555 -6.044597 -20.497828 3.743264 0.000000 -0.000000 0.000000
-18.833306 86.785452 -241.497687 -0.243928 11.696573 0.581969 -0.806525 8.575073 0.254961 -0.362144 3.810698 0.127931 -0.362144 3.810697 0.127931 -0.272307 2.857948 0.098174 2.361175 12.234620 -0.126124 4.561686 -13.421351 -1.242375 7.890611 11.665701 9.110507 26.427967 -32.843904 60.348070 -4.371160 13.793675 -4.428711 -1.084489 17.166119 -6.175612 -7.266441 7.387223 -7.881256 -31.264906 -19.815051 -63.747031 -6.464973 2.584609 4.813507 5.971794 15.076577 5.625070 -24.450947 -46.849180 18.525058 4.242991 60.120881 -2.644967 -7.612687 -20.522382 -2.508621 0.000000 -0.000000 -0.000000 17.889420 -47.555604 -11.798084 -3.825551 57.990810 2.327693 -6.099347 -20.518199 3.778810 0.000000 0.000000 0.000000
-18.817222 86.777064 -241.479494 -0.256438 11.713547 0.572235 -0.780258 8.590929 0.250455 -0.350425 3.817767 0.125473 -0.350425 3.817767 0.125473 -0.263507 2.863255 0.096262 2.347753 12.226709 -0.130727 4.538297 -13.436304 -1.245812 7.834519 11.638784 9.133015 26.432937 -32.808059 60.352730 -4.422636 13.793718 -4.416091 -1.076433 17.222877 -6.141899 -7.273955 7.512039 -7.899284 -31.363419 -19.951567 -63.633533 -6.444548 2.548917 4.815320 5.972715 15.056935 5.629702 -24.474230 -46.856816 18.551598 4.236114 60.140706 -2.668945 -7.599928 -20.548629 -2.498359 0.000000 -0.000000 0.000000 17.947173 -47.563602 -11.819495 -3.860859 58.016381 2.293979 -6.146507 -20.552116 3.834016 0.000000 -0.000000 0.000000
-18.801663 86.762705 -241.459615 -0.278050 11.727756 0.564557 -0.733895 8.605590 0.243175 -0.329749 3.824321 0.121409 -0.329749 3.824321 0.121409 -0.247981 2.868177 0.093089 2.326152 12.212212 -0.123562 4.494536 -13.464240 -1.223599 7.742059 11.621301 9.165832 26.353845 -32.825899 60.397608 -4.467123 13.859253 -4.412913 -1.078582 17.288479 -6.114991 -7.280378 7.678987 -7.934636 -31.553411 -20.118545 -63.420521 -6.388937 2.483627 4.788471 5.962591 15.071715 5.611047 -24.479104 -46.869129 18.572408 4.219492 60.169845 -2.701110 -7.589565 -20.581328 -2.488139 0.000000 -0.000000 0.000000 17.973182 -47.582707 -11.800391 -3.968092 58.065866 2.157485 -6.177145 -20.608534 3.924723 0.000000 -0.000000 0.000000
-18.785855 86.744517 -241.438465 -0.305410 11.739320 0.558283 -0.675243 8.619429 0.234681 -0.303603 3.830514 0.116573 -0.303603 3.830515 0.116573 -0.228349 2.872830 0.089303 2.299787 12.194448 -0.110443 4.439251 -13.498624 -1.188121 7.628209 11.607903 9.203337 26.237434 -32.867558 60.458492 -4.506137 13.951106 -4.415589 -1.085980 17.357341 -6.093286 -7.284024 7.873069 -7.982138 -31.782466 -20.316085 -63.153066 -6.311176 2.413547 4.745062 5.948279 15.102878 5.581843 -24.475009 -46.883809 18.589735 4.199837 60.206248 -2.735967 -7.579754 -20.618546 -2.478458 0.000000 0.000000 0.000000 17.986917 -47.605750 -11.763075 -4.115251 58.128639 1.967446 -6.200318 -20.678389 4.035206 0.000000 -0.000000 0.000000
-18.768722 86.726600 -241.416949 -0.331340 11.746330 0.553769 -0.616078 8.634813 0.227770 -0.277261 3.837391 0.112429 -0.277261 3.837391 0.112429 -0.208574 2.877993 0.086033 2.273547 12.176379 -0.098174 4.384553 -13.533513 -1.154305 7.525478 11.597862 9.234118 26.156211 -32.886833 60.496321 -4.528448 14.006026 -4.422679 -1.092861 17.395962 -6.088311 -7.279320 8.046397 -8.037744 -31.940445 -20.539858 -62.915795 -6.232398 2.398835 4.698517 5.940712 15.138082 5.555727 -24.474700 -46.895607 18.601294 4.189635 60.245542 -2.759291 -7.567208 -20.657311 -2.472197 -0.000000 -0.000000 0.000000 18.005029 -47.620671 -11.732510 -4.250649 58.187197 1.792772 -6.226001 -20.747147 4.141424 0.000000 -0.000000 0.000000
-18.749253 86.709443 -241.395350 -0.353449 11.746862 0.553382 -0.556433 8.653615 0.222212 -0.250732 3.845784 0.108874 -0.250732 3.845785 0.108874 -0.188664 2.884295 0.083205 2.247285 12.157819 -0.086508 4.330067 -13.569270 -1.121629 7.442553 11.592391 9.253330 26.139043 -32.859698 60.495856 -4.522894 13.992987 -4.434244 -1.096344 17.376355 -6.114496 -7.262962 8.178228 -8.106397 -31.965976 -20.809240 -62.739662 -6.147384 2.484886 4.644255 5.944490 15.185534 5.528840 -24.489750 -46.902670 18.607038 4.203056 60.289951 -2.759197 -7.549201 -20.699000 -2.472967 -0.000000 -0.000000 0.000000 18.038840 -47.620860 -11.722905 -4.360378 58.236458 1.655704 -6.257292 -20.812131 4.237265 0.000000 -0.000000 -0.000000
-18.728460 86.692556 -241.373385 -0.374125 11.742843 0.554762 -0.496272 8.673968 0.218260 -0.224005 3.854863 0.106019 -0.224005 3.854864 0.106019 -0.168610 2.891111 0.080899 2.221149 12.138948 -0.075698 4.276173 -13.605547 -1.090629 7.370733 11.590213 9.265772 26.157103 -32.810264 60.472193 -4.500578 13.943010 -4.449982 -1.099241 17.326446 -6.157246 -7.238368 8.289389 -8.183233 -31.920268 -21.106597 -62.595659 -6.061449 2.626352 4.587289 5.955056 15.237031 5.505109 -24.508578 -46.906858 18.607008 4.226038 60.337257 -2.747483 -7.528443 -20.742234 -2.477170 0.000000 -0.000000 -0.000000 18.077034 -47.612933 -11.720054 -4.457963 58.281682 1.534377 -6.291072 -20.876060 4.328814 -0.000000 0.000000 0.000000
-18.708304 86.678569 -241.351102 -0.393360 11.738135 0.551170 -0.447265 8.692612 0.219443 -0.202317 3.863171 0.105642 -0.202317 3.863171 0.105642 -0.152349 2.897344 0.080482 2.200466 12.123292 -0.073277 4.236146 -13.635352 -1.077824 7.316422 11.586782 9.274438 26.196572 -32.764677 60.431434 -4.483611 13.885924 -4.467710 -1.104348 17.296621 -6.184557 -7.210046 8.394216 -8.249707 -31.875991 -21.372478 -62.478573 -6.011626 2.747104 4.555034 5.969488 15.255627 5.509818 -24.509202 -46.908482 18.599042 4.228680 60.376433 -2.745475 -7.509805 -20.779896 -2.476863 0.000000 0.000000 0.000000 18.102352 -47.604697 -11.706365 -4.532213 58.321186 1.432185 -6.327889 -20.932570 4.410225 0.000000 -0.000000 0.000000
-18.689687 86.668527 -241.329022 -0.413561 11.733522 0.538497 -0.413364 8.709318 0.228299 -0.187466 3.870604 0.108943 -0.187466 3.870603 0.108943 -0.141237 2.902919 0.082865 2.187293 12.111858 -0.085528 4.216572 -13.656532 -1.096069 7.285711 11.580016 9.280278 26.267603 -32.726935 60.364551 -4.484071 13.823893 -4.487287 -1.113052 17.313283 -6.176490 -7.177908 8.503444 -8.299522 -31.847667 -21.599141 -62.394432 -6.015796 2.820045 4.563210 5.992438 15.214800 5.569260 -24.474430 -46.908633 18.579046 4.188467 60.402717 -2.767597 -7.493119 -20.807847 -2.468162 -0.000000 -0.000000 0.000000 18.101175 -47.600283 -11.667238 -4.568772 58.354286 1.353913 -6.367951 -20.977399 4.476065 -0.000000 0.000000 0.000000
-18.671707 86.661385 -241.306625 -0.432320 11.728215 0.520852 -0.390610 8.724300 0.242275 -0.177653 3.877262 0.114719 -0.177653 3.877262 0.114719 -0.133917 2.907913 0.087135 2.179575 12.103647 -0.106162 4.210889 -13.671239 -1.132522 7.272493 11.571971 9.282288 26.359987 -32.692903 60.280615 -4.489895 13.754764 -4.508846 -1.123942 17.350083 -6.153034 -7.142035 8.606230 -8.339111 -31.819853 -21.793764 -62.336747 -6.056184 2.872199 4.595469 6.018952 15.141130 5.657118 -24.421457 -46.906212 18.551122 4.127847 60.420875 -2.799471 -7.478562 -20.830230 -2.454942 -0.000000 -0.000000 0.000000 18.087139 -47.595549 -11.617288 -4.581773 58.381761 1.294988 -6.410979 -21.014857 4.531707 0.000000 -0.000000 0.000000
-18.653627 86.656642 -241.282402 -0.442407 11.723715 0.503827 -0.378815 8.734959 0.257239 -0.172713 3.881993 0.121136 -0.172713 3.881993 0.121136 -0.130256 2.911461 0.091916 2.176484 12.099189 -0.123841 4.212667 -13.678944 -1.165157 7.264880 11.564318 9.280542 26.429576 -32.676706 60.212698 -4.486954 13.701895 -4.530655 -1.135717 17.378296 -6.142127 -7.107114 8.684453 -8.369061 -31.820150 -21.918606 -62.280126 -6.116221 2.908510 4.630869 6.031973 15.077282 5.719708 -24.379881 -46.898253 18.525409 4.084324 60.434194 -2.819252 -7.471541 -20.852352 -2.440889 -0.000000 -0.000000 0.000000 18.083893 -47.585930 -11.582769 -4.602789 58.404091 1.244739 -6.456793 -21.051435 4.587518 0.000000 -0.000000 0.000000
-18.634370 86.654199 -241.254710 -0.438941 11.720343 0.489838 -0.382094 8.738092 0.272456 -0.174455 3.883372 0.127943 -0.174455 3.883372 0.127943 -0.131605 2.912493 0.097030 2.179920 12.101264 -0.134712 4.223798 -13.674569 -1.187306 7.259322 11.557790 9.272798 26.444708 -32.693089 60.182063 -4.475157 13.687158 -4.552781 -1.149705 17.395419 -6.155151 -7.070033 8.729005 -8.389149 -31.871661 -21.939347 -62.210269 -6.197718 2.929215 4.662427 6.018989 15.032959 5.730255 -24.363124 -46.882591 18.504705 4.076910 60.444291 -2.814443 -7.475709 -20.876946 -2.427090 0.000000 0.000000 0.000000 18.107717 -47.567468 -11.581891 -4.648222 58.421612 1.202558 -6.506419 -21.091006 4.648765 0.000000 -0.000000 0.000000
-18.615012 86.654154 -241.225192 -0.426804 11.717787 0.476465 -0.396341 8.736913 0.288658 -0.181073 3.882826 0.135390 -0.181073 3.882826 0.135390 -0.136614 2.912080 0.102656 2.187987 12.107086 -0.142628 4.242388 -13.663199 -1.205631 7.259371 11.551654 9.261296 26.437183 -32.727463 60.167352 -4.454550 13.688697 -4.575149 -1.164598 17.403957 -6.180725 -7.033825 8.748962 -8.399679 -31.950895 -21.890056 -62.141128 -6.298703 2.934022 4.697469 5.992818 14.998343 5.715599 -24.357767 -46.861391 18.486213 4.086639 60.449549 -2.797496 -7.487418 -20.901272 -2.412446 0.000000 0.000000 0.000000 18.142300 -47.544132 -11.596401 -4.701588 58.433985 1.169128 -6.558836 -21.129685 4.710191 0.000000 -0.000000 0.000000
-18.598046 86.656296 -241.197264 -0.413414 11.716601 0.462044 -0.409032 8.738441 0.303922 -0.186986 3.883483 0.142395 -0.186986 3.883483 0.142395 -0.141092 2.912569 0.107945 2.194170 12.108831 -0.147813 4.256352 -13.659561 -1.218099 7.263789 11.545379 9.252844 26.458153 -32.750077 60.137591 -4.411245 13.664274 -4.595905 -1.175243 17.382671 -6.212664 -7.012370 8.753466 -8.402025 -32.015839 -21.835685 -62.089452 -6.396909 2.927078 4.736510 5.974609 14.986849 5.702367 -24.353139 -46.838183 18.471668 4.094043 60.448422 -2.783992 -7.501123 -20.922417 -2.397367 0.000000 0.000000 0.000000 18.162439 -47.523287 -11.597899 -4.745201 58.440658 1.135653 -6.610807 -21.162319 4.766380 0.000000 0.000000 0.000000
-18.584858 86.660938 -241.171805 -0.400807 11.715646 0.444983 -0.415909 8.746686 0.317978 -0.190303 3.887130 0.148760 -0.190303 3.887130 0.148760 -0.143620 2.915302 0.112739 2.196685 12.103878 -0.149953 4.262239 -13.668590 -1.223456 7.276457 11.539406 9.250087 26.530812 -32.744828 60.077933 -4.330851 13.589807 -4.615403 -1.179550 17.305619 -6.256770 -7.015124 8.743300 -8.393499 -32.043775 -21.796791 -62.069787 -6.495471 2.905449 4.783185 5.974089 15.020905 5.698396 -24.350538 -46.809783 18.466945 4.093259 60.438298 -2.783581 -7.516050 -20.939240 -2.380833 -0.000000 -0.000000 0.000000 18.147992 -47.507959 -11.565677 -4.776859 58.441652 1.088052 -6.658050 -21.187500 4.817446 0.000000 0.000000 0.000000
-18.574062 86.667767 -241.147938 -0.386947 11.716063 0.426874 -0.421223 8.757633 0.331100 -0.192912 3.891980 0.154683 -0.192912 3.891980 0.154683 -0.145615 2.918937 0.117198 2.197320 12.094846 -0.149362 4.263509 -13.685359 -1.222960 7.293487 11.533300 9.250369 26.631893 -32.727671 60.003259 -4.227883 13.489385 -4.633697 -1.179681 17.198804 -6.307424 -7.032616 8.717666 -8.376778 -32.057520 -21.752885 -62.067552 -6.591282 2.872154 4.833851 5.981387 15.078148 5.695694 -24.348657 -46.779381 18.466167 4.090129 60.421792 -2.786628 -7.532968 -20.952880 -2.363867 -0.000000 -0.000000 0.000000 18.119151 -47.495116 -11.520491 -4.798761 58.436950 1.040402 -6.704815 -21.206657 4.863236 0.000000 -0.000000 0.000000
-18.563996 86.675630 -241.126444 -0.373145 11.721828 0.410839 -0.425213 8.766256 0.342180 -0.194895 3.895800 0.159676 -0.194895 3.895800 0.159676 -0.147134 2.921800 0.120955 2.194924 12.081758 -0.147209 4.258457 -13.709815 -1.218349 7.301982 11.525211 9.252545 26.742954 -32.716967 59.927095 -4.131820 13.393002 -4.648394 -1.176899 17.118836 -6.341194 -7.050355 8.683320 -8.361292 -32.083476 -21.707401 -62.055630 -6.652786 2.840248 4.877782 5.988329 15.104904 5.697137 -24.332941 -46.760078 18.453447 4.082742 60.405211 -2.779773 -7.548638 -20.963853 -2.349947 0.000000 0.000000 0.000000 18.111242 -47.483082 -11.496158 -4.799833 58.425956 1.026113 -6.760646 -21.218901 4.897915 0.000000 -0.000000 0.000000
-18.554510 86.684931 -241.108196 -0.360379 11.737074 0.398027 -0.425962 8.768119 0.350111 -0.195378 3.896620 0.163205 -0.195378 3.896620 0.163205 -0.147519 2.922413 0.123604 2.187267 12.064076 -0.141460 4.241973 -13.743107 -1.204808 7.291382 11.515876 9.259415 26.864519 -32.719383 59.850673 -4.055283 13.309451 -4.658667 -1.171090 17.094195 -6.342413 -7.064286 8.637423 -8.350022 -32.137897 -21.655171 -62.019603 -6.655982 2.821368 4.908767 5.990019 15.065463 5.703882 -24.287306 -46.762185 18.414563 4.065137 60.390371 -2.752846 -7.560530 -20.971027 -2.341747 0.000000 0.000000 0.000000 18.152735 -47.470520 -11.518344 -4.765685 58.404916 1.077863 -6.835354 -21.220724 4.913068 0.000000 -0.000000 0.000000
-18.545755 86.695266 -241.092323 -0.347673 11.757666 0.387293 -0.425392 8.767656 0.355998 -0.195237 3.896409 0.165803 -0.195237 3.896409 0.165803 -0.147430 2.922255 0.125551 2.176576 12.042339 -0.134144 4.219148 -13.784081 -1.187132 7.272250 11.504557 9.268197 26.996151 -32.728237 59.772690 -3.985629 13.229916 -4.665234 -1.162322 17.096282 -6.326556 -7.078478 8.582812 -8.339995 -32.204482 -21.601322 -61.973985 -6.624869 2.803830 4.932825 5.991493 14.995528 5.714815 -24.227809 -46.775355 18.363682 4.043283 60.375453 -2.716009 -7.571168 -20.975538 -2.336598 0.000000 -0.000000 0.000000 18.215104 -47.458740 -11.561353 -4.710831 58.377491 1.162822 -6.919101 -21.215663 4.917077 0.000000 0.000000 0.000000
-18.536522 86.704275 -241.076996 -0.333405 11.775171 0.378307 -0.429504 8.773153 0.362065 -0.197177 3.898844 0.168574 -0.197177 3.898844 0.168574 -0.148903 2.924079 0.127641 2.168384 12.018189 -0.132519 4.203603 -13.829235 -1.181482 7.263386 11.487188 9.269386 27.118062 -32.742004 59.702782 -3.914370 13.157952 -4.667716 -1.152155 17.096077 -6.316803 -7.090616 8.534745 -8.331728 -32.260774 -21.564730 -61.934948 -6.599869 2.765631 4.957597 5.999467 14.948544 5.729483 -24.188171 -46.781736 18.327581 4.033159 60.361311 -2.686407 -7.584893 -20.981308 -2.329954 -0.000000 0.000000 -0.000000 18.248207 -47.450128 -11.581962 -4.667416 58.354333 1.216295 -6.991968 -21.213380 4.929326 0.000000 0.000000 0.000000
-18.526727 86.710398 -241.061721 -0.314131 11.785605 0.370903 -0.443418 8.789372 0.369441 -0.203493 3.906034 0.172119 -0.203493 3.906034 0.172119 -0.153662 2.929469 0.130342 2.165201 11.989951 -0.141433 4.202281 -13.881416 -1.198282 7.275444 11.456953 9.253865 27.213176 -32.761346 59.653083 -3.834509 13.100636 -4.663691 -1.140654 17.083339 -6.324077 -7.099053 8.499709 -8.324318 -32.291740 -21.557628 -61.914228 -6.599757 2.682352 4.989038 6.022409 14.955821 5.751691 -24.184960 -46.773344 18.319047 4.043912 60.349120 -2.669940 -7.606850 -20.990979 -2.320071 0.000000 -0.000000 0.000000 18.214463 -47.447928 -11.552551 -4.647759 58.340334 1.206460 -7.040353 -21.217983 4.957732 0.000000 -0.000000 -0.000000
-18.516454 86.715195 -241.046992 -0.293292 11.792952 0.365246 -0.462006 8.811554 0.376999 -0.211889 3.915870 0.175841 -0.211889 3.915870 0.175841 -0.159983 2.936843 0.133189 2.164520 11.959294 -0.156030 4.208273 -13.937792 -1.227122 7.297767 11.420674 9.230719 27.298589 -32.785700 59.611414 -3.753007 13.050877 -4.655499 -1.127766 17.068370 -6.337496 -7.105417 8.471217 -8.318655 -32.312459 -21.567809 -61.899949 -6.605851 2.578409 5.021252 6.051778 14.986044 5.777699 -24.201630 -46.758197 18.325339 4.066374 60.337705 -2.660736 -7.631899 -21.001902 -2.308690 -0.000000 -0.000000 0.000000 18.151477 -47.448901 -11.500745 -4.639410 58.330700 1.165291 -7.077869 -21.225353 4.994392 -0.000000 0.000000 0.000000
-18.504746 86.720991 -241.032462 -0.279592 11.800735 0.361507 -0.475892 8.833707 0.383589 -0.218182 3.925698 0.179046 -0.218182 3.925698 0.179046 -0.164724 2.944211 0.135635 2.164353 11.932874 -0.169008 4.214425 -13.986343 -1.252931 7.317176 11.394731 9.217748 27.405783 -32.811634 59.550917 -3.682308 12.991007 -4.649950 -1.114939 17.053007 -6.347624 -7.112290 8.445062 -8.317934 -32.345652 -21.577489 -61.872785 -6.602298 2.505015 5.044167 6.068731 14.998750 5.795696 -24.222299 -46.742485 18.335030 4.089051 60.324394 -2.658274 -7.648952 -21.010064 -2.296495 -0.000000 -0.000000 0.000000 18.121941 -47.445838 -11.466235 -4.637210 58.321694 1.123963 -7.125428 -21.232788 5.034970 -0.000000 -0.000000 0.000000
-18.490751 86.729319 -241.018710 -0.279927 11.811393 0.359414 -0.479909 8.854466 0.388871 -0.220077 3.934916 0.181482 -0.220077 3.934916 0.181482 -0.166163 2.951122 0.137477 2.163859 11.912409 -0.177897 4.218000 -14.024005 -1.270547 7.329228 11.389831 9.226676 27.566330 -32.837870 59.443738 -3.626491 12.902839 -4.649133 -1.101095 17.040926 -6.348343 -7.122095 8.421422 -8.326281 -32.407486 -21.583132 -61.814351 -6.574329 2.497736 5.051220 6.060286 14.966056 5.799586 -24.253186 -46.726002 18.355009 4.113377 60.305671 -2.667355 -7.650736 -21.011660 -2.283084 -0.000000 0.000000 -0.000000 18.164325 -47.435991 -11.470953 -4.646220 58.312583 1.090807 -7.194212 -21.239564 5.081527 -0.000000 -0.000000 0.000000
-18.475320 86.738646 -241.005156 -0.287402 11.822485 0.359236 -0.479229 8.875194 0.393178 -0.219873 3.944124 0.183396 -0.219873 3.944124 0.183396 -0.166024 2.958028 0.138914 2.163875 11.896188 -0.185181 4.221722 -14.053834 -1.285144 7.338384 11.395259 9.245798 27.748749 -32.865285 59.317581 -3.581466 12.804590 -4.651026 -1.087311 17.028421 -6.345764 -7.132421 8.400112 -8.339577 -32.481780 -21.588168 -61.743015 -6.536665 2.521010 5.048929 6.039454 14.915846 5.795457 -24.288051 -46.708943 18.378366 4.137929 60.285045 -2.683162 -7.644518 -21.010503 -2.268864 -0.000000 0.000000 -0.000000 18.240140 -47.422113 -11.492960 -4.661378 58.304112 1.057488 -7.273041 -21.246355 5.132008 -0.000000 0.000000 -0.000000
-18.460057 86.746697 -240.989714 -0.290031 11.830207 0.361956 -0.479992 8.893982 0.396370 -0.220285 3.952470 0.184842 -0.220285 3.952470 0.184842 -0.166346 2.964287 0.140003 2.164938 11.885728 -0.190997 4.226620 -14.072991 -1.297151 7.344814 11.395253 9.257798 27.889896 -32.894028 59.229036 -3.547409 12.733212 -4.656159 -1.078273 17.006242 -6.348800 -7.138604 8.376379 -8.348669 -32.542702 -21.585360 -61.694627 -6.517567 2.519337 5.046835 6.026341 14.891335 5.789628 -24.292390 -46.698136 18.373032 4.146932 60.270391 -2.690738 -7.641026 -21.014008 -2.255731 0.000000 -0.000000 0.000000 18.296667 -47.405334 -11.506165 -4.662366 58.294775 1.030150 -7.349274 -21.252583 5.175894 0.000000 0.000000 0.000000
-18.444941 86.752547 -240.970735 -0.283246 11.831955 0.368379 -0.485146 8.909646 0.398134 -0.222614 3.959426 0.185738 -0.222614 3.959426 0.185738 -0.168099 2.969503 0.140692 2.168068 11.883620 -0.194846 4.234339 -14.076651 -1.305947 7.347990 11.381707 9.252709 27.950699 -32.930329 59.213931 -3.527824 12.714164 -4.667149 -1.077895 16.960408 -6.366178 -7.136942 8.345923 -8.347649 -32.581988 -21.565446 -61.688172 -6.533592 2.453703 5.048101 6.032609 14.923660 5.782783 -24.237824 -46.698609 18.313100 4.128729 60.265524 -2.678319 -7.644507 -21.025815 -2.245289 -0.000000 0.000000 -0.000000 18.309329 -47.384193 -11.497381 -4.643311 58.283141 1.006317 -7.414901 -21.258715 5.209520 0.000000 -0.000000 0.000000
-18.429992 86.757119 -240.949868 -0.271615 11.830333 0.377703 -0.491746 8.923370 0.398787 -0.225561 3.965519 0.186167 -0.225560 3.965519 0.186167 -0.170312 2.974071 0.141035 2.172242 11.887275 -0.197231 4.243225 -14.069636 -1.312153 7.348424 11.362726 9.240503 27.970095 -32.968420 59.236653 -3.519183 12.721989 -4.681115 -1.082233 16.904926 -6.389184 -7.131132 8.313048 -8.342445 -32.607925 -21.537817 -61.704710 -6.568206 2.363127 5.049652 6.046604 14.981681 5.774214 -24.152729 -46.705241 18.224469 4.095015 60.266640 -2.657631 -7.650718 -21.042282 -2.235932 0.000000 0.000000 0.000000 18.302725 -47.360173 -11.479815 -4.610113 58.270651 0.988429 -7.477927 -21.264316 5.236549 -0.000000 0.000000 -0.000000
-18.416873 86.760912 -240.929973 -0.256864 11.829351 0.388503 -0.497088 8.936798 0.399133 -0.227944 3.971482 0.186436 -0.227944 3.971482 0.186436 -0.172103 2.978543 0.141255 2.174931 11.890433 -0.199782 4.249358 -14.063584 -1.318062 7.347819 11.346871 9.233763 28.001975 -32.990800 59.246684 -3.511088 12.717265 -4.690298 -1.084220 16.872536 -6.400572 -7.127593 8.285919 -8.341662 -32.619499 -21.523289 -61.723227 -6.599964 2.309137 5.051635 6.053394 15.015218 5.768044 -24.087806 -46.709764 18.152853 4.065009 60.270186 -2.648997 -7.657641 -21.059894 -2.224740 -0.000000 -0.000000 0.000000 18.297908 -47.338872 -11.466964 -4.560118 58.260110 0.989991 -7.549731 -21.267479 5.257450 -0.000000 -0.000000 0.000000
-18.407077 86.764179 -240.912743 -0.241064 11.830785 0.400664 -0.498136 8.950054 0.398572 -0.228407 3.977374 0.186221 -0.228407 3.977374 0.186221 -0.172450 2.982962 0.141098 2.174407 11.891799 -0.202768 4.249590 -14.060949 -1.323493 7.345935 11.339529 9.239219 28.079879 -32.984552 59.218304 -3.498241 12.674507 -4.691695 -1.081033 16.881422 -6.390275 -7.131005 8.269734 -8.349178 -32.612349 -21.533960 -61.733896 -6.619347 2.331084 5.053890 6.043675 14.994840 5.765293 -24.069109 -46.708693 18.122282 4.046734 60.275418 -2.665123 -7.662418 -21.076337 -2.210389 0.000000 -0.000000 -0.000000 18.300664 -47.323829 -11.462343 -4.484767 58.252919 1.021965 -7.635790 -21.265685 5.269272 -0.000000 -0.000000 0.000000
-18.399110 86.766665 -240.896485 -0.222142 11.832857 0.414303 -0.497927 8.963017 0.397709 -0.228306 3.983136 0.185847 -0.228306 3.983136 0.185847 -0.172374 2.987283 0.140819 2.172399 11.892669 -0.205918 4.247070 -14.059278 -1.328623 7.343016 11.335307 9.250143 28.170219 -32.962496 59.177273 -3.485910 12.619188 -4.688347 -1.075502 16.913372 -6.368301 -7.136696 8.259299 -8.361109 -32.590827 -21.557719 -61.746558 -6.635829 2.389609 5.056499 6.026721 14.949987 5.764955 -24.070615 -46.705617 18.108757 4.032121 60.283071 -2.693345 -7.667912 -21.093925 -2.194202 0.000000 -0.000000 0.000000 18.305193 -47.311503 -11.462426 -4.392616 58.247623 1.073391 -7.730618 -21.261457 5.274960 -0.000000 0.000000 -0.000000
-18.390153 86.768106 -240.878977 -0.195605 11.834251 0.428352 -0.502866 8.976963 0.399161 -0.230533 3.989328 0.186599 -0.230533 3.989328 0.186599 -0.174049 2.991927 0.141400 2.171563 11.890680 -0.210065 4.247324 -14.062837 -1.336281 7.341481 11.326601 9.258925 28.226361 -32.945806 59.150148 -3.479545 12.588328 -4.681566 -1.069103 16.946540 -6.347530 -7.137061 8.247185 -8.374411 -32.566958 -21.579040 -61.769685 -6.656432 2.428160 5.059908 6.015408 14.918789 5.768038 -24.064974 -46.702999 18.086003 4.016235 60.291803 -2.715941 -7.680685 -21.116080 -2.177228 0.000000 -0.000000 0.000000 18.315143 -47.296876 -11.470108 -4.306674 58.242755 1.124899 -7.829147 -21.260431 5.283829 0.000000 0.000000 0.000000
-18.378422 86.767743 -240.859365 -0.158946 11.834421 0.442729 -0.516603 8.992602 0.404171 -0.236727 3.996261 0.189101 -0.236727 3.996261 0.189101 -0.178712 2.997124 0.143318 2.172888 11.884107 -0.216292 4.252768 -14.074749 -1.349035 7.341898 11.307299 9.261055 28.220440 -32.945010 59.150561 -3.480178 12.608323 -4.667725 -1.058452 16.978804 -6.328121 -7.126879 8.229326 -8.388446 -32.540699 -21.592243 -61.811635 -6.688434 2.421604 5.066815 6.018277 14.920502 5.779163 -24.042921 -46.701480 18.044291 4.000652 60.301316 -2.724273 -7.705350 -21.145658 -2.160046 0.000000 -0.000000 -0.000000 18.337475 -47.276557 -11.494374 -4.239086 58.237643 1.173394 -7.926455 -21.266243 5.298900 0.000000 -0.000000 0.000000
-18.365701 86.766333 -240.838503 -0.114672 11.833905 0.457514 -0.535485 9.009220 0.411499 -0.245247 4.003622 0.192731 -0.245247 4.003622 0.192731 -0.185124 3.002640 0.146099 2.175386 11.874676 -0.223522 4.260993 -14.091887 -1.364329 7.343702 11.283516 9.261038 28.180371 -32.949678 59.164854 -3.486818 12.652775 -4.650443 -1.046956 17.012304 -6.309938 -7.111369 8.209793 -8.403870 -32.512092 -21.602965 -61.864045 -6.724603 2.395096 5.074519 6.026787 14.935862 5.793693 -24.013722 -46.700377 17.993349 3.983826 60.311909 -2.726949 -7.737314 -21.179790 -2.142059 0.000000 -0.000000 0.000000 18.365186 -47.253909 -11.526191 -4.177696 58.232949 1.221983 -8.027477 -21.275237 5.317161 0.000000 -0.000000 0.000000
-18.354518 86.765885 -240.816736 -0.065817 11.833016 0.471880 -0.554962 9.025958 0.420048 -0.254054 4.011034 0.196916 -0.254054 4.011034 0.196916 -0.191757 3.008194 0.149296 2.178753 11.865193 -0.229345 4.270281 -14.109146 -1.377311 7.347599 11.265990 9.264777 28.143290 -32.949642 59.178568 -3.501900 12.679500 -4.641870 -1.046302 17.031594 -6.305463 -7.098589 8.193363 -8.419567 -32.493304 -21.612669 -61.910279 -6.750183 2.367496 5.075401 6.028186 14.945231 5.798685 -23.977819 -46.700140 17.936080 3.956152 60.323149 -2.732101 -7.769327 -21.213310 -2.122545 0.000000 0.000000 0.000000 18.381010 -47.234073 -11.541472 -4.109071 58.229273 1.260588 -8.141933 -21.282072 5.338867 0.000000 0.000000 0.000000
-18.345874 86.767530 -240.794030 -0.013349 11.831057 0.484995 -0.573490 9.043515 0.430343 -0.262477 4.018807 0.201858 -0.262477 4.018807 0.201858 -0.198106 3.014020 0.153060 2.183281 11.856298 -0.233282 4.280961 -14.125348 -1.387161 7.357170 11.261995 9.277130 28.129078 -32.940094 59.181904 -3.528269 12.662478 -4.651551 -1.066239 17.022525 -6.326527 -7.093202 8.183088 -8.437046 -32.490957 -21.623559 -61.941871 -6.757298 2.346982 5.065382 6.014577 14.933816 5.787754 -23.920078 -46.703270 17.862382 3.905745 60.334835 -2.740532 -7.799969 -21.243704 -2.100112 0.000000 -0.000000 -0.000000 18.362440 -47.221317 -11.515796 -4.012728 58.227757 1.285495 -8.280517 -21.284360 5.364724 0.000000 0.000000 0.000000
-18.338768 86.770137 -240.770419 0.043701 11.828723 0.497689 -0.592610 9.061189 0.441862 -0.271186 4.026630 0.207355 -0.271187 4.026630 0.207355 -0.204674 3.019882 0.157241 2.188678 11.847352 -0.235817 4.292708 -14.141669 -1.394705 7.368835 11.264252 9.293237 28.117840 -32.925845 59.184663 -3.563014 12.627676 -4.669865 -1.096952 16.999168 -6.361259 -7.090552 8.175912 -8.454785 -32.498441 -21.633460 -61.967268 -6.753795 2.325352 5.048562 5.993856 14.916431 5.767269 -23.855609 -46.707195 17.782336 3.844505 60.347162 -2.751418 -7.830657 -21.273488 -2.076154 -0.000000 -0.000000 0.000000 18.332039 -47.211413 -11.473640 -3.909149 58.227380 1.300423 -8.432525 -21.284391 5.394017 0.000000 -0.000000 0.000000
-18.332719 86.772309 -240.746348 0.105200 11.828416 0.511622 -0.612405 9.076024 0.451934 -0.280165 4.033191 0.212222 -0.280165 4.033191 0.212222 -0.211439 3.024797 0.160952 2.193767 11.839247 -0.235981 4.302813 -14.156535 -1.397545 7.372549 11.261681 9.304430 28.087077 -32.911170 59.201765 -3.599991 12.610919 -4.680262 -1.120855 16.988457 -6.386643 -7.084712 8.167444 -8.467128 -32.508071 -21.637284 -61.995210 -6.748464 2.296883 5.029602 5.976972 14.917843 5.743394 -23.830275 -46.704894 17.729159 3.798463 60.360294 -2.770497 -7.858389 -21.305054 -2.054142 0.000000 -0.000000 0.000000 18.340146 -47.196790 -11.464265 -3.846355 58.225458 1.306439 -8.575577 -21.283882 5.424865 0.000000 0.000000 0.000000
-18.327839 86.774341 -240.721403 0.172548 11.831435 0.527314 -0.633671 9.085752 0.459832 -0.289748 4.037483 0.216150 -0.289748 4.037483 0.216150 -0.218651 3.028011 0.163963 2.198667 11.833343 -0.232677 4.310985 -14.167459 -1.393575 7.360662 11.247206 9.305710 28.023906 -32.896882 59.243838 -3.640064 12.632049 -4.674980 -1.130786 17.002495 -6.394195 -7.072238 8.154094 -8.469186 -32.520876 -21.629233 -62.031141 -6.740120 2.262288 5.007195 5.971356 14.955610 5.718435 -23.873578 -46.689878 17.724571 3.786034 60.372419 -2.800636 -7.883881 -21.339148 -2.035079 0.000000 0.000000 0.000000 18.422178 -47.170716 -11.517600 -3.860221 58.217893 1.298098 -8.700061 -21.282576 5.457506 0.000000 0.000000 0.000000
-18.324016 86.775938 -240.695999 0.244351 11.836472 0.544254 -0.655613 9.092642 0.466280 -0.299601 4.040514 0.219447 -0.299601 4.040514 0.219447 -0.226060 3.030279 0.166500 2.203259 11.828274 -0.226998 4.317514 -14.176938 -1.384893 7.340820 11.227904 9.302087 27.941254 -32.882096 59.300212 -3.682458 12.671278 -4.661936 -1.133998 17.029250 -6.392478 -7.056566 8.139442 -8.465857 -32.535831 -21.615104 -62.069607 -6.729944 2.220858 4.982636 5.969646 15.012168 5.690129 -23.956022 -46.668749 17.746865 3.788714 60.385362 -2.839056 -7.906421 -21.375028 -2.017961 0.000000 -0.000000 0.000000 18.542533 -47.139713 -11.603520 -3.914843 58.208676 1.280872 -8.815586 -21.280779 5.491689 0.000000 0.000000 0.000000
-18.320438 86.774828 -240.671826 0.316285 11.842022 0.562567 -0.675930 9.100542 0.470781 -0.308696 4.043999 0.221850 -0.308696 4.043999 0.221850 -0.232896 3.032888 0.168364 2.205999 11.820841 -0.221265 4.320558 -14.190870 -1.375406 7.325915 11.213924 9.299895 27.855343 -32.868595 59.353889 -3.718635 12.705023 -4.648115 -1.134611 17.059531 -6.384101 -7.042093 8.129861 -8.466162 -32.542158 -21.607178 -62.103006 -6.730285 2.164727 4.964481 5.960602 15.059593 5.657747 -24.035032 -46.654209 17.764181 3.777145 60.404736 -2.883046 -7.920861 -21.412865 -2.003262 0.000000 0.000000 0.000000 18.645147 -47.116231 -11.681341 -3.950592 58.207201 1.272184 -8.928607 -21.281106 5.524822 0.000000 -0.000000 0.000000
-18.316625 86.771024 -240.649864 0.388240 11.849136 0.584115 -0.693900 9.110464 0.472682 -0.316702 4.048387 0.223059 -0.316702 4.048387 0.223059 -0.238908 3.036176 0.169326 2.205528 11.808837 -0.215552 4.317627 -14.213395 -1.364768 7.322015 11.211700 9.301408 27.757034 -32.862254 59.404525 -3.739799 12.729378 -4.633235 -1.131031 17.094023 -6.365011 -7.030241 8.129326 -8.474654 -32.536375 -21.610537 -62.125431 -6.748352 2.092322 4.954824 5.934404 15.091705 5.611740 -24.089234 -46.653574 17.759242 3.729634 60.430701 -2.937993 -7.922412 -21.451874 -1.990119 0.000000 -0.000000 0.000000 18.710626 -47.105436 -11.739238 -3.935634 58.214872 1.286947 -9.046922 -21.282643 5.554606 0.000000 0.000000 0.000000
-18.313056 86.764512 -240.629134 0.460328 11.856755 0.607038 -0.710246 9.121401 0.472641 -0.323951 4.053231 0.223378 -0.323951 4.053231 0.223378 -0.244346 3.039807 0.169615 2.203203 11.794469 -0.209786 4.311204 -14.240374 -1.353325 7.323052 11.214799 9.304346 27.655437 -32.857226 59.452551 -3.754729 12.748260 -4.617516 -1.124854 17.132075 -6.339266 -7.019593 8.133870 -8.486768 -32.521953 -21.620102 -62.142814 -6.776969 2.005221 4.951551 5.900916 15.114676 5.561557 -24.140021 -46.659535 17.749343 3.667804 60.463063 -2.998579 -7.915851 -21.492852 -1.979414 0.000000 -0.000000 0.000000 18.758533 -47.102287 -11.789219 -3.901763 58.230300 1.310317 -9.162745 -21.286322 5.583360 0.000000 0.000000 0.000000
-18.310364 86.752970 -240.608383 0.528554 11.860224 0.625866 -0.724834 9.134176 0.472125 -0.330414 4.058895 0.223455 -0.330414 4.058895 0.223455 -0.249193 3.044052 0.169719 2.201555 11.781164 -0.206062 4.306917 -14.265275 -1.346036 7.323712 11.214072 9.308206 27.594160 -32.837824 59.482070 -3.781193 12.749772 -4.608567 -1.124948 17.162460 -6.321608 -7.010275 8.137950 -8.497844 -32.498532 -21.632899 -62.165313 -6.806956 1.900282 4.956927 5.878337 15.119136 5.534970 -24.209017 -46.662886 17.754531 3.627307 60.506923 -3.045988 -7.910385 -21.538340 -1.974241 0.000000 0.000000 0.000000 18.791406 -47.104149 -11.826525 -3.884822 58.258758 1.315072 -9.259181 -21.297547 5.615444 0.000000 -0.000000 0.000000
-18.308532 86.734250 -240.587208 0.590273 11.858058 0.638089 -0.738054 9.148695 0.471588 -0.336271 4.065336 0.223500 -0.336271 4.065336 0.223500 -0.253586 3.048880 0.169795 2.202306 11.770846 -0.206331 4.308842 -14.284392 -1.347304 7.324953 11.205470 9.311827 27.609967 -32.786715 59.478060 -3.832102 12.714890 -4.610544 -1.135240 17.177098 -6.318555 -6.999958 8.140948 -8.505751 -32.462003 -21.648774 -62.200739 -6.838945 1.773910 4.975501 5.875132 15.094122 5.548906 -24.310856 -46.660755 17.787571 3.631042 60.567540 -3.067978 -7.911131 -21.590895 -1.976495 0.000000 0.000000 0.000000 18.809939 -47.111790 -11.848291 -3.903702 58.304957 1.284797 -9.326884 -21.319854 5.654117 0.000000 -0.000000 0.000000
-18.307575 86.710501 -240.566013 0.648121 11.851762 0.646198 -0.749515 9.165057 0.470575 -0.341340 4.072597 0.223302 -0.341340 4.072597 0.223301 -0.257387 3.054325 0.169684 2.203729 11.761593 -0.208641 4.312899 -14.301427 -1.352728 7.325813 11.193040 9.316361 27.666012 -32.721244 59.455585 -3.894476 12.662593 -4.619031 -1.151771 17.184020 -6.323538 -6.990966 8.143475 -8.512620 -32.416464 -21.667861 -62.241305 -6.872485 1.629712 5.002717 5.882515 15.050582 5.586470 -24.430876 -46.655975 17.835660 3.656199 60.639682 -3.076712 -7.912966 -21.647958 -1.984276 0.000000 0.000000 0.000000 18.813470 -47.124507 -11.857414 -3.939668 58.364205 1.235771 -9.375227 -21.349767 5.696141 0.000000 0.000000 0.000000
-18.308175 86.685845 -240.544756 0.706024 11.841160 0.652212 -0.757905 9.184369 0.469187 -0.345045 4.081174 0.222882 -0.345045 4.081174 0.222882 -0.260165 3.060757 0.169398 2.203182 11.751065 -0.209228 4.312484 -14.320965 -1.354054 7.318098 11.179784 9.324780 27.695651 -32.677799 59.443651 -3.947296 12.637988 -4.629022 -1.171575 17.196145 -6.331689 -6.990408 8.141834 -8.520191 -32.373867 -21.687629 -62.273754 -6.896696 1.475323 5.027200 5.892867 15.012042 5.624788 -24.546751 -46.647936 17.880494 3.669817 60.712730 -3.090043 -7.909736 -21.704400 -1.994978 0.000000 0.000000 0.000000 18.802470 -47.137441 -11.857735 -3.972084 58.427697 1.189851 -9.415396 -21.382184 5.736135 0.000000 -0.000000 0.000000
-18.311163 86.660639 -240.522917 0.767805 11.823706 0.658036 -0.760028 9.208989 0.466710 -0.345955 4.092118 0.221864 -0.345956 4.092119 0.221864 -0.260845 3.068965 0.168647 2.197930 11.736456 -0.204308 4.300819 -14.348454 -1.342970 7.292143 11.168991 9.341271 27.659688 -32.682494 59.459120 -3.985475 12.677064 -4.641428 -1.198449 17.224272 -6.344947 -7.008143 8.134818 -8.528311 -32.340424 -21.709082 -62.290947 -6.908632 1.297192 5.046193 5.906263 14.986634 5.660200 -24.656504 -46.634474 17.917754 3.656276 60.785932 -3.120689 -7.896675 -21.759273 -2.008555 0.000000 0.000000 0.000000 18.768408 -47.148664 -11.846792 -3.993818 58.495247 1.152073 -9.447383 -21.416616 5.772738 0.000000 0.000000 0.000000
-18.315708 86.634526 -240.501015 0.829635 11.801950 0.661747 -0.759074 9.236561 0.463877 -0.345498 4.104378 0.220631 -0.345498 4.104378 0.220631 -0.260497 3.078161 0.167727 2.190705 11.720571 -0.197667 4.284669 -14.378446 -1.327783 7.257627 11.157387 9.361679 27.597363 -32.709223 59.485112 -4.014183 12.743841 -4.655651 -1.228620 17.257593 -6.361414 -7.034319 8.123655 -8.537119 -32.309942 -21.731265 -62.300006 -6.911204 1.108845 5.062486 5.922654 14.966206 5.696416 -24.762077 -46.617775 17.951709 3.631027 60.860025 -3.156112 -7.878535 -21.813524 -2.025078 -0.000000 -0.000000 0.000000 18.719800 -47.160104 -11.827038 -4.011993 58.567037 1.117398 -9.471187 -21.453578 5.807297 0.000000 -0.000000 0.000000
-18.319996 86.610561 -240.480570 0.883972 11.783376 0.659642 -0.763318 9.261125 0.462936 -0.347377 4.115293 0.220336 -0.347377 4.115293 0.220336 -0.261907 3.086346 0.167524 2.187073 11.709482 -0.196884 4.277766 -14.399184 -1.325170 7.235351 11.138116 9.376444 27.559890 -32.716121 59.499721 -4.027788 12.775512 -4.664518 -1.247741 17.276670 -6.370472 -7.046481 8.108279 -8.548818 -32.275768 -21.748716 -62.309045 -6.902103 0.958511 5.072999 5.934572 14.949895 5.721606 -24.847066 -46.603790 17.976998 3.607775 60.926641 -3.176222 -7.863449 -21.864856 -2.042117 -0.000000 0.000000 -0.000000 18.682683 -47.172684 -11.809673 -4.027146 58.634831 1.092772 -9.497993 -21.489452 5.838495 0.000000 0.000000 0.000000
-18.322834 86.588578 -240.462817 0.927167 11.770739 0.648624 -0.778305 9.280428 0.466417 -0.354099 4.123850 0.222208 -0.354099 4.123850 0.222208 -0.266961 3.092761 0.168977 2.190232 11.708671 -0.208814 4.289015 -14.400115 -1.349428 7.236413 11.102059 9.378284 27.580074 -32.674037 59.487915 -4.020960 12.728232 -4.662069 -1.245881 17.271753 -6.361400 -7.031140 8.085471 -8.566578 -32.226533 -21.762872 -62.325913 -6.875578 0.875256 5.075225 5.939980 14.933982 5.730298 -24.896140 -46.598748 17.984946 3.588926 60.985979 -3.166757 -7.854689 -21.914128 -2.060288 -0.000000 0.000000 0.000000 18.672523 -47.188579 -11.801733 -4.041029 58.699109 1.082476 -9.533762 -21.524409 5.866317 0.000000 -0.000000 0.000000
-18.325416 86.568742 -240.446520 0.962875 11.761297 0.631810 -0.798489 9.296727 0.471762 -0.363160 4.131065 0.225006 -0.363160 4.131065 0.225006 -0.273775 3.098167 0.171140 2.196981 11.712650 -0.226600 4.309507 -14.391792 -1.386260 7.249698 11.058318 9.374452 27.625105 -32.612137 59.464728 -3.999036 12.645854 -4.654193 -1.232955 17.252614 -6.344880 -7.001783 8.058423 -8.587257 -32.173595 -21.772286 -62.342733 -6.837203 0.830008 5.071704 5.941101 14.922217 5.727941 -24.924674 -46.596429 17.984290 3.572335 61.037860 -3.141722 -7.848979 -21.960480 -2.078965 0.000000 0.000000 -0.000000 18.673854 -47.205626 -11.796181 -4.051767 58.759385 1.082348 -9.572534 -21.558273 5.890786 0.000000 0.000000 0.000000
-18.329511 86.554595 -240.429488 0.994508 11.754279 0.614821 -0.815518 9.310823 0.473581 -0.370750 4.137310 0.226177 -0.370750 4.137310 0.226177 -0.279475 3.102847 0.172073 2.203304 11.711047 -0.237249 4.326291 -14.394124 -1.409464 7.262663 11.027348 9.377154 27.647928 -32.576070 59.453069 -3.972295 12.597135 -4.651354 -1.224336 17.229117 -6.342365 -6.976420 8.036659 -8.603593 -32.144388 -21.767170 -62.344015 -6.801628 0.783789 5.066848 5.936934 14.924965 5.719066 -24.962340 -46.584110 17.995820 3.564942 61.073354 -3.123362 -7.844630 -21.999045 -2.093837 0.000000 0.000000 0.000000 18.666311 -47.218247 -11.783085 -4.054440 58.805980 1.086692 -9.607607 -21.586906 5.910637 0.000000 0.000000 0.000000
-18.336482 86.547923 -240.410336 1.022752 11.749939 0.599686 -0.825052 9.323117 0.469341 -0.374897 4.142772 0.224511 -0.374897 4.142772 0.224511 -0.282574 3.106943 0.170855 2.207349 11.696143 -0.233552 4.332988 -14.421797 -1.404759 7.269092 11.020017 9.395632 27.610421 -32.595888 59.469361 -3.941764 12.629567 -4.659730 -1.226286 17.202273 -6.368217 -6.963265 8.025301 -8.611226 -32.161680 -21.737725 -62.316133 -6.774439 0.719049 5.061064 5.923034 14.956320 5.700471 -25.036325 -46.551705 18.041346 3.579865 61.086616 -3.123843 -7.842656 -22.027849 -2.101828 -0.000000 0.000000 -0.000000 18.640936 -47.223833 -11.759136 -4.046282 58.834095 1.096215 -9.633190 -21.609287 5.924037 0.000000 0.000000 0.000000
-18.344966 86.546941 -240.390449 1.046918 11.748019 0.584381 -0.831434 9.333205 0.461576 -0.377574 4.147262 0.221217 -0.377574 4.147262 0.221217 -0.284561 3.110312 0.168407 2.210962 11.675661 -0.222714 4.335967 -14.460127 -1.386417 7.275223 11.025456 9.420648 27.550686 -32.641519 59.497213 -3.906367 12.695667 -4.673061 -1.232526 17.171080 -6.408072 -6.954100 8.019224 -8.614502 -32.202633 -21.693699 -62.272773 -6.750062 0.653342 5.053871 5.903865 15.002201 5.675371 -25.119331 -46.509255 18.098952 3.603916 61.083488 -3.131058 -7.842053 -22.048866 -2.106007 0.000000 -0.000000 -0.000000 18.606684 -47.224981 -11.727626 -4.030069 58.848530 1.110178 -9.655055 -21.626450 5.932796 0.000000 0.000000 0.000000
-18.352639 86.549837 -240.371798 1.068357 11.746975 0.568450 -0.839335 9.340676 0.452506 -0.380896 4.150591 0.217371 -0.380896 4.150591 0.217371 -0.287026 3.112810 0.165548 2.215697 11.662395 -0.213346 4.341464 -14.484965 -1.371071 7.287152 11.031507 9.436672 27.536197 -32.668484 59.509957 -3.873186 12.721733 -4.683168 -1.239596 17.142400 -6.440288 -6.942294 8.012578 -8.619215 -32.226351 -21.654716 -62.239358 -6.726444 0.600336 5.048326 5.891781 15.030691 5.657925 -25.159451 -46.474318 18.123985 3.604530 61.072562 -3.130883 -7.838114 -22.063154 -2.111286 0.000000 -0.000000 -0.000000 18.570043 -47.223922 -11.688516 -4.009242 58.854017 1.120666 -9.683843 -21.637341 5.941117 0.000000 0.000000 0.000000
-18.358624 86.556075 -240.355553 1.087217 11.747618 0.552349 -0.850837 9.343745 0.441749 -0.385776 4.151964 0.212844 -0.385776 4.151964 0.212844 -0.290653 3.113841 0.162188 2.222883 11.663993 -0.207057 4.352456 -14.482006 -1.362062 7.311799 11.038313 9.435643 27.610607 -32.653071 59.491401 -3.845663 12.658791 -4.688149 -1.251229 17.113121 -6.462856 -6.924481 8.002659 -8.628368 -32.214930 -21.625521 -62.225738 -6.703138 0.567604 5.044324 5.893210 15.023124 5.653498 -25.117386 -46.460312 18.084221 3.557404 61.057511 -3.114046 -7.827934 -22.070665 -2.120627 0.000000 -0.000000 -0.000000 18.530667 -47.223322 -11.638719 -3.982123 58.851715 1.122909 -9.725889 -21.640561 5.950517 0.000000 0.000000 0.000000
-18.363798 86.566191 -240.340544 1.103349 11.749135 0.535622 -0.863861 9.344198 0.429685 -0.391301 4.152175 0.207765 -0.391301 4.152175 0.207765 -0.294761 3.114000 0.158418 2.231212 11.672803 -0.202237 4.366011 -14.465559 -1.356060 7.342230 11.045712 9.425619 27.730305 -32.619033 59.457648 -3.820420 12.555807 -4.690071 -1.263709 17.086355 -6.477781 -6.904026 7.992159 -8.638951 -32.186341 -21.601435 -62.221981 -6.680583 0.547567 5.042031 5.901687 14.998145 5.656709 -25.032577 -46.453795 18.012034 3.486912 61.034676 -3.089736 -7.814418 -22.071443 -2.131070 0.000000 -0.000000 0.000000 18.488914 -47.220507 -11.581330 -3.950421 58.840482 1.121636 -9.774853 -21.637497 5.959469 0.000000 0.000000 0.000000
-18.368479 86.579980 -240.325234 1.117657 11.747553 0.516437 -0.876835 9.346983 0.419666 -0.396847 4.153419 0.203594 -0.396847 4.153419 0.203594 -0.298890 3.114934 0.155330 2.238277 11.678677 -0.202670 4.379527 -14.454397 -1.359700 7.363718 11.041095 9.415240 27.832032 -32.593151 59.430226 -3.794297 12.485968 -4.686744 -1.262415 17.078290 -6.469465 -6.884399 7.983322 -8.647741 -32.153593 -21.588011 -62.223767 -6.658054 0.531157 5.044945 5.910257 14.979797 5.665615 -24.971433 -46.432210 17.959881 3.433509 61.001636 -3.071516 -7.801564 -22.066693 -2.138640 -0.000000 0.000000 0.000000 18.452342 -47.209714 -11.525604 -3.922664 58.821584 1.123194 -9.822370 -21.631267 5.967616 0.000000 0.000000 0.000000
-18.373387 86.598869 -240.309202 1.129170 11.741657 0.493089 -0.889575 9.354278 0.412691 -0.402353 4.156663 0.200776 -0.402353 4.156663 0.200776 -0.303000 3.117367 0.153257 2.243134 11.677275 -0.211587 4.392756 -14.456472 -1.378953 7.368627 11.015366 9.407655 27.894880 -32.584740 59.415961 -3.768167 12.489252 -4.674412 -1.235031 17.105082 -6.416896 -6.866538 7.979964 -8.653139 -32.114206 -21.594815 -62.232507 -6.632393 0.520614 5.059005 5.917671 14.979665 5.684930 -24.975491 -46.381250 17.960471 3.423642 60.953353 -3.065356 -7.788761 -22.054730 -2.141831 -0.000000 -0.000000 0.000000 18.419791 -47.188460 -11.468124 -3.900993 58.792282 1.125741 -9.867353 -21.621182 5.975669 0.000000 0.000000 0.000000
-18.377802 86.621432 -240.292869 1.138863 11.732662 0.467281 -0.902260 9.363906 0.407759 -0.407878 4.160941 0.198865 -0.407878 4.160941 0.198865 -0.307130 3.120575 0.151865 2.246716 11.672931 -0.225754 4.405924 -14.463837 -1.407840 7.364579 10.977641 9.399743 27.939773 -32.584497 59.408019 -3.741057 12.525657 -4.656696 -1.193692 17.150446 -6.341012 -6.849502 7.978274 -8.656748 -32.070666 -21.612276 -62.246822 -6.606775 0.513686 5.078285 5.925181 14.986157 5.709955 -25.003114 -46.315289 17.981002 3.430807 60.894849 -3.065349 -7.776624 -22.037240 -2.142143 0.000000 -0.000000 -0.000000 18.392476 -47.159241 -11.412345 -3.883286 58.755303 1.131087 -9.910883 -21.607937 5.982907 0.000000 0.000000 0.000000
-18.379875 86.643184 -240.275953 1.150567 11.720230 0.442293 -0.913856 9.374286 0.405228 -0.412968 4.165549 0.197998 -0.412968 4.165549 0.197998 -0.310941 3.124030 0.151252 2.249419 11.668507 -0.239246 4.417119 -14.471403 -1.435059 7.359726 10.942643 9.390720 27.966258 -32.591277 59.407347 -3.707073 12.548402 -4.642447 -1.160671 17.182018 -6.289226 -6.833946 7.969055 -8.660145 -32.043425 -21.617214 -62.258210 -6.589981 0.494596 5.088442 5.929625 14.988586 5.724631 -24.996178 -46.254933 17.975932 3.416055 60.838779 -3.067224 -7.770978 -22.020492 -2.140114 0.000000 0.000000 0.000000 18.381494 -47.123803 -11.377802 -3.871671 58.720076 1.151077 -9.947859 -21.596739 5.986837 0.000000 -0.000000 0.000000
-18.378934 86.663286 -240.257885 1.170437 11.703517 0.420136 -0.926450 9.385360 0.405815 -0.418565 4.170458 0.198534 -0.418565 4.170458 0.198534 -0.315142 3.127710 0.151696 2.251105 11.665833 -0.250418 4.425296 -14.475848 -1.457316 7.356862 10.916239 9.379209 27.956979 -32.612274 59.423667 -3.656421 12.542136 -4.633484 -1.144800 17.190394 -6.283395 -6.818748 7.946028 -8.663692 -32.048504 -21.593801 -62.260469 -6.586339 0.447070 5.079829 5.930379 14.976129 5.720738 -24.916192 -46.209937 17.912446 3.345137 60.788082 -3.073878 -7.771998 -22.007259 -2.133788 -0.000000 -0.000000 0.000000 18.395131 -47.079695 -11.380209 -3.868540 58.687597 1.197523 -9.975437 -21.588381 5.984752 -0.000000 0.000000 -0.000000
-18.375652 86.682577 -240.239234 1.192319 11.683371 0.398793 -0.937953 9.397186 0.408803 -0.423727 4.175698 0.200113 -0.423727 4.175698 0.200113 -0.319024 3.131637 0.152918 2.251915 11.663087 -0.260915 4.431505 -14.480484 -1.477906 7.353205 10.892562 9.366571 27.929251 -32.640240 59.447280 -3.598954 12.522210 -4.628009 -1.137397 17.185112 -6.301727 -6.805038 7.915480 -8.667028 -32.069864 -21.557847 -62.259830 -6.591501 0.387397 5.062089 5.928088 14.959618 5.706498 -24.801899 -46.170422 17.823655 3.252428 60.739818 -3.082276 -7.779502 -21.994767 -2.125129 -0.000000 -0.000000 0.000000 18.424983 -47.029363 -11.403716 -3.871529 58.656841 1.258606 -9.996467 -21.582079 5.979368 0.000000 0.000000 0.000000
-18.370192 86.699082 -240.221424 1.201581 11.661992 0.375503 -0.941070 9.408347 0.412400 -0.425187 4.180649 0.201791 -0.425187 4.180649 0.201791 -0.320131 3.135348 0.154189 2.252666 11.657658 -0.269757 4.436986 -14.490168 -1.495415 7.348543 10.868730 9.356098 27.934721 -32.652434 59.449910 -3.558345 12.487925 -4.629613 -1.134714 17.162331 -6.326278 -6.796850 7.887064 -8.670641 -32.079879 -21.533626 -62.266373 -6.601217 0.348656 5.049788 5.921510 14.960860 5.690494 -24.711137 -46.127744 17.762999 3.201801 60.697826 -3.079377 -7.798787 -21.980957 -2.120552 -0.000000 -0.000000 0.000000 18.457134 -46.981928 -11.420556 -3.875572 58.634210 1.310793 -10.014393 -21.580679 5.976329 0.000000 -0.000000 0.000000
-18.362437 86.712118 -240.204946 1.189933 11.638897 0.347534 -0.930043 9.419321 0.416952 -0.420402 4.185526 0.203604 -0.420402 4.185526 0.203604 -0.316558 3.139007 0.155519 2.253391 11.647958 -0.276770 4.441788 -14.507856 -1.509595 7.342591 10.843604 9.349540 28.011548 -32.630731 59.409977 -3.545247 12.427456 -4.643248 -1.136531 17.105614 -6.357382 -6.798147 7.864636 -8.675426 -32.068845 -21.532173 -62.283447 -6.614228 0.348769 5.050265 5.906838 15.003338 5.671191 -24.669673 -46.076194 17.756417 3.224277 60.663567 -3.059131 -7.833635 -21.963368 -2.123201 0.000000 -0.000000 -0.000000 18.495250 -46.938707 -11.424582 -3.887399 58.622719 1.343687 -10.028148 -21.586039 5.977257 0.000000 0.000000 0.000000
-18.352504 86.722369 -240.189309 1.165674 11.614549 0.317637 -0.910629 9.429617 0.422123 -0.411916 4.190110 0.205518 -0.411916 4.190110 0.205518 -0.310210 3.142446 0.156898 2.254056 11.635579 -0.282130 4.445864 -14.530586 -1.520701 7.335631 10.818330 9.345137 28.121541 -32.593214 59.349166 -3.549053 12.352671 -4.664009 -1.143138 17.031393 -6.394731 -6.804960 7.844347 -8.680490 -32.046465 -21.542447 -62.307667 -6.631786 0.369826 5.056135 5.887853 15.063555 5.650040 -24.651552 -46.021620 17.777733 3.288617 60.635572 -3.027841 -7.880259 -21.944449 -2.129943 -0.000000 0.000000 -0.000000 18.535715 -46.898412 -11.422002 -3.900202 58.619379 1.367767 -10.038800 -21.596298 5.980533 -0.000000 -0.000000 0.000000
-18.340907 86.729913 -240.174473 1.139055 11.592566 0.291279 -0.892804 9.436382 0.425091 -0.404086 4.193127 0.206481 -0.404086 4.193127 0.206481 -0.304348 3.144711 0.157568 2.255382 11.622682 -0.285379 4.450311 -14.554341 -1.528070 7.328302 10.793457 9.340923 28.202007 -32.571615 59.303872 -3.561506 12.298425 -4.680731 -1.151548 16.985079 -6.419416 -6.809421 7.824298 -8.683641 -32.014245 -21.555613 -62.338954 -6.653418 0.391158 5.059865 5.874740 15.092876 5.640187 -24.636996 -45.972883 17.802151 3.365222 60.613276 -2.991094 -7.932602 -21.929509 -2.137777 0.000000 0.000000 0.000000 18.553815 -46.866273 -11.403736 -3.888593 58.621584 1.390818 -10.052995 -21.608706 5.986946 0.000000 -0.000000 0.000000
-18.328138 86.734448 -240.160445 1.113812 11.574202 0.272199 -0.880380 9.438283 0.423724 -0.398557 4.193986 0.205625 -0.398557 4.193986 0.205625 -0.300197 3.145358 0.156889 2.258291 11.609441 -0.285219 4.456331 -14.578821 -1.529608 7.318833 10.766365 9.337406 28.221396 -32.584022 59.291328 -3.585691 12.283130 -4.688239 -1.162408 16.995344 -6.418429 -6.805850 7.801016 -8.683535 -31.963141 -21.571588 -62.383188 -6.682053 0.402870 5.055761 5.873301 15.058477 5.651172 -24.623060 -45.932140 17.825071 3.449966 60.596404 -2.951393 -7.993074 -21.921335 -2.145823 -0.000000 0.000000 -0.000000 18.521396 -46.847208 -11.354098 -3.825700 58.629692 1.418865 -10.073804 -21.622290 5.996505 -0.000000 0.000000 0.000000
-18.313705 86.736275 -240.147218 1.086199 11.558208 0.256652 -0.869547 9.436656 0.420150 -0.393685 4.193280 0.203819 -0.393685 4.193280 0.203819 -0.296532 3.144831 0.155501 2.261859 11.595679 -0.282944 4.462714 -14.604330 -1.527400 7.308995 10.739675 9.334083 28.211311 -32.612406 59.294172 -3.618463 12.288384 -4.691685 -1.174991 17.033520 -6.404768 -6.799928 7.777970 -8.681511 -31.902158 -21.590406 -62.434482 -6.714758 0.414846 5.049493 5.877701 14.993223 5.673592 -24.612688 -45.897225 17.851077 3.547015 60.585223 -2.906188 -8.059269 -21.917131 -2.154957 -0.000000 0.000000 -0.000000 18.466642 -46.836208 -11.288845 -3.738392 58.643331 1.445882 -10.098161 -21.638017 6.009206 0.000000 -0.000000 -0.000000
-18.296642 86.736373 -240.134727 1.055235 11.544456 0.238875 -0.858849 9.432654 0.417926 -0.388899 4.191515 0.202609 -0.388899 4.191515 0.202609 -0.292936 3.143509 0.154560 2.264033 11.583036 -0.281973 4.466950 -14.627760 -1.527041 7.304748 10.721792 9.327480 28.203959 -32.634446 59.296693 -3.642186 12.293785 -4.695390 -1.184239 17.058994 -6.398520 -6.800828 7.763681 -8.679400 -31.859923 -21.603486 -62.475091 -6.742294 0.436085 5.050642 5.880809 14.947022 5.692208 -24.595053 -45.870532 17.869286 3.639276 60.579964 -2.853411 -8.117913 -21.913848 -2.164807 0.000000 0.000000 0.000000 18.449353 -46.823701 -11.246061 -3.681913 58.658808 1.461559 -10.123500 -21.656054 6.025821 0.000000 -0.000000 0.000000
-18.276106 86.734911 -240.122414 1.018594 11.531459 0.215196 -0.848190 9.427789 0.419038 -0.384198 4.189360 0.202875 -0.384198 4.189360 0.202875 -0.289413 3.141895 0.154726 2.264280 11.570981 -0.284949 4.469184 -14.650002 -1.533388 7.311317 10.714473 9.315013 28.215984 -32.637734 59.290588 -3.648097 12.288259 -4.700571 -1.187202 17.053756 -6.409822 -6.812810 7.761741 -8.680123 -31.848232 -21.604909 -62.497676 -6.763560 0.479305 5.068402 5.879402 14.944004 5.702462 -24.563694 -45.852306 17.873182 3.724221 60.582026 -2.785419 -8.163316 -21.910481 -2.176197 -0.000000 0.000000 -0.000000 18.507133 -46.802324 -11.247136 -3.693777 58.674637 1.454219 -10.147791 -21.677641 6.048343 0.000000 -0.000000 -0.000000
-18.252940 86.731719 -240.110836 0.978602 11.520692 0.189286 -0.837670 9.420549 0.421501 -0.379584 4.186148 0.203740 -0.379584 4.186148 0.203740 -0.285959 3.139486 0.155341 2.263141 11.560043 -0.289227 4.469285 -14.670166 -1.541582 7.323489 10.715956 9.299266 28.230767 -32.634690 59.284157 -3.644964 12.282858 -4.705998 -1.186869 17.035806 -6.428536 -6.831610 7.768558 -8.680775 -31.855339 -21.600661 -62.509589 -6.779605 0.531817 5.093602 5.876765 14.960022 5.708845 -24.525099 -45.842313 17.869315 3.804484 60.589967 -2.709736 -8.201173 -21.908051 -2.188294 -0.000000 -0.000000 0.000000 18.602312 -46.779518 -11.270590 -3.736489 58.692321 1.435531 -10.173079 -21.701529 6.074785 0.000000 -0.000000 0.000000
-18.228714 86.727274 -240.101603 0.941245 11.516483 0.166382 -0.826120 9.407548 0.422928 -0.374489 4.180378 0.204115 -0.374489 4.180378 0.204115 -0.282141 3.135160 0.155584 2.260176 11.553454 -0.290307 4.464322 -14.682458 -1.542655 7.331568 10.729367 9.284510 28.230670 -32.640261 59.286566 -3.641448 12.290363 -4.712281 -1.187129 17.018533 -6.444328 -6.853610 7.781876 -8.674453 -31.874594 -21.600065 -62.515113 -6.784488 0.564500 5.108314 5.875613 14.972550 5.709643 -24.487863 -45.842240 17.866412 3.870680 60.599789 -2.647070 -8.235281 -21.906559 -2.198248 0.000000 0.000000 0.000000 18.681851 -46.768002 -11.290282 -3.752777 58.712670 1.430201 -10.202899 -21.724153 6.099946 0.000000 -0.000000 0.000000
-18.203502 86.721410 -240.095599 0.907798 11.522382 0.148149 -0.813736 9.385227 0.422789 -0.368988 4.170469 0.203765 -0.368988 4.170469 0.203765 -0.278011 3.127730 0.155278 2.255135 11.553631 -0.286415 4.452947 -14.682475 -1.532988 7.331903 10.759894 9.271550 28.210299 -32.660234 59.300368 -3.638369 12.316707 -4.720957 -1.188437 17.005464 -6.451521 -6.876599 7.804068 -8.656499 -31.908812 -21.606311 -62.515548 -6.771969 0.558759 5.102812 5.878205 14.968683 5.704350 -24.446934 -45.857205 17.861694 3.907002 60.610645 -2.608971 -8.262279 -21.906281 -2.205352 -0.000000 -0.000000 0.000000 18.722810 -46.776417 -11.293714 -3.709916 58.738129 1.453303 -10.243459 -21.744368 6.122233 -0.000000 0.000000 0.000000
-18.177229 86.714293 -240.091938 0.876975 11.534847 0.132907 -0.800324 9.357145 0.421612 -0.363005 4.158002 0.202927 -0.363005 4.158002 0.202927 -0.273517 3.118383 0.154602 2.248260 11.558161 -0.279337 4.436499 -14.674610 -1.516220 7.328147 10.802352 9.259565 28.175007 -32.688792 59.323040 -3.634889 12.355956 -4.730475 -1.190334 16.993069 -6.455787 -6.902801 7.832774 -8.631597 -31.955182 -21.616215 -62.509574 -6.748363 0.533156 5.086833 5.882267 14.961315 5.693481 -24.407349 -45.882090 17.857911 3.929240 60.623435 -2.583904 -8.285527 -21.906942 -2.210313 -0.000000 0.000000 -0.000000 18.748165 -46.796114 -11.293443 -3.640533 58.766226 1.489861 -10.288546 -21.763311 6.143241 -0.000000 0.000000 0.000000
-18.151242 86.706895 -240.089580 0.850922 11.547574 0.120872 -0.784123 9.330587 0.418585 -0.355750 4.146219 0.201217 -0.355750 4.146219 0.201217 -0.268063 3.109549 0.153264 2.239850 11.563030 -0.269907 4.416072 -14.666263 -1.494263 7.321550 10.844306 9.250391 28.123260 -32.723459 59.356136 -3.637175 12.403092 -4.736817 -1.195316 16.984155 -6.463793 -6.935255 7.858640 -8.606841 -31.998610 -21.629518 -62.497527 -6.726627 0.514290 5.071662 5.883716 14.966620 5.676872 -24.392862 -45.903215 17.872106 3.975386 60.636796 -2.557984 -8.318892 -21.907706 -2.212405 0.000000 0.000000 0.000000 18.773823 -46.813893 -11.300995 -3.585444 58.790421 1.519448 -10.323058 -21.780866 6.162538 0.000000 0.000000 0.000000
-18.126571 86.699446 -240.087466 0.831022 11.559283 0.113966 -0.760578 9.305985 0.412596 -0.345184 4.135316 0.198052 -0.345184 4.135316 0.198052 -0.260118 3.101377 0.150813 2.227914 11.567657 -0.255168 4.386579 -14.658702 -1.460600 7.307499 10.887691 9.247411 28.033604 -32.775735 59.412461 -3.648861 12.465501 -4.740092 -1.207916 16.976291 -6.486167 -6.983018 7.878228 -8.584590 -32.032315 -21.644662 -62.477814 -6.710084 0.509233 5.056907 5.878633 15.001955 5.646542 -24.420872 -45.914218 17.916428 4.069260 60.650057 -2.524408 -8.369992 -21.909154 -2.210697 0.000000 -0.000000 0.000000 18.804547 -46.823834 -11.322349 -3.568178 58.806309 1.527939 -10.334647 -21.797749 6.179021 0.000000 -0.000000 -0.000000
-18.102187 86.691717 -240.086655 0.815895 11.571262 0.110273 -0.734240 9.282911 0.404742 -0.333346 4.125097 0.194009 -0.333346 4.125097 0.194009 -0.251213 3.093719 0.147697 2.214441 11.572622 -0.238078 4.353105 -14.650652 -1.421749 7.290623 10.930583 9.247259 27.927369 -32.834022 59.479365 -3.666339 12.535796 -4.740250 -1.223592 16.971889 -6.512276 -7.037028 7.894990 -8.562492 -32.063093 -21.663173 -62.452030 -6.695407 0.510914 5.042970 5.870881 15.049937 5.610421 -24.474000 -45.921400 17.978767 4.187087 60.663888 -2.489921 -8.431210 -21.910683 -2.206122 0.000000 0.000000 0.000000 18.835576 -46.831850 -11.351530 -3.565294 58.818320 1.529362 -10.335651 -21.813268 6.193775 -0.000000 0.000000 -0.000000
-18.076348 86.683999 -240.089282 0.803554 11.581051 0.104260 -0.717008 9.267348 0.397534 -0.325559 4.118206 0.190448 -0.325559 4.118206 0.190448 -0.245349 3.088554 0.144972 2.205715 11.575652 -0.228340 4.332015 -14.645720 -1.399148 7.286001 10.954757 9.241645 27.867439 -32.861351 59.519931 -3.684894 12.586811 -4.732997 -1.231242 16.981055 -6.516911 -7.073121 7.909883 -8.540525 -32.096216 -21.689406 -62.425295 -6.685564 0.524732 5.042345 5.868118 15.074661 5.592275 -24.523856 -45.930108 18.039808 4.295484 60.678928 -2.460942 -8.493551 -21.909682 -2.200748 0.000000 -0.000000 0.000000 18.868544 -46.842499 -11.382155 -3.547192 58.833187 1.545481 -10.347994 -21.825189 6.209646 -0.000000 -0.000000 0.000000
-18.047446 86.677203 -240.098069 0.792420 11.588694 0.091591 -0.718276 9.266583 0.392964 -0.326028 4.117872 0.188449 -0.326028 4.117872 0.188449 -0.245688 3.088305 0.143476 2.207258 11.570447 -0.234933 4.338039 -14.655064 -1.412686 7.307917 10.943300 9.223186 27.918125 -32.825294 59.496499 -3.705718 12.583984 -4.712899 -1.222840 17.013366 -6.478786 -7.073172 7.923515 -8.519114 -32.132875 -21.735705 -62.400859 -6.680576 0.565835 5.066876 5.876196 15.051609 5.609867 -24.571433 -45.941288 18.102821 4.390682 60.694388 -2.438698 -8.554645 -21.902474 -2.195985 0.000000 -0.000000 0.000000 18.906840 -46.859679 -11.413565 -3.493569 58.852959 1.594855 -10.384650 -21.830786 6.227274 0.000000 0.000000 -0.000000
-18.017089 86.670418 -240.110293 0.784071 11.594147 0.076606 -0.728648 9.273328 0.389050 -0.330548 4.120867 0.186932 -0.330548 4.120867 0.186933 -0.249067 3.090550 0.142371 2.213554 11.563298 -0.248869 4.356450 -14.667552 -1.442459 7.342059 10.913108 9.199248 28.015179 -32.758374 59.446696 -3.727562 12.561909 -4.685270 -1.206267 17.059278 -6.419189 -7.055283 7.935253 -8.497796 -32.171910 -21.789716 -62.375403 -6.680353 0.619109 5.104690 5.889381 15.005354 5.645505 -24.615758 -45.954008 18.164546 4.476461 60.711071 -2.421945 -8.616851 -21.892730 -2.190438 0.000000 0.000000 0.000000 18.947091 -46.879488 -11.446440 -3.424621 58.875527 1.659041 -10.432639 -21.832762 6.246018 -0.000000 -0.000000 0.000000
-17.988356 86.661208 -240.119927 0.781258 11.594817 0.066790 -0.731837 9.271701 0.382356 -0.331826 4.120152 0.184029 -0.331826 4.120152 0.184029 -0.250005 3.090015 0.140203 2.214350 11.570851 -0.252893 4.359447 -14.653341 -1.450202 7.360604 10.896650 9.183691 28.029097 -32.721295 59.445957 -3.742026 12.597126 -4.662047 -1.194445 17.100219 -6.376782 -7.049637 7.944174 -8.475176 -32.215011 -21.818753 -62.344264 -6.687777 0.644557 5.132730 5.897960 14.973644 5.669841 -24.625484 -45.970910 18.195853 4.530726 60.731989 -2.413441 -8.678286 -21.888871 -2.181944 -0.000000 -0.000000 0.000000 18.980777 -46.894790 -11.476396 -3.371506 58.901427 1.704273 -10.474969 -21.837027 6.266812 0.000000 -0.000000 0.000000
-17.962502 86.647985 -240.124140 0.786215 11.590022 0.067182 -0.717947 9.252530 0.370266 -0.325420 4.111662 0.178368 -0.325419 4.111662 0.178367 -0.245161 3.083653 0.135911 2.202754 11.604486 -0.235332 4.328316 -14.592019 -1.410052 7.347158 10.910950 9.186695 27.874791 -32.748890 59.541720 -3.740869 12.750296 -4.649356 -1.192014 17.134433 -6.368124 -7.073717 7.946428 -8.450045 -32.276675 -21.795420 -62.298675 -6.706858 0.605941 5.137422 5.895621 14.977004 5.666837 -24.568214 -45.998152 18.169656 4.528305 60.758682 -2.417507 -8.738192 -21.895476 -2.168149 0.000000 -0.000000 -0.000000 19.008017 -46.901896 -11.506239 -3.353456 58.931065 1.712646 -10.502196 -21.846195 6.290595 0.000000 -0.000000 0.000000
-17.938271 86.632337 -240.125762 0.796709 11.580447 0.072742 -0.696865 9.224994 0.355388 -0.315769 4.099463 0.171317 -0.315768 4.099463 0.171317 -0.237876 3.074511 0.130554 2.185695 11.652833 -0.207852 4.281907 -14.503952 -1.347938 7.318133 10.939015 9.198070 27.637080 -32.805738 59.686712 -3.732347 12.960723 -4.641163 -1.194495 17.163656 -6.376665 -7.110095 7.945880 -8.423657 -32.342351 -21.747112 -62.247625 -6.733588 0.539441 5.132498 5.888601 14.994861 5.652485 -24.476203 -46.029540 18.112909 4.494288 60.789601 -2.429905 -8.797353 -21.907960 -2.151378 0.000000 -0.000000 0.000000 19.028674 -46.904494 -11.533134 -3.351338 58.964096 1.701960 -10.523770 -21.857662 6.316434 0.000000 0.000000 0.000000
-17.914971 86.616589 -240.127252 0.808789 11.565550 0.075842 -0.681995 9.200721 0.342143 -0.308905 4.088705 0.165120 -0.308905 4.088705 0.165120 -0.232687 3.066447 0.125857 2.173641 11.698430 -0.188219 4.248663 -14.420486 -1.303211 7.294915 10.962282 9.201169 27.442004 -32.847805 59.813541 -3.732826 13.122895 -4.631349 -1.201301 17.174544 -6.391416 -7.136557 7.953172 -8.398237 -32.370169 -21.723385 -62.212921 -6.758991 0.513707 5.135722 5.885993 15.003338 5.645533 -24.415224 -46.049344 18.077689 4.481991 60.823141 -2.440524 -8.856203 -21.921004 -2.136479 0.000000 0.000000 0.000000 19.033838 -46.906532 -11.544213 -3.338777 58.999986 1.691978 -10.551050 -21.869513 6.342465 0.000000 0.000000 0.000000
-17.893606 86.601092 -240.129968 0.821267 11.544530 0.072765 -0.678689 9.185318 0.331702 -0.307226 4.081877 0.160408 -0.307226 4.081877 0.160408 -0.231395 3.061328 0.122310 2.170489 11.733960 -0.183986 4.239538 -14.354803 -1.292286 7.284538 10.972756 9.188404 27.344928 -32.858693 59.896243 -3.750608 13.181479 -4.616852 -1.216731 17.147126 -6.418288 -7.143230 7.976068 -8.373257 -32.324709 -21.757785 -62.209240 -6.782298 0.576227 5.155534 5.892451 14.992116 5.653140 -24.429719 -46.047555 18.100236 4.524607 60.860460 -2.446959 -8.916624 -21.932582 -2.126164 0.000000 0.000000 0.000000 19.006633 -46.913483 -11.520724 -3.297058 59.041452 1.686613 -10.592946 -21.881009 6.368801 0.000000 0.000000 0.000000
-17.873173 86.585496 -240.132552 0.835335 11.518191 0.067224 -0.681601 9.173170 0.322900 -0.308335 4.076489 0.156551 -0.308335 4.076489 0.156551 -0.232200 3.057289 0.119423 2.172330 11.766736 -0.187605 4.243479 -14.293759 -1.298676 7.279973 10.978406 9.167384 27.290854 -32.855345 59.960450 -3.777424 13.191826 -4.600724 -1.236433 17.101348 -6.451314 -7.139944 8.006786 -8.349188 -32.241343 -21.816756 -62.221832 -6.804415 0.679554 5.183227 5.903364 14.971558 5.668194 -24.475337 -46.034243 18.144383 4.589024 60.900431 -2.451517 -8.976732 -21.944722 -2.117717 0.000000 0.000000 0.000000 18.963912 -46.919866 -11.481416 -3.244833 59.085787 1.682036 -10.640550 -21.892870 6.395338 0.000000 0.000000 0.000000
-17.849974 86.571071 -240.133388 0.850608 11.488409 0.062728 -0.688097 9.159055 0.316664 -0.311082 4.070220 0.153897 -0.311082 4.070220 0.153897 -0.234240 3.052588 0.117449 2.177906 11.801256 -0.194203 4.255790 -14.229239 -1.312305 7.281502 10.984589 9.144288 27.240785 -32.844363 60.015661 -3.804744 13.214439 -4.586107 -1.246904 17.083781 -6.461753 -7.134023 8.032631 -8.329698 -32.184507 -21.849249 -62.228012 -6.818897 0.749989 5.210843 5.913953 14.948839 5.688094 -24.484840 -46.023972 18.153826 4.629114 60.938000 -2.451158 -9.031301 -21.958196 -2.107860 0.000000 0.000000 0.000000 18.947413 -46.913245 -11.469703 -3.211753 59.124285 1.686412 -10.678496 -21.905380 6.419882 0.000000 -0.000000 0.000000
-17.820244 86.558533 -240.130957 0.868563 11.452743 0.062644 -0.699578 9.142787 0.313583 -0.316100 4.062987 0.152737 -0.316100 4.062987 0.152737 -0.237992 3.047162 0.116609 2.188548 11.840292 -0.204148 4.279072 -14.156032 -1.334323 7.292148 10.991260 9.119127 27.192473 -32.820014 60.056722 -3.830842 13.269932 -4.572694 -1.237618 17.124426 -6.426057 -7.126530 8.044642 -8.318938 -32.196427 -21.823657 -62.213191 -6.822315 0.744920 5.240752 5.922985 14.921672 5.718312 -24.410388 -46.025003 18.085447 4.618804 60.972370 -2.438034 -9.079777 -21.974773 -2.095101 0.000000 0.000000 0.000000 18.990188 -46.880074 -11.520830 -3.216480 59.150859 1.711806 -10.698378 -21.919032 6.440114 0.000000 -0.000000 0.000000
-17.787748 86.547167 -240.126778 0.887720 11.413632 0.063598 -0.714648 9.124552 0.313059 -0.322757 4.054873 0.152776 -0.322757 4.054873 0.152776 -0.242982 3.041075 0.116679 2.202919 11.881071 -0.217055 4.310682 -14.079341 -1.363515 7.308910 10.998461 9.091923 27.148228 -32.788061 60.088741 -3.857385 13.337695 -4.560792 -1.218967 17.193301 -6.367796 -7.116411 8.051784 -8.312751 -32.234946 -21.771633 -62.191983 -6.817981 0.706962 5.270743 5.931701 14.892334 5.753364 -24.299792 -46.028922 17.982408 4.584133 61.004304 -2.420055 -9.122718 -21.992696 -2.080931 0.000000 -0.000000 0.000000 19.059070 -46.833837 -11.599372 -3.240381 59.171595 1.746095 -10.708595 -21.933363 6.458340 0.000000 0.000000 0.000000
-17.760076 86.536099 -240.123802 0.903266 11.380272 0.059006 -0.726475 9.099683 0.314241 -0.328008 4.043810 0.153496 -0.328008 4.043810 0.153496 -0.246921 3.032776 0.117248 2.215756 11.919770 -0.226927 4.338095 -14.006675 -1.386297 7.323016 11.011683 9.068849 27.075804 -32.772149 60.136582 -3.880919 13.416379 -4.554530 -1.209105 17.247053 -6.329016 -7.107848 8.068261 -8.302366 -32.238084 -21.737050 -62.185145 -6.809554 0.690243 5.286106 5.938982 14.874824 5.774201 -24.229440 -46.025575 17.917939 4.557041 61.031065 -2.417917 -9.156550 -22.007455 -2.066551 0.000000 -0.000000 0.000000 19.096713 -46.802802 -11.643022 -3.257224 59.196022 1.761093 -10.718987 -21.947240 6.479308 0.000000 -0.000000 0.000000
-17.742001 86.524001 -240.123248 0.914304 11.357537 0.044826 -0.732227 9.063812 0.317389 -0.330602 4.027859 0.154950 -0.330602 4.027859 0.154950 -0.248872 3.020811 0.118346 2.225047 11.956191 -0.231712 4.356604 -13.938558 -1.397903 7.328087 11.031835 9.053750 26.939268 -32.789784 60.223944 -3.902048 13.522984 -4.556428 -1.216095 17.271769 -6.327809 -7.101348 8.102630 -8.282420 -32.165253 -21.746146 -62.205568 -6.797298 0.730577 5.273729 5.944059 14.877662 5.768486 -24.242293 -46.009052 17.933686 4.545976 61.052024 -2.451735 -9.177469 -22.018087 -2.050945 0.000000 -0.000000 -0.000000 19.068144 -46.804424 -11.615606 -3.252619 59.232196 1.740094 -10.734077 -21.960980 6.506633 -0.000000 0.000000 0.000000
-17.728750 86.512201 -240.123897 0.921740 11.340555 0.025112 -0.734755 9.021308 0.322251 -0.331797 4.008958 0.157090 -0.331797 4.008958 0.157090 -0.249778 3.006635 0.119949 2.232803 11.990532 -0.233467 4.370943 -13.874477 -1.403130 7.330489 11.058008 9.042758 26.774302 -32.823140 60.327202 -3.920167 13.640497 -4.563965 -1.232039 17.281369 -6.346112 -7.096429 8.146331 -8.258282 -32.056968 -21.772515 -62.240255 -6.781054 0.792147 5.246722 5.947665 14.892321 5.748552 -24.295384 -45.985400 17.987931 4.542409 61.067816 -2.501477 -9.189267 -22.025576 -2.035143 0.000000 0.000000 0.000000 19.008409 -46.821282 -11.553441 -3.241043 59.272055 1.699734 -10.749343 -21.974259 6.536702 0.000000 -0.000000 0.000000
-17.713596 86.503805 -240.125033 0.923475 11.323908 0.005430 -0.735747 8.980604 0.327222 -0.332314 3.990859 0.159251 -0.332314 3.990859 0.159251 -0.250176 2.993059 0.121563 2.239786 12.019558 -0.232369 4.382771 -13.820403 -1.402790 7.340563 11.092958 9.030501 26.656293 -32.843163 60.400140 -3.930060 13.716540 -4.573684 -1.251384 17.274273 -6.371781 -7.095789 8.187888 -8.237301 -31.973028 -21.781172 -62.270881 -6.763824 0.821621 5.229694 5.950910 14.907239 5.732362 -24.336336 -45.962694 18.028950 4.552848 61.077608 -2.527586 -9.199761 -22.028335 -2.023428 0.000000 0.000000 0.000000 18.965487 -46.829511 -11.503293 -3.239547 59.300919 1.661852 -10.761050 -21.984984 6.563409 0.000000 -0.000000 0.000000
-17.693760 86.499673 -240.125803 0.918428 11.303516 -0.013038 -0.733754 8.946501 0.332651 -0.331519 3.975695 0.161566 -0.331519 3.975695 0.161567 -0.249592 2.981685 0.123286 2.245263 12.039293 -0.227657 4.390512 -13.783771 -1.395291 7.364013 11.141319 9.015762 26.628633 -32.832265 60.414689 -3.926682 13.710832 -4.586365 -1.276502 17.237062 -6.409035 -7.104743 8.224599 -8.222113 -31.952111 -21.754230 -62.285234 -6.747663 0.777611 5.236772 5.953677 14.923885 5.725435 -24.346009 -45.942442 18.035579 4.588559 61.082936 -2.504796 -9.212943 -22.027002 -2.019324 0.000000 -0.000000 0.000000 18.961409 -46.817791 -11.482732 -3.260138 59.314013 1.630504 -10.769562 -21.993282 6.586374 0.000000 -0.000000 -0.000000
-17.672021 86.498946 -240.127061 0.907682 11.283453 -0.031468 -0.730216 8.914198 0.338199 -0.330043 3.961332 0.163908 -0.330042 3.961332 0.163908 -0.248497 2.970912 0.125025 2.249945 12.053716 -0.220107 4.395714 -13.757143 -1.382251 7.395143 11.198458 8.999828 26.648115 -32.808399 60.398935 -3.915178 13.663643 -4.601259 -1.305038 17.183160 -6.453631 -7.117970 8.259166 -8.210122 -31.955632 -21.709746 -62.295572 -6.730436 0.701494 5.253791 5.956080 14.940788 5.722255 -24.343586 -45.923170 18.029038 4.638305 61.082245 -2.458348 -9.224815 -22.020944 -2.019311 -0.000000 0.000000 -0.000000 18.974203 -46.797495 -11.474221 -3.290776 59.316106 1.601660 -10.774508 -21.999030 6.605972 -0.000000 -0.000000 -0.000000
-17.649984 86.502151 -240.130655 0.892373 11.270520 -0.047832 -0.731139 8.877728 0.341237 -0.330492 3.945118 0.165218 -0.330492 3.945118 0.165218 -0.248839 2.958750 0.126001 2.256761 12.071524 -0.212197 4.404721 -13.724173 -1.369290 7.427200 11.253218 8.981073 26.660491 -32.796136 60.390709 -3.905587 13.643423 -4.612552 -1.324381 17.151265 -6.480753 -7.122203 8.288225 -8.200817 -31.927638 -21.666743 -62.320118 -6.708797 0.664079 5.262911 5.959600 14.941969 5.724223 -24.334264 -45.908550 18.021283 4.674834 61.070105 -2.424451 -9.231208 -22.006669 -2.017104 0.000000 0.000000 0.000000 18.985977 -46.778877 -11.471983 -3.312378 59.306827 1.585077 -10.771049 -21.999765 6.617225 0.000000 0.000000 0.000000
-17.627909 86.509438 -240.137502 0.872458 11.268252 -0.061788 -0.740425 8.833261 0.341090 -0.334581 3.925348 0.165264 -0.334581 3.925348 0.165264 -0.251901 2.943922 0.126051 2.268748 12.097829 -0.204323 4.423319 -13.675251 -1.358242 7.458929 11.299687 8.956501 26.644266 -32.805073 60.405768 -3.907377 13.688679 -4.617723 -1.326230 17.163291 -6.474221 -7.108272 8.308214 -8.194591 -31.837411 -21.633395 -62.369977 -6.677889 0.711167 5.254076 5.966087 14.907304 5.736871 -24.313307 -45.901863 18.013827 4.678431 61.043395 -2.422409 -9.230116 -21.982047 -2.009235 0.000000 -0.000000 -0.000000 18.982820 -46.767926 -11.470138 -3.312343 59.286293 1.586501 -10.755059 -21.994960 6.617476 -0.000000 -0.000000 0.000000
-17.605535 86.520657 -240.146685 0.847970 11.273114 -0.073686 -0.754157 8.784627 0.338461 -0.340590 3.903727 0.164287 -0.340591 3.903727 0.164287 -0.256395 2.927705 0.125346 2.282868 12.127524 -0.196091 4.445717 -13.619979 -1.347271 7.491593 11.343762 8.929078 26.620890 -32.825591 60.428337 -3.910974 13.760908 -4.619190 -1.318804 17.197293 -6.450200 -7.085329 8.322701 -8.190983 -31.715710 -21.601323 -62.433849 -6.642644 0.796984 5.237453 5.973700 14.856904 5.754619 -24.285456 -45.899830 18.005160 4.668825 61.005258 -2.432902 -9.223541 -21.949210 -1.999170 0.000000 -0.000000 0.000000 18.978639 -46.758646 -11.474575 -3.303294 59.254391 1.600180 -10.730660 -21.985145 6.609387 0.000000 -0.000000 0.000000
-17.583693 86.535886 -240.157306 0.820158 11.281300 -0.082542 -0.766611 8.737341 0.332782 -0.345978 3.882711 0.161932 -0.345978 3.882711 0.161932 -0.260414 2.911943 0.123604 2.292955 12.153973 -0.188799 4.460930 -13.570833 -1.336514 7.522200 11.392000 8.906062 26.600593 -32.853456 60.448864 -3.897847 13.813026 -4.618486 -1.314364 17.226192 -6.432442 -7.067599 8.339011 -8.188214 -31.598814 -21.564776 -62.496310 -6.614313 0.854957 5.225480 5.978387 14.835161 5.762253 -24.270113 -45.896283 18.002693 4.677877 60.959696 -2.434247 -9.213326 -21.911053 -1.991025 0.000000 0.000000 0.000000 18.997261 -46.743306 -11.497180 -3.303983 59.210414 1.618623 -10.705382 -21.969448 6.595962 0.000000 -0.000000 0.000000
-17.562222 86.556338 -240.169003 0.790819 11.292585 -0.087076 -0.776130 8.693758 0.322948 -0.349990 3.863350 0.157685 -0.349990 3.863350 0.157685 -0.263391 2.897424 0.120435 2.295478 12.172560 -0.182545 4.462422 -13.536500 -1.324858 7.550095 11.447051 8.893338 26.582324 -32.890732 60.464618 -3.857294 13.821208 -4.615289 -1.319722 17.245388 -6.431236 -7.063103 8.364215 -8.185317 -31.508814 -21.522153 -62.549766 -6.599374 0.840023 5.228593 5.976825 14.876338 5.749193 -24.282563 -45.886962 18.013958 4.726879 60.905457 -2.415909 -9.202480 -21.867644 -1.986003 0.000000 -0.000000 -0.000000 19.056529 -46.716103 -11.552470 -3.329011 59.149787 1.641182 -10.679163 -21.946402 6.575882 -0.000000 -0.000000 0.000000
-17.541282 86.580801 -240.182138 0.758154 11.307199 -0.088574 -0.784358 8.651514 0.310062 -0.353375 3.844591 0.152062 -0.353375 3.844591 0.152062 -0.265889 2.883357 0.116230 2.293972 12.187901 -0.177250 4.456746 -13.508291 -1.313464 7.575913 11.506269 8.884985 26.567125 -32.935365 60.478359 -3.800091 13.809238 -4.609961 -1.328117 17.259514 -6.436317 -7.063821 8.391236 -8.183316 -31.423616 -21.475186 -62.601895 -6.591307 0.797211 5.236248 5.972345 14.946194 5.726092 -24.307505 -45.876112 18.031410 4.794383 60.843769 -2.388567 -9.188009 -21.818914 -1.982886 0.000000 -0.000000 -0.000000 19.138493 -46.682791 -11.625844 -3.363790 59.077117 1.668526 -10.652076 -21.917470 6.550476 0.000000 0.000000 0.000000
-17.522184 86.605710 -240.196899 0.718019 11.322022 -0.089897 -0.790521 8.609042 0.296851 -0.355842 3.825733 0.146254 -0.355842 3.825733 0.146254 -0.267699 2.869216 0.111880 2.292876 12.207204 -0.173950 4.452563 -13.472631 -1.305891 7.598572 11.568280 8.870541 26.568430 -32.976976 60.488733 -3.739969 13.801444 -4.605081 -1.331583 17.255363 -6.440666 -7.059920 8.406165 -8.183421 -31.313260 -21.423173 -62.660175 -6.581748 0.795074 5.229362 5.970886 14.986380 5.709629 -24.318482 -45.870339 18.039863 4.848162 60.782366 -2.362344 -9.162761 -21.767549 -1.982148 0.000000 -0.000000 0.000000 19.213375 -46.653032 -11.685591 -3.383282 59.005452 1.695109 -10.631842 -21.886190 6.526703 0.000000 0.000000 0.000000
-17.505513 86.630780 -240.213768 0.665067 11.337387 -0.091889 -0.792755 8.563845 0.283185 -0.356562 3.805667 0.140165 -0.356562 3.805667 0.140165 -0.268197 2.854170 0.107309 2.293496 12.234825 -0.171305 4.451639 -13.421448 -1.299947 7.616080 11.635468 8.844402 26.597617 -33.009650 60.496331 -3.679470 13.808904 -4.603075 -1.326789 17.213900 -6.444484 -7.047454 8.401802 -8.186352 -31.165894 -21.361813 -62.721514 -6.560203 0.868945 5.192381 5.977194 14.959713 5.708524 -24.296529 -45.875857 18.027651 4.866330 60.723182 -2.343759 -9.117692 -21.712205 -1.984148 -0.000000 0.000000 0.000000 19.275723 -46.630552 -11.720443 -3.374597 58.937624 1.720344 -10.625884 -21.852145 6.507246 0.000000 -0.000000 -0.000000
-17.490683 86.656298 -240.232263 0.604642 11.352960 -0.093714 -0.792918 8.518415 0.269209 -0.356359 3.785500 0.133900 -0.356360 3.785500 0.133900 -0.268003 2.839048 0.102599 2.294528 12.266402 -0.170668 4.452216 -13.362824 -1.297846 7.630424 11.705434 8.812131 26.643340 -33.039350 60.500522 -3.616037 13.820543 -4.601523 -1.317170 17.154144 -6.447698 -7.030346 8.385345 -8.191326 -30.993498 -21.295189 -62.788693 -6.537258 0.983564 5.141022 5.986487 14.903358 5.713959 -24.260623 -45.886470 18.006447 4.870875 60.664315 -2.326166 -9.061885 -21.654205 -1.988474 -0.000000 -0.000000 0.000000 19.331083 -46.611663 -11.741751 -3.350688 58.870762 1.744715 -10.626771 -21.815759 6.489402 -0.000000 -0.000000 0.000000
-17.477251 86.679554 -240.251128 0.548630 11.364616 -0.095701 -0.795830 8.478681 0.258054 -0.357431 3.767858 0.128944 -0.357431 3.767858 0.128944 -0.268773 2.825819 0.098880 2.296510 12.296061 -0.177107 4.457669 -13.307444 -1.309726 7.646482 11.769628 8.780040 26.684963 -33.073485 60.498112 -3.555725 13.827464 -4.595702 -1.304840 17.119941 -6.442767 -7.010565 8.364487 -8.197280 -30.801844 -21.235049 -62.877983 -6.536011 1.101516 5.103031 5.990449 14.870498 5.716404 -24.241241 -45.890182 17.996110 4.895420 60.607732 -2.299924 -9.015362 -21.600250 -1.994471 0.000000 0.000000 0.000000 19.366266 -46.594977 -11.751808 -3.325227 58.809345 1.764320 -10.619950 -21.781824 6.472060 -0.000000 -0.000000 0.000000
-17.465010 86.699840 -240.269667 0.502846 11.370527 -0.097832 -0.805560 8.447696 0.251597 -0.361615 3.754093 0.126209 -0.361615 3.754093 0.126209 -0.271890 2.815497 0.096847 2.299969 12.321413 -0.196226 4.471441 -13.259488 -1.346587 7.667748 11.825061 8.748123 26.715985 -33.117275 60.485912 -3.497980 13.821923 -4.580075 -1.286232 17.140360 -6.418691 -6.986767 8.335811 -8.205218 -30.570459 -21.186623 -63.009033 -6.575628 1.221698 5.091797 5.983761 14.896246 5.709753 -24.259229 -45.878869 18.009844 4.968755 60.552552 -2.252732 -8.991140 -21.553190 -2.002658 0.000000 -0.000000 -0.000000 19.366128 -46.580423 -11.745970 -3.299897 58.754312 1.777089 -10.597122 -21.752233 6.454064 -0.000000 -0.000000 0.000000
-17.454167 86.717865 -240.288576 0.461480 11.372522 -0.100109 -0.818054 8.422416 0.247936 -0.367078 3.742857 0.124771 -0.367078 3.742857 0.124771 -0.275976 2.807069 0.095796 2.304386 12.344823 -0.222410 4.490073 -13.214808 -1.397389 7.690702 11.874734 8.716400 26.742930 -33.165472 60.467112 -3.443384 13.811632 -4.560188 -1.264764 17.186270 -6.386244 -6.960280 8.302740 -8.214126 -30.319770 -21.144252 -63.162174 -6.636827 1.345155 5.093618 5.971771 14.945495 5.700168 -24.293710 -45.860630 18.034412 5.061944 60.499610 -2.197058 -8.976176 -21.510192 -2.012567 0.000000 -0.000000 -0.000000 19.345839 -46.568069 -11.728896 -3.272935 58.704720 1.785182 -10.566594 -21.725084 6.436591 0.000000 -0.000000 -0.000000
-17.444898 86.733056 -240.308690 0.418976 11.371969 -0.102884 -0.825962 8.399629 0.244519 -0.370515 3.732730 0.123361 -0.370515 3.732730 0.123361 -0.278542 2.799474 0.094754 2.308730 12.367551 -0.243890 4.506584 -13.171578 -1.439202 7.709711 11.919098 8.691252 26.764685 -33.209760 60.448091 -3.399663 13.810905 -4.547899 -1.253043 17.214278 -6.370567 -6.937121 8.283216 -8.219964 -30.116786 -21.103857 -63.295051 -6.684892 1.437622 5.095677 5.962221 14.966120 5.696673 -24.312635 -45.847826 18.050064 5.122142 60.453479 -2.160298 -8.951379 -21.469432 -2.022081 0.000000 0.000000 0.000000 19.337652 -46.556746 -11.716801 -3.252796 58.662242 1.791090 -10.538722 -21.699478 6.422032 0.000000 0.000000 0.000000
-17.437338 86.744970 -240.331269 0.368875 11.368794 -0.107704 -0.824121 8.379387 0.240273 -0.369616 3.723742 0.121411 -0.369616 3.723742 0.121411 -0.277855 2.792734 0.093281 2.312101 12.390171 -0.256130 4.517335 -13.128962 -1.462980 7.720022 11.955293 8.678619 26.779521 -33.249739 60.429364 -3.370386 13.830806 -4.549491 -1.259046 17.211047 -6.384998 -6.920502 8.287150 -8.219470 -30.000566 -21.063597 -63.388670 -6.707759 1.475892 5.097857 5.957856 14.919605 5.706769 -24.292300 -45.847686 18.044852 5.111573 60.416082 -2.163366 -8.903879 -21.428740 -2.029771 0.000000 -0.000000 0.000000 19.357744 -46.546513 -11.714655 -3.242150 58.628790 1.795336 -10.518231 -21.675045 6.412444 -0.000000 -0.000000 0.000000
-17.431352 86.754051 -240.355052 0.317639 11.363067 -0.113015 -0.817696 8.361639 0.236261 -0.366691 3.715865 0.119487 -0.366691 3.715865 0.119487 -0.275649 2.786828 0.091816 2.315393 12.412131 -0.263656 4.525968 -13.087769 -1.477761 7.726394 11.986195 8.672565 26.789178 -33.285803 60.410419 -3.351939 13.860337 -4.558640 -1.274866 17.190007 -6.416319 -6.907251 8.304630 -8.215950 -29.931970 -21.025941 -63.462385 -6.717500 1.483168 5.100443 5.955860 14.844460 5.722924 -24.256442 -45.853002 18.030769 5.068259 60.385529 -2.185114 -8.846556 -21.390271 -2.037036 0.000000 -0.000000 0.000000 19.389919 -46.537321 -11.717463 -3.238307 58.602459 1.797402 -10.500390 -21.652160 6.405759 -0.000000 -0.000000 0.000000
-17.426719 86.761057 -240.377087 0.279098 11.356380 -0.114520 -0.814827 8.343020 0.233140 -0.365358 3.707597 0.118020 -0.365358 3.707597 0.118020 -0.274639 2.780628 0.090703 2.320270 12.433021 -0.268294 4.536437 -13.048623 -1.487742 7.737481 12.020853 8.661655 26.797717 -33.310829 60.396091 -3.341275 13.880749 -4.568313 -1.289383 17.147956 -6.449979 -6.893823 8.323859 -8.215225 -29.860721 -20.993569 -63.531412 -6.715605 1.494793 5.091460 5.955720 14.804106 5.731682 -24.244212 -45.854513 18.024029 5.053082 60.360714 -2.189814 -8.798945 -21.358687 -2.046000 0.000000 0.000000 0.000000 19.417855 -46.527861 -11.726480 -3.241698 58.579189 1.798204 -10.481372 -21.631041 6.398181 0.000000 0.000000 0.000000
-17.423145 86.766526 -240.395583 0.260665 11.348803 -0.108925 -0.819040 8.322173 0.230796 -0.367177 3.698334 0.117021 -0.367177 3.698334 0.117021 -0.275996 2.773681 0.089960 2.327326 12.452254 -0.269725 4.549771 -13.012611 -1.492595 7.757868 12.064632 8.639851 26.806794 -33.320539 60.390191 -3.337172 13.884022 -4.577317 -1.299331 17.062275 -6.493576 -6.877084 8.337058 -8.221456 -29.761063 -20.966901 -63.601646 -6.703735 1.522676 5.060900 5.959221 14.838237 5.726898 -24.286709 -45.844491 18.036903 5.107017 60.340919 -2.154620 -8.768142 -21.336961 -2.059280 0.000000 -0.000000 -0.000000 19.439955 -46.514719 -11.748671 -3.258664 58.555979 1.797805 -10.457580 -21.611567 6.387504 0.000000 -0.000000 -0.000000
-17.420924 86.769920 -240.412332 0.254925 11.340271 -0.099529 -0.826808 8.300455 0.229333 -0.370589 3.688680 0.116475 -0.370589 3.688680 0.116475 -0.278549 2.766441 0.089566 2.335964 12.470422 -0.268254 4.564937 -12.978639 -1.492623 7.782978 12.112174 8.613234 26.814744 -33.319209 60.388907 -3.340884 13.878179 -4.586889 -1.307939 16.955553 -6.539469 -6.860161 8.352007 -8.230468 -29.658714 -20.945452 -63.667160 -6.680203 1.554945 5.018832 5.964709 14.907169 5.714841 -24.352810 -45.830658 18.057084 5.188994 60.326837 -2.102472 -8.747029 -21.322132 -2.074297 -0.000000 0.000000 -0.000000 19.457809 -46.501305 -11.777062 -3.282854 58.535837 1.796149 -10.432614 -21.593857 6.375935 -0.000000 0.000000 -0.000000
-17.420708 86.770381 -240.429756 0.253465 11.332169 -0.091923 -0.835695 8.278565 0.229741 -0.374530 3.678946 0.116777 -0.374530 3.678946 0.116777 -0.281504 2.759139 0.089810 2.346056 12.488888 -0.266632 4.582794 -12.944067 -1.492955 7.807732 12.156443 8.588552 26.820642 -33.312537 60.385646 -3.353081 13.868518 -4.593655 -1.313931 16.892400 -6.550294 -6.848906 8.380244 -8.235583 -29.580606 -20.930477 -63.725432 -6.641499 1.591254 4.983415 5.966537 14.955269 5.700654 -24.388391 -45.826947 18.063978 5.236814 60.319525 -2.066336 -8.733812 -21.309986 -2.085398 0.000000 -0.000000 0.000000 19.459903 -46.496557 -11.792037 -3.295675 58.523717 1.793959 -10.413439 -21.578490 6.366292 0.000000 -0.000000 0.000000
-17.423087 86.767338 -240.448597 0.252721 11.325518 -0.089004 -0.845262 8.255829 0.232436 -0.378812 3.668831 0.118102 -0.378812 3.668831 0.118102 -0.284722 2.751552 0.090823 2.359061 12.508811 -0.266190 4.606638 -12.906635 -1.496685 7.830956 12.193324 8.568647 26.828225 -33.298416 60.376499 -3.377046 13.850647 -4.595554 -1.314880 16.917642 -6.498770 -6.847302 8.434013 -8.232487 -29.539773 -20.926797 -63.776154 -6.580568 1.641936 4.965768 5.960053 14.950022 5.685163 -24.361329 -45.841682 18.043786 5.214990 60.320062 -2.063067 -8.727530 -21.298928 -2.090029 0.000000 0.000000 0.000000 19.438537 -46.505658 -11.782503 -3.286970 58.522700 1.791710 -10.403696 -21.566163 6.359268 0.000000 -0.000000 0.000000
-17.427471 86.761363 -240.468113 0.256257 11.319297 -0.087875 -0.855954 8.232923 0.236999 -0.383627 3.658637 0.120275 -0.383627 3.658637 0.120275 -0.288343 2.743904 0.092475 2.373520 12.529033 -0.265589 4.633168 -12.868598 -1.500700 7.853826 12.226930 8.550673 26.833757 -33.278947 60.365383 -3.409496 13.828970 -4.594626 -1.313124 16.986502 -6.412209 -6.851400 8.501064 -8.225540 -29.523162 -20.929735 -63.819726 -6.504482 1.696601 4.954779 5.949807 14.923962 5.667437 -24.303722 -45.866518 18.010293 5.159016 60.327383 -2.075817 -8.729136 -21.290562 -2.090753 0.000000 -0.000000 0.000000 19.401400 -46.523418 -11.759543 -3.266891 58.529699 1.788924 -10.399740 -21.556184 6.354162 0.000000 -0.000000 0.000000
-17.432756 86.753312 -240.488501 0.266363 11.311826 -0.085432 -0.866659 8.212569 0.243164 -0.388476 3.649574 0.123161 -0.388476 3.649574 0.123161 -0.291995 2.737104 0.094662 2.384923 12.547443 -0.263590 4.653354 -12.834096 -1.500846 7.874770 12.262553 8.532813 26.825106 -33.266128 60.357418 -3.441240 13.821974 -4.593677 -1.314774 17.029193 -6.335205 -6.855162 8.556183 -8.221059 -29.518584 -20.926328 -63.854726 -6.430997 1.723844 4.935166 5.943920 14.919016 5.649942 -24.257856 -45.890420 17.984386 5.113198 60.339376 -2.086949 -8.739707 -21.285467 -2.089581 0.000000 0.000000 0.000000 19.360086 -46.543230 -11.736842 -3.247324 58.540410 1.784883 -10.397609 -21.547060 6.351698 0.000000 -0.000000 0.000000
-17.438082 86.743125 -240.510042 0.285706 11.301503 -0.079685 -0.877086 8.197263 0.251272 -0.393237 3.642750 0.126912 -0.393237 3.642750 0.126912 -0.295586 2.731982 0.097498 2.391152 12.562263 -0.258902 4.662696 -12.806563 -1.493868 7.892360 12.301280 8.512579 26.788953 -33.266289 60.356713 -3.467045 13.850064 -4.592911 -1.321302 17.010530 -6.282736 -6.856261 8.582685 -8.221698 -29.530359 -20.903341 -63.876996 -6.365650 1.695516 4.896434 5.947713 14.962625 5.632388 -24.236540 -45.910070 17.971256 5.095403 60.356779 -2.088292 -8.763900 -21.284523 -2.086044 0.000000 0.000000 0.000000 19.315185 -46.562399 -11.718600 -3.229406 58.553725 1.780595 -10.396760 -21.538366 6.353258 0.000000 0.000000 -0.000000
-17.444308 86.730863 -240.532455 0.311616 11.289927 -0.072628 -0.887528 8.184505 0.260974 -0.398034 3.637056 0.131374 -0.398034 3.637056 0.131374 -0.299208 2.727708 0.100869 2.394320 12.575267 -0.252825 4.665698 -12.782572 -1.483048 7.908009 12.342032 8.492458 26.738609 -33.273097 60.359162 -3.492137 13.892831 -4.592180 -1.331364 16.965689 -6.239785 -6.857002 8.597255 -8.224773 -29.554165 -20.874029 -63.890705 -6.302900 1.639844 4.848902 5.955963 15.027333 5.615180 -24.226996 -45.928809 17.965743 5.087791 60.378860 -2.087976 -8.797059 -21.286848 -2.080613 0.000000 -0.000000 0.000000 19.266115 -46.583622 -11.700627 -3.211996 58.570754 1.775056 -10.397736 -21.530527 6.357460 0.000000 -0.000000 -0.000000
-17.452903 86.717558 -240.555087 0.338373 11.280229 -0.067131 -0.897754 8.169527 0.270972 -0.402739 3.630374 0.135958 -0.402739 3.630374 0.135958 -0.302761 2.722692 0.104330 2.396263 12.589671 -0.248006 4.666842 -12.755972 -1.474049 7.924407 12.386853 8.478104 26.701884 -33.279566 60.357534 -3.523023 13.907539 -4.593746 -1.347028 16.930385 -6.205986 -6.858295 8.624738 -8.228555 -29.564830 -20.865113 -63.906891 -6.243938 1.610008 4.808602 5.960953 15.072704 5.601789 -24.233205 -45.945644 17.973281 5.081121 60.401317 -2.092799 -8.826290 -21.290382 -2.076704 0.000000 0.000000 0.000000 19.222738 -46.608391 -11.684045 -3.203579 58.590515 1.764509 -10.398207 -21.523332 6.360887 0.000000 0.000000 0.000000
-17.464731 86.702451 -240.577402 0.364153 11.273784 -0.064707 -0.908073 8.148877 0.281106 -0.407484 3.621170 0.140593 -0.407484 3.621170 0.140593 -0.306345 2.715785 0.107827 2.397006 12.608585 -0.246284 4.666829 -12.720913 -1.470249 7.943635 12.439087 8.472704 26.697951 -33.279632 60.345078 -3.566427 13.862332 -4.598793 -1.372482 16.914769 -6.182948 -6.860750 8.678066 -8.233684 -29.538308 -20.894189 -63.935087 -6.188649 1.638683 4.780151 5.958295 15.077746 5.593877 -24.263608 -45.959599 18.002229 5.073705 60.424718 -2.108247 -8.847075 -21.295793 -2.075814 0.000000 0.000000 0.000000 19.185464 -46.639585 -11.665192 -3.207951 58.615657 1.742995 -10.397819 -21.518177 6.363492 -0.000000 0.000000 -0.000000
-17.478928 86.686301 -240.599936 0.390782 11.269219 -0.063839 -0.918178 8.126007 0.291533 -0.412138 3.610979 0.145350 -0.412138 3.610979 0.145350 -0.309861 2.708138 0.111414 2.396527 12.628900 -0.245823 4.664963 -12.683244 -1.468277 7.963619 12.495380 8.473090 26.707644 -33.279359 60.328535 -3.615602 13.789049 -4.606032 -1.403547 16.908666 -6.169123 -6.863780 8.744307 -8.239524 -29.498584 -20.943613 -63.965810 -6.137164 1.693148 4.759122 5.952311 15.063444 5.589687 -24.309799 -45.971641 18.044258 5.067206 60.448501 -2.128859 -8.863933 -21.302419 -2.076444 -0.000000 0.000000 -0.000000 19.153877 -46.674327 -11.647725 -3.221360 58.643529 1.716427 -10.396925 -21.513666 6.365322 -0.000000 0.000000 0.000000
-17.494372 86.672414 -240.623644 0.418021 11.265535 -0.062851 -0.926911 8.106507 0.301436 -0.416176 3.602287 0.149855 -0.416176 3.602287 0.149855 -0.312913 2.701615 0.114810 2.396590 12.644511 -0.243742 4.663634 -12.654356 -1.463659 7.980821 12.547727 8.475373 26.701296 -33.289971 60.320889 -3.656882 13.740501 -4.614054 -1.429718 16.917304 -6.159439 -6.866503 8.809509 -8.242430 -29.492593 -20.987281 -63.981444 -6.091097 1.728442 4.747982 5.948300 15.052330 5.587492 -24.350482 -45.983702 18.079763 5.057406 60.466672 -2.145035 -8.877520 -21.306209 -2.077524 0.000000 0.000000 0.000000 19.136626 -46.705484 -11.643766 -3.240951 58.665203 1.698857 -10.394254 -21.505394 6.363099 0.000000 -0.000000 0.000000
-17.511213 86.661894 -240.648689 0.448771 11.261784 -0.060736 -0.934953 8.092998 0.310506 -0.419894 3.596259 0.153991 -0.419894 3.596259 0.153991 -0.315724 2.697090 0.117929 2.398112 12.652352 -0.238653 4.664116 -12.639964 -1.454265 7.993062 12.593113 8.478865 26.651847 -33.323594 60.334803 -3.685523 13.752557 -4.622519 -1.447883 16.950763 -6.153163 -6.868184 8.870538 -8.239894 -29.548439 -21.013239 -63.972147 -6.049888 1.722815 4.751793 5.949662 15.052989 5.589113 -24.375653 -45.996406 18.098605 5.041663 60.477319 -2.151730 -8.890359 -21.306532 -2.078295 -0.000000 0.000000 -0.000000 19.145682 -46.728661 -11.665723 -3.268664 58.677412 1.700190 -10.392095 -21.491589 6.354674 0.000000 -0.000000 0.000000
-17.529301 86.653637 -240.674907 0.480130 11.258912 -0.058500 -0.941618 8.082857 0.319055 -0.422994 3.591730 0.157877 -0.422994 3.591730 0.157877 -0.318070 2.693690 0.120858 2.400179 12.655488 -0.231943 4.665137 -12.634356 -1.442223 8.002523 12.634548 8.484234 26.586320 -33.368109 60.357680 -3.706312 13.789351 -4.631870 -1.461150 16.998950 -6.151033 -6.869538 8.930527 -8.234407 -29.638087 -21.033435 -63.947613 -6.014095 1.697991 4.765359 5.953007 15.056831 5.592736 -24.395299 -46.009141 18.110908 5.022632 60.482347 -2.153982 -8.899929 -21.304021 -2.079516 -0.000000 0.000000 -0.000000 19.169134 -46.748233 -11.701243 -3.302568 58.683424 1.710512 -10.388165 -21.474020 6.342199 0.000000 -0.000000 0.000000
-17.547058 86.647632 -240.702765 0.503157 11.258763 -0.057477 -0.943696 8.073810 0.327195 -0.424053 3.587692 0.161504 -0.424053 3.587692 0.161504 -0.318885 2.690658 0.123581 2.401820 12.657006 -0.224903 4.665272 -12.631780 -1.429445 8.012199 12.673070 8.489604 26.556257 -33.398414 60.364486 -3.719896 13.796098 -4.641904 -1.468334 17.036847 -6.150133 -6.871850 8.984930 -8.229818 -29.724324 -21.057679 -63.919474 -5.987020 1.674232 4.775729 5.953453 15.060632 5.591202 -24.418097 -46.021991 18.127464 5.004059 60.481482 -2.157293 -8.899329 -21.296518 -2.082398 -0.000000 0.000000 0.000000 19.179800 -46.770252 -11.725299 -3.333957 58.684118 1.714201 -10.374335 -21.453594 6.328844 0.000000 -0.000000 0.000000
-17.563973 86.643873 -240.732202 0.515608 11.263041 -0.057565 -0.940170 8.063301 0.334968 -0.422621 3.583008 0.164868 -0.422621 3.583008 0.164868 -0.317830 2.687143 0.126091 2.403004 12.659144 -0.217900 4.664527 -12.628067 -1.416521 8.025470 12.713180 8.492599 26.590229 -33.399161 60.342277 -3.724982 13.741192 -4.652458 -1.466738 17.049674 -6.149479 -6.875702 9.033575 -8.228328 -29.793186 -21.089010 -63.890005 -5.969816 1.660588 4.774481 5.946616 15.064408 5.577059 -24.453179 -46.034715 18.155838 4.990043 60.474814 -2.164543 -8.885620 -21.283935 -2.087143 0.000000 0.000000 0.000000 19.164636 -46.797250 -11.729108 -3.361985 58.678460 1.704253 -10.343875 -21.430327 6.315382 0.000000 0.000000 0.000000
-17.580556 86.642367 -240.763278 0.519727 11.270043 -0.058863 -0.932054 8.053887 0.342334 -0.419147 3.578815 0.167974 -0.419147 3.578815 0.167974 -0.315243 2.683998 0.128397 2.403762 12.659663 -0.210566 4.662898 -12.627388 -1.402864 8.038958 12.750378 8.495601 26.659671 -33.385632 60.303941 -3.722817 13.656251 -4.663683 -1.459047 17.052213 -6.150027 -6.880511 9.076635 -8.227738 -29.858642 -21.124392 -63.856951 -5.961332 1.648019 4.770084 5.936871 15.068136 5.557757 -24.491432 -46.047539 18.188488 4.976509 60.462256 -2.172829 -8.861753 -21.266349 -2.093532 0.000000 0.000000 0.000000 19.136629 -46.826717 -11.721386 -3.387448 58.667480 1.687726 -10.303530 -21.404186 6.301061 0.000000 0.000000 0.000000
-17.596774 86.643127 -240.796642 0.513301 11.276503 -0.063005 -0.919188 8.050970 0.349285 -0.413563 3.577514 0.170826 -0.413563 3.577514 0.170826 -0.311072 2.683022 0.130502 2.403229 12.654938 -0.203089 4.658942 -12.636496 -1.388623 8.045518 12.772194 8.503855 26.730526 -33.378718 60.263040 -3.717848 13.581331 -4.675820 -1.452142 17.063795 -6.151756 -6.885820 9.110070 -8.225309 -29.925377 -21.164566 -63.825189 -5.961417 1.629664 4.774962 5.932486 15.068546 5.548488 -24.514170 -46.061258 18.213547 4.954939 60.443272 -2.178972 -8.829671 -21.241843 -2.102140 0.000000 0.000000 0.000000 19.107620 -46.857176 -11.703337 -3.404086 58.655150 1.670104 -10.265370 -21.376011 6.286767 0.000000 -0.000000 0.000000
-17.613035 86.646634 -240.833068 0.494988 11.280093 -0.070893 -0.901667 8.058739 0.355766 -0.405912 3.580968 0.173409 -0.405912 3.580968 0.173409 -0.305352 2.685612 0.132396 2.401598 12.642522 -0.194968 4.652908 -12.659944 -1.373033 8.043224 12.769896 8.519671 26.792466 -33.388329 60.224066 -3.715284 13.530028 -4.690209 -1.451303 17.100686 -6.153939 -6.890903 9.131234 -8.218711 -29.994314 -21.215542 -63.797426 -5.967049 1.601204 4.793646 5.940136 15.063030 5.559746 -24.508727 -46.076096 18.223402 4.913155 60.416769 -2.187229 -8.788327 -21.208795 -2.111748 0.000000 0.000000 0.000000 19.070582 -46.889375 -11.665861 -3.399216 58.643193 1.655098 -10.235432 -21.345209 6.272429 0.000000 0.000000 0.000000
-17.628930 86.652408 -240.871782 0.466129 11.283137 -0.081627 -0.879391 8.073005 0.361833 -0.396150 3.587314 0.175737 -0.396150 3.587314 0.175737 -0.298048 2.690373 0.134088 2.398680 12.624861 -0.186707 4.644554 -12.693177 -1.356863 8.034009 12.752210 8.540715 26.855887 -33.404555 60.182482 -3.709934 13.488757 -4.705525 -1.451243 17.146620 -6.157269 -6.896473 9.142773 -8.210278 -30.064559 -21.271302 -63.770910 -5.981257 1.566981 4.821641 5.953151 15.054220 5.581043 -24.487755 -46.091846 18.225649 4.863350 60.383848 -2.193319 -8.738800 -21.168806 -2.123537 -0.000000 -0.000000 0.000000 19.032482 -46.922529 -11.617997 -3.385499 58.629885 1.639020 -10.207677 -21.312381 6.258115 0.000000 -0.000000 0.000000
-17.643188 86.659021 -240.911103 0.428537 11.289341 -0.094139 -0.851912 8.086609 0.367645 -0.384077 3.593371 0.177858 -0.384077 3.593371 0.177858 -0.289011 2.694918 0.135611 2.393034 12.605666 -0.179989 4.631703 -12.729288 -1.342555 8.016514 12.732848 8.565259 26.917870 -33.418630 60.138266 -3.690666 13.456810 -4.717995 -1.442998 17.172131 -6.163851 -6.904227 9.148592 -8.204274 -30.138044 -21.314528 -63.742342 -6.012947 1.533128 4.857833 5.959791 15.046710 5.596091 -24.470554 -46.108667 18.231232 4.833499 60.347277 -2.181320 -8.686216 -21.124794 -2.141685 0.000000 -0.000000 0.000000 19.026242 -46.952912 -11.588261 -3.394727 58.614031 1.616213 -10.176060 -21.280171 6.244905 0.000000 -0.000000 0.000000
-17.655164 86.665784 -240.949212 0.380395 11.300197 -0.108258 -0.816418 8.094129 0.372872 -0.368438 3.596733 0.179568 -0.368438 3.596733 0.179568 -0.277296 2.697443 0.136802 2.382263 12.588641 -0.175757 4.610048 -12.761446 -1.330741 7.985912 12.718624 8.592389 26.963512 -33.429593 60.100234 -3.648927 13.448978 -4.723563 -1.420099 17.158126 -6.176490 -6.915479 9.149431 -8.201804 -30.227019 -21.331040 -63.706627 -6.060799 1.496041 4.903338 5.952400 15.048413 5.592865 -24.465135 -46.126053 18.243380 4.840177 60.308357 -2.138288 -8.630156 -21.078205 -2.170256 0.000000 -0.000000 0.000000 19.081580 -46.976077 -11.596662 -3.449128 58.595538 1.582106 -10.140254 -21.251449 6.234472 -0.000000 -0.000000 0.000000
-17.665503 86.673386 -240.987928 0.323515 11.314203 -0.124168 -0.775722 8.100986 0.377834 -0.350489 3.599805 0.181067 -0.350489 3.599805 0.181067 -0.263848 2.699751 0.137822 2.368762 12.570083 -0.173065 4.583887 -12.796477 -1.320776 7.947034 12.702729 8.623039 27.007697 -33.438434 60.059597 -3.593284 13.450474 -4.726255 -1.389036 17.123719 -6.192480 -6.928922 9.144553 -8.201764 -30.319178 -21.334994 -63.668939 -6.126108 1.459384 4.957126 5.938631 15.051379 5.583380 -24.463507 -46.144501 18.258888 4.866643 60.265799 -2.077296 -8.571073 -21.027565 -2.205154 -0.000000 -0.000000 0.000000 19.168899 -46.996498 -11.623329 -3.526458 58.574486 1.541281 -10.100581 -21.223345 6.225149 0.000000 -0.000000 0.000000
-17.674869 86.682470 -241.031028 0.265141 11.330590 -0.141341 -0.737809 8.116279 0.383670 -0.333794 3.606624 0.183013 -0.333794 3.606624 0.183013 -0.251344 2.704869 0.139187 2.358282 12.542595 -0.170762 4.563951 -12.847960 -1.313185 7.913025 12.678441 8.658273 27.092149 -33.439219 59.989954 -3.538311 13.416235 -4.734545 -1.360274 17.096731 -6.205611 -6.942334 9.135649 -8.205092 -30.379638 -21.351612 -63.641347 -6.221718 1.440211 5.014808 5.929762 15.036448 5.587451 -24.460969 -46.165669 18.279054 4.890916 60.218492 -2.021437 -8.515384 -20.971439 -2.238335 0.000000 0.000000 0.000000 19.232171 -47.023902 -11.636980 -3.591794 58.549942 1.501809 -10.051974 -21.189879 6.213029 0.000000 0.000000 0.000000
-17.683120 86.692541 -241.080140 0.209201 11.347815 -0.160961 -0.709211 8.146208 0.392031 -0.321281 3.619936 0.186261 -0.321281 3.619936 0.186261 -0.241985 2.714855 0.141555 2.355201 12.501254 -0.169748 4.559136 -12.924844 -1.311718 7.893731 12.638998 8.697896 27.260699 -33.416546 59.864948 -3.486350 13.308040 -4.753769 -1.334574 17.091990 -6.205844 -6.951655 9.122367 -8.213935 -30.371469 -21.398236 -63.639737 -6.369111 1.456184 5.078565 5.933754 14.988198 5.619237 -24.458864 -46.188589 18.306583 4.903016 60.166740 -1.981652 -8.465267 -20.909470 -2.266500 0.000000 -0.000000 0.000000 19.249390 -47.062801 -11.623679 -3.636006 58.524398 1.461666 -9.992740 -21.150096 6.199949 0.000000 -0.000000 0.000000
-17.690398 86.704094 -241.133636 0.151765 11.367415 -0.181852 -0.683385 8.184576 0.401249 -0.310021 3.636997 0.189945 -0.310021 3.636997 0.189945 -0.233569 2.727652 0.144258 2.355156 12.450985 -0.169122 4.560592 -13.018180 -1.312644 7.879367 12.591163 8.742130 27.469269 -33.385226 59.711093 -3.435061 13.164144 -4.778877 -1.311157 17.094631 -6.203139 -6.960961 9.105057 -8.226133 -30.331617 -21.457613 -63.648357 -6.546830 1.489837 5.145854 5.942647 14.922173 5.664720 -24.455868 -46.214223 18.338783 4.912969 60.110233 -1.946958 -8.418550 -20.842036 -2.292941 0.000000 -0.000000 0.000000 19.242447 -47.108674 -11.597218 -3.668180 58.495353 1.422933 -9.924601 -21.104930 6.184112 0.000000 -0.000000 0.000000
-17.697791 86.719245 -241.190412 0.088293 11.393242 -0.199943 -0.648722 8.221892 0.407477 -0.294793 3.653603 0.192141 -0.294793 3.653603 0.192141 -0.222170 2.740111 0.145822 2.350783 12.399154 -0.165041 4.552402 -13.114707 -1.305232 7.853640 12.548491 8.792685 27.628132 -33.385081 59.580913 -3.391961 13.054198 -4.802605 -1.298158 17.087971 -6.221230 -6.980216 9.086466 -8.236142 -30.336086 -21.503065 -63.631528 -6.703307 1.505383 5.205538 5.943906 14.865641 5.701388 -24.443272 -46.247149 18.368852 4.928831 60.046940 -1.907543 -8.375121 -20.768825 -2.319506 0.000000 -0.000000 0.000000 19.221122 -47.157727 -11.567842 -3.680729 58.454413 1.399848 -9.847633 -21.051219 6.156171 -0.000000 0.000000 -0.000000
-17.707474 86.737854 -241.249729 0.017328 11.426263 -0.212694 -0.597271 8.255606 0.408060 -0.272021 3.668632 0.191526 -0.272021 3.668633 0.191526 -0.205097 2.751391 0.145230 2.337697 12.347087 -0.153761 4.524558 -13.212266 -1.280425 7.803697 12.520042 8.857636 27.676633 -33.451513 59.503483 -3.356952 13.027705 -4.822519 -1.303621 17.061815 -6.283068 -7.017799 9.069007 -8.240367 -30.439296 -21.513783 -63.562126 -6.823879 1.481500 5.257755 5.928351 14.825423 5.721064 -24.415656 -46.291527 18.387890 4.984440 59.981014 -1.822236 -8.345986 -20.695237 -2.355660 0.000000 0.000000 0.000000 19.176379 -47.210295 -11.528309 -3.675835 58.399832 1.384080 -9.757662 -20.989031 6.114979 0.000000 0.000000 -0.000000
-17.717272 86.760062 -241.312325 -0.059678 11.465520 -0.222680 -0.537008 8.288271 0.405629 -0.245289 3.683206 0.189408 -0.245289 3.683207 0.189408 -0.185047 2.762331 0.143487 2.320277 12.293449 -0.139025 4.487006 -13.313023 -1.247227 7.742459 12.496751 8.929010 27.675892 -33.549820 59.449573 -3.330097 13.035140 -4.840712 -1.319329 17.026402 -6.365706 -7.065313 9.050288 -8.242330 -30.586745 -21.510218 -63.467049 -6.923161 1.439346 5.302865 5.905208 14.794609 5.731874 -24.378426 -46.343210 18.404775 5.045663 59.908258 -1.732485 -8.320154 -20.615880 -2.391941 -0.000000 0.000000 -0.000000 19.117144 -47.266005 -11.485690 -3.651306 58.333364 1.384036 -9.658951 -20.918229 6.061762 0.000000 0.000000 0.000000
-17.721746 86.788411 -241.379310 -0.142903 11.511972 -0.233517 -0.480215 8.318039 0.404266 -0.220113 3.696487 0.187815 -0.220113 3.696487 0.187815 -0.166165 2.772299 0.142145 2.304306 12.241616 -0.128203 4.453767 -13.410210 -1.221984 7.692195 12.464970 8.984397 27.719122 -33.614913 59.383721 -3.319130 12.997578 -4.856656 -1.329182 16.995709 -6.424072 -7.107555 9.025828 -8.247180 -30.691260 -21.527875 -63.391422 -6.993542 1.406642 5.330188 5.889553 14.779793 5.735570 -24.339112 -46.394312 18.439376 5.019285 59.814243 -1.751754 -8.264526 -20.514240 -2.401702 -0.000000 -0.000000 0.000000 19.080310 -47.320100 -11.471893 -3.593297 58.251928 1.438793 -9.564270 -20.835335 5.990747 0.000000 -0.000000 0.000000
-17.718869 86.824634 -241.452033 -0.235727 11.568314 -0.248764 -0.429857 8.342735 0.405894 -0.197841 3.707505 0.187652 -0.197840 3.707505 0.187652 -0.149468 2.780568 0.141891 2.291490 12.192848 -0.123882 4.429171 -13.501335 -1.210324 7.661170 12.417875 9.011481 27.853292 -33.614319 59.290176 -3.330976 12.867627 -4.868747 -1.326462 16.966865 -6.438808 -7.137005 8.992459 -8.257963 -30.694041 -21.591755 -63.363279 -7.032663 1.405910 5.329839 5.889166 14.790221 5.729908 -24.295932 -46.440727 18.504274 4.859158 59.687468 -1.940159 -8.161164 -20.384544 -2.371108 0.000000 -0.000000 -0.000000 19.082628 -47.373357 -11.500804 -3.500630 58.153868 1.563986 -9.475091 -20.738766 5.898556 0.000000 -0.000000 0.000000
-17.710667 86.866999 -241.529146 -0.334793 11.631837 -0.264923 -0.382964 8.364534 0.408570 -0.177121 3.717232 0.188008 -0.177121 3.717232 0.188008 -0.133939 2.787870 0.142035 2.280134 12.145891 -0.123449 4.408933 -13.588894 -1.206610 7.641025 12.362285 9.022481 28.031016 -33.580058 59.184784 -3.358609 12.692629 -4.878497 -1.318065 16.942714 -6.429277 -7.161196 8.953326 -8.271665 -30.653988 -21.677227 -63.354814 -7.042905 1.414513 5.311437 5.896251 14.816632 5.717053 -24.250624 -46.486548 18.586839 4.614579 59.538771 -2.234570 -8.027971 -20.232688 -2.313666 0.000000 0.000000 0.000000 19.107502 -47.425117 -11.558736 -3.375605 58.040802 1.743010 -9.390110 -20.630059 5.788657 0.000000 -0.000000 0.000000
-17.697783 86.912855 -241.607709 -0.430160 11.695420 -0.274993 -0.342917 8.388109 0.410594 -0.159427 3.727744 0.188196 -0.159427 3.727744 0.188196 -0.120677 2.795760 0.142071 2.270919 12.100351 -0.126466 4.394196 -13.673614 -1.210326 7.629038 12.305007 9.031710 28.204058 -33.543613 59.079066 -3.388859 12.535753 -4.890257 -1.308498 16.945811 -6.408511 -7.187505 8.913403 -8.284364 -30.660712 -21.745614 -63.327082 -7.023845 1.392444 5.293423 5.902452 14.837884 5.705318 -24.216068 -46.536152 18.669208 4.335493 59.387390 -2.563585 -7.885602 -20.059574 -2.243804 0.000000 0.000000 0.000000 19.141908 -47.468536 -11.636385 -3.209976 57.914483 1.966186 -9.317920 -20.510457 5.665529 0.000000 -0.000000 0.000000
-17.677024 86.962225 -241.687380 -0.519976 11.756895 -0.273007 -0.310361 8.416849 0.410120 -0.145011 3.740547 0.187412 -0.145011 3.740547 0.187411 -0.109868 2.805366 0.141397 2.262971 12.054185 -0.133068 4.383429 -13.759312 -1.221450 7.626286 12.247059 9.042058 28.365868 -33.511580 58.970793 -3.419539 12.417894 -4.907589 -1.297740 17.002401 -6.371400 -7.223065 8.874816 -8.294432 -30.764249 -21.779758 -63.258113 -6.966963 1.315404 5.284928 5.904860 14.841524 5.699952 -24.196238 -46.591969 18.742997 4.034771 59.238201 -2.914109 -7.733656 -19.864539 -2.163602 0.000000 0.000000 -0.000000 19.194789 -47.496864 -11.747134 -3.014962 57.773616 2.223964 -9.245307 -20.382062 5.529857 0.000000 0.000000 0.000000
-17.651584 87.015086 -241.768503 -0.606062 11.818469 -0.264909 -0.284666 8.447372 0.409005 -0.133628 3.754136 0.186466 -0.133628 3.754135 0.186465 -0.101332 2.815561 0.140621 2.257165 12.009434 -0.143116 4.378189 -13.842176 -1.240018 7.631707 12.187438 9.050586 28.522982 -33.477373 58.862192 -3.452876 12.318141 -4.926935 -1.285790 17.086254 -6.323084 -7.260719 8.835421 -8.303428 -30.914527 -21.796432 -63.169496 -6.880886 1.207649 5.276411 5.906353 14.840016 5.695692 -24.187237 -46.651512 18.816707 3.700596 59.085681 -3.298177 -7.572400 -19.648190 -2.071072 0.000000 0.000000 0.000000 19.257198 -47.516854 -11.877661 -2.780898 57.619044 2.524421 -9.185603 -20.242736 5.381054 0.000000 -0.000000 0.000000
-17.631689 87.068721 -241.849167 -0.683982 11.879576 -0.261529 -0.267290 8.474185 0.411139 -0.125988 3.766067 0.187107 -0.125988 3.766067 0.187107 -0.095611 2.824512 0.141057 2.256800 11.971832 -0.155784 4.384241 -13.911483 -1.265638 7.639389 12.129919 9.062913 28.647192 -33.453058 58.771157 -3.482406 12.236984 -4.942227 -1.277263 17.141189 -6.291972 -7.286409 8.793802 -8.312240 -31.051094 -21.807987 -63.087465 -6.790913 1.102063 5.258508 5.907227 14.849621 5.685085 -24.190212 -46.711774 18.897876 3.344001 58.934059 -3.683888 -7.423505 -19.413089 -1.974929 0.000000 0.000000 0.000000 19.289267 -47.541948 -11.978529 -2.468434 57.455371 2.883967 -9.187160 -20.087594 5.221450 0.000000 -0.000000 0.000000
-17.625319 87.126944 -241.932977 -0.749064 11.943203 -0.268704 -0.261863 8.495158 0.418345 -0.123732 3.775390 0.190210 -0.123732 3.775390 0.190210 -0.093942 2.831505 0.143372 2.265205 11.945323 -0.171906 4.408174 -13.959764 -1.301173 7.650618 12.072902 9.083856 28.728789 -33.445922 58.702772 -3.507894 12.176755 -4.950841 -1.274720 17.136891 -6.292391 -7.293119 8.746621 -8.320699 -31.162428 -21.814553 -63.013469 -6.697755 1.001478 5.224554 5.907443 14.881417 5.662700 -24.217892 -46.771367 19.005187 2.930354 58.773110 -4.097883 -7.288797 -19.133187 -1.872900 -0.000000 0.000000 0.000000 19.258179 -47.578610 -12.024978 -1.984016 57.262974 3.385814 -9.299704 -19.894385 5.024545 -0.000000 -0.000000 0.000000
-17.624495 87.185941 -242.016328 -0.805996 12.006341 -0.280570 -0.264717 8.512422 0.428846 -0.125204 3.783054 0.194925 -0.125204 3.783054 0.194925 -0.095077 2.837251 0.146916 2.279015 11.925970 -0.190693 4.443353 -13.994455 -1.343840 7.664120 12.018010 9.108619 28.777694 -33.449010 58.651861 -3.529634 12.135140 -4.955535 -1.275562 17.103650 -6.309970 -7.287860 8.697230 -8.329065 -31.260014 -21.816188 -62.946237 -6.600665 0.903165 5.181226 5.907053 14.924362 5.634034 -24.257672 -46.831632 19.120077 2.495065 58.612520 -4.512766 -7.166310 -18.834218 -1.767945 0.000000 -0.000000 -0.000000 19.196628 -47.620367 -12.041545 -1.425142 57.059326 3.942707 -9.473741 -19.686065 4.816230 -0.000000 -0.000000 0.000000
-17.615500 87.231554 -242.086502 -0.864384 12.059413 -0.290399 -0.266352 8.526875 0.441129 -0.126167 3.789469 0.200405 -0.126167 3.789469 0.200405 -0.095835 2.842061 0.151032 2.291503 11.907696 -0.208880 4.475724 -14.027197 -1.384763 7.670123 11.973825 9.128433 28.795216 -33.453158 58.620887 -3.541956 12.105686 -4.958343 -1.276809 17.076175 -6.330085 -7.277624 8.654257 -8.338942 -31.318040 -21.825564 -62.908041 -6.522670 0.831682 5.139840 5.906501 14.961525 5.608007 -24.272614 -46.893786 19.194074 2.150460 58.488055 -4.819250 -7.072253 -18.596516 -1.676423 0.000000 -0.000000 -0.000000 19.163181 -47.661279 -12.052913 -1.032657 56.907468 4.321582 -9.608162 -19.525142 4.677529 0.000000 0.000000 0.000000
-17.592247 87.258179 -242.138076 -0.927446 12.099361 -0.295511 -0.264169 8.537986 0.455251 -0.125470 3.794401 0.206628 -0.125470 3.794401 0.206628 -0.095353 2.845759 0.155694 2.299990 11.889113 -0.226039 4.500028 -14.060681 -1.422035 7.662033 11.943656 9.138362 28.767543 -33.459722 58.620696 -3.536150 12.092878 -4.960045 -1.278433 17.067022 -6.352281 -7.262715 8.619641 -8.350235 -31.306800 -21.856166 -62.918412 -6.471981 0.806741 5.100046 5.907066 14.988606 5.586501 -24.233959 -46.962469 19.194333 1.942281 58.416179 -4.958570 -7.022993 -18.456020 -1.603291 0.000000 -0.000000 -0.000000 19.179185 -47.702243 -12.061496 -0.915340 56.839276 4.408834 -9.666008 -19.437700 4.652002 0.000000 0.000000 -0.000000
-17.560824 87.271419 -242.176471 -0.991946 12.129252 -0.298554 -0.260772 8.546292 0.471157 -0.124266 3.798087 0.213618 -0.124266 3.798087 0.213618 -0.094495 2.848522 0.160928 2.307180 11.871610 -0.242578 4.521557 -14.092224 -1.457531 7.646403 11.924153 9.143350 28.708476 -33.467426 58.640427 -3.520952 12.092255 -4.959834 -1.280463 17.063635 -6.377026 -7.242831 8.591463 -8.363081 -31.256000 -21.894630 -62.957986 -6.440324 0.808600 5.062614 5.907483 15.009878 5.567593 -24.170205 -47.033153 19.153405 1.820290 58.382287 -4.993872 -7.002377 -18.376964 -1.543327 0.000000 0.000000 0.000000 19.223473 -47.742300 -12.065117 -0.957891 56.825414 4.324373 -9.683549 -19.397077 4.696319 0.000000 -0.000000 -0.000000
-17.525781 87.273925 -242.205239 -1.057804 12.148703 -0.300779 -0.254482 8.554291 0.487147 -0.121781 3.801639 0.220591 -0.121781 3.801639 0.220591 -0.092676 2.851186 0.166141 2.314444 11.853273 -0.256460 4.542131 -14.125416 -1.488023 7.633168 11.913907 9.149435 28.660708 -33.463137 58.649959 -3.516836 12.083925 -4.957386 -1.280158 17.063072 -6.391126 -7.224069 8.572547 -8.379421 -31.229064 -21.913483 -62.990519 -6.426026 0.802556 5.040620 5.904363 15.021234 5.554432 -24.130381 -47.093399 19.121001 1.751164 58.376278 -5.000396 -6.977950 -18.332302 -1.497190 0.000000 0.000000 0.000000 19.290988 -47.772765 -12.081781 -1.060810 56.839303 4.189641 -9.669196 -19.386180 4.761555 0.000000 -0.000000 0.000000
-17.485845 87.264339 -242.223518 -1.129055 12.156663 -0.302574 -0.243517 8.561413 0.503063 -0.117224 3.804808 0.227445 -0.117224 3.804807 0.227445 -0.089303 2.853563 0.171252 2.322926 11.833311 -0.267029 4.563686 -14.161712 -1.512783 7.625464 11.914740 9.157672 28.643172 -33.437169 58.633190 -3.530853 12.058814 -4.948876 -1.273130 17.064466 -6.382766 -7.208687 8.566222 -8.400638 -31.262498 -21.890534 -63.001960 -6.434993 0.768551 5.044862 5.893787 15.017552 5.548030 -24.139145 -47.137716 19.115557 1.737781 58.400583 -4.993870 -6.931546 -18.322099 -1.468622 0.000000 0.000000 0.000000 19.399802 -47.786916 -12.129913 -1.223399 56.878253 4.022443 -9.613505 -19.408889 4.840784 0.000000 -0.000000 -0.000000
-17.442289 87.244019 -242.232169 -1.201652 12.154186 -0.303514 -0.229669 8.568231 0.519065 -0.111390 3.807845 0.234282 -0.111390 3.807845 0.234282 -0.084973 2.855841 0.176342 2.331495 11.812523 -0.274939 4.584307 -14.199647 -1.532539 7.620113 11.924842 9.166969 28.636887 -33.399210 58.606210 -3.555958 12.025988 -4.938153 -1.263856 17.068714 -6.363775 -7.194463 8.569156 -8.425350 -31.319853 -21.848040 -63.006289 -6.461324 0.726610 5.064559 5.879663 15.003939 5.547368 -24.171978 -47.171597 19.118815 1.777302 58.452736 -4.958592 -6.881325 -18.346368 -1.453777 0.000000 -0.000000 0.000000 19.531828 -47.791426 -12.191074 -1.447218 56.944615 3.804076 -9.526053 -19.461456 4.940978 -0.000000 0.000000 -0.000000
-17.403486 87.219688 -242.237325 -1.263400 12.144035 -0.303638 -0.216616 8.578947 0.533917 -0.105892 3.812615 0.240626 -0.105892 3.812615 0.240626 -0.080893 2.859420 0.181064 2.338102 11.791374 -0.280117 4.600016 -14.238435 -1.546246 7.617603 11.937383 9.180142 28.627717 -33.365206 58.587170 -3.591452 11.992714 -4.936470 -1.262910 17.075498 -6.356440 -7.180775 8.574173 -8.451344 -31.355197 -21.825264 -63.009112 -6.485660 0.702143 5.080278 5.870325 14.991635 5.552534 -24.204301 -47.199098 19.125598 1.828302 58.515034 -4.922168 -6.849298 -18.377966 -1.441970 0.000000 -0.000000 0.000000 19.627765 -47.797806 -12.227962 -1.635898 57.019806 3.601535 -9.443734 -19.515387 5.034019 0.000000 -0.000000 0.000000
-17.373140 87.192681 -242.240758 -1.310120 12.125481 -0.302367 -0.206698 8.596872 0.546906 -0.101757 3.820587 0.246203 -0.101757 3.820587 0.246203 -0.077831 2.865400 0.185221 2.343138 11.768388 -0.283000 4.611807 -14.280791 -1.554973 7.623264 11.952526 9.199827 28.616365 -33.341695 58.579678 -3.642511 11.958104 -4.954788 -1.279451 17.085865 -6.375738 -7.165340 8.583578 -8.480598 -31.339810 -21.847493 -63.012640 -6.504825 0.714715 5.084179 5.869900 14.985271 5.567872 -24.231877 -47.219329 19.138461 1.885688 58.583431 -4.891782 -6.846632 -18.409263 -1.430225 0.000000 0.000000 0.000000 19.652494 -47.812771 -12.215276 -1.748313 57.101532 3.433903 -9.377549 -19.560348 5.109764 0.000000 0.000000 0.000000
-17.347549 87.161662 -242.240697 -1.345988 12.099256 -0.300266 -0.197580 8.618683 0.558745 -0.097961 3.830287 0.251286 -0.097961 3.830287 0.251286 -0.075020 2.872675 0.189009 2.346202 11.745034 -0.283158 4.618664 -14.324015 -1.557653 7.631775 11.970113 9.223396 28.602145 -33.322116 58.580145 -3.703883 11.922940 -4.982121 -1.304297 17.098671 -6.406741 -7.150457 8.595070 -8.511136 -31.302376 -21.889421 -63.014729 -6.522008 0.744756 5.084060 5.874247 14.980215 5.589022 -24.258895 -47.233169 19.154772 1.954688 58.661956 -4.860063 -6.862176 -18.447913 -1.421501 0.000000 0.000000 0.000000 19.641074 -47.829649 -12.178275 -1.825435 57.192325 3.282270 -9.316441 -19.606667 5.178321 0.000000 0.000000 0.000000
-17.323970 87.129346 -242.237955 -1.371342 12.070323 -0.299111 -0.185925 8.638630 0.570348 -0.093037 3.839161 0.256216 -0.093037 3.839161 0.256216 -0.071363 2.879333 0.192675 2.344041 11.726199 -0.279221 4.613564 -14.359226 -1.550032 7.627671 11.982826 9.245781 28.568904 -33.302788 58.595889 -3.759281 11.897062 -4.996875 -1.320480 17.110361 -6.426850 -7.142328 8.594551 -8.534811 -31.283095 -21.914390 -63.014299 -6.527409 0.758970 5.083904 5.879301 14.973813 5.602992 -24.273390 -47.247345 19.161547 2.009079 58.745070 -4.833045 -6.884484 -18.489684 -1.414001 0.000000 0.000000 0.000000 19.639574 -47.839974 -12.155598 -1.893165 57.281214 3.157530 -9.264142 -19.656727 5.241987 0.000000 -0.000000 0.000000
-17.301751 87.096216 -242.232244 -1.385642 12.039470 -0.300165 -0.168332 8.652823 0.581586 -0.085467 3.845487 0.260870 -0.085468 3.845487 0.260870 -0.065720 2.884080 0.196118 2.333843 11.717187 -0.267332 4.589233 -14.376838 -1.523255 7.600400 11.985951 9.265601 28.502993 -33.279058 58.635340 -3.802163 11.886973 -4.987000 -1.319634 17.116347 -6.426422 -7.144877 8.571236 -8.545424 -31.305665 -21.901317 -63.011190 -6.508622 0.736396 5.083971 5.884733 14.962685 5.601366 -24.259500 -47.265829 19.146756 2.031435 58.831653 -4.813637 -6.911492 -18.533306 -1.407798 0.000000 0.000000 0.000000 19.671953 -47.837603 -12.170213 -1.954480 57.363054 3.080095 -9.221761 -19.711999 5.296527 0.000000 0.000000 -0.000000
-17.281546 87.061788 -242.223853 -1.389428 12.005908 -0.302178 -0.148199 8.665142 0.592607 -0.076767 3.850984 0.265379 -0.076767 3.850984 0.265379 -0.059228 2.888205 0.199444 2.318399 11.712680 -0.251355 4.552899 -14.386446 -1.486173 7.560510 11.984188 9.284231 28.418119 -33.255519 58.689994 -3.839180 11.886281 -4.964631 -1.310138 17.121314 -6.415053 -7.154143 8.535893 -8.549186 -31.346408 -21.871296 -63.005526 -6.478031 0.698012 5.083995 5.890891 14.950222 5.592558 -24.233044 -47.284649 19.122399 2.039079 58.922842 -4.799021 -6.945282 -18.580041 -1.402799 0.000000 0.000000 0.000000 19.714290 -47.828691 -12.199166 -2.005926 57.443147 3.030036 -9.188195 -19.770977 5.346184 -0.000000 0.000000 0.000000
-17.262578 87.027329 -242.214463 -1.384669 11.972232 -0.303161 -0.132385 8.681487 0.604743 -0.070007 3.858265 0.270463 -0.070007 3.858265 0.270463 -0.054195 2.893668 0.203213 2.302865 11.701624 -0.241508 4.519291 -14.407941 -1.461080 7.524182 11.984336 9.300760 28.339123 -33.242410 58.741827 -3.873856 11.885540 -4.944473 -1.300157 17.135681 -6.399009 -7.164472 8.506761 -8.556537 -31.374480 -21.850890 -62.996481 -6.463026 0.673409 5.087231 5.894733 14.943922 5.588824 -24.229605 -47.298640 19.111564 2.057842 59.016496 -4.786735 -6.980622 -18.629464 -1.396971 0.000000 0.000000 0.000000 19.740912 -47.823277 -12.212280 -2.063943 57.526125 2.957559 -9.163886 -19.831572 5.406011 0.000000 -0.000000 0.000000
-17.244919 86.992267 -242.204345 -1.369691 11.937883 -0.301431 -0.122916 8.705968 0.618814 -0.066108 3.869154 0.276522 -0.066108 3.869154 0.276522 -0.051315 2.901836 0.207732 2.287274 11.676923 -0.242715 4.490871 -14.454298 -1.457731 7.495968 11.992577 9.313577 28.269920 -33.251257 58.786141 -3.907476 11.885253 -4.930752 -1.291656 17.168505 -6.376036 -7.177099 8.492419 -8.572509 -31.370312 -21.854079 -62.983069 -6.481173 0.680481 5.094821 5.893853 14.954362 5.594500 -24.275650 -47.303876 19.130942 2.105606 59.116498 -4.776157 -7.016564 -18.683560 -1.389211 0.000000 -0.000000 -0.000000 19.730757 -47.826680 -12.188909 -2.132616 57.617067 2.836505 -9.150184 -19.895537 5.485068 -0.000000 0.000000 -0.000000
-17.228498 86.957173 -242.193227 -1.346174 11.903418 -0.298688 -0.117764 8.734471 0.634002 -0.064148 3.881824 0.283157 -0.064149 3.881824 0.283157 -0.049894 2.911339 0.212695 2.271607 11.645681 -0.250050 4.465206 -14.512540 -1.466370 7.471325 12.002726 9.324313 28.206550 -33.270574 58.827760 -3.938740 11.884894 -4.919228 -1.282727 17.210733 -6.348420 -7.190803 8.484291 -8.592045 -31.353468 -21.866885 -62.966256 -6.514934 0.701310 5.105619 5.890636 14.970957 5.605246 -24.344726 -47.304284 19.163818 2.164551 59.218970 -4.767819 -7.054070 -18.740339 -1.380612 0.000000 -0.000000 -0.000000 19.704873 -47.833589 -12.149722 -2.208281 57.710826 2.692664 -9.145817 -19.961095 5.574357 0.000000 -0.000000 0.000000
-17.212329 86.925029 -242.181977 -1.321107 11.873113 -0.297999 -0.117712 8.760569 0.649158 -0.064447 3.893419 0.289874 -0.064447 3.893419 0.289874 -0.050166 2.920035 0.217733 2.260954 11.618161 -0.258953 4.449691 -14.563632 -1.480021 7.452810 12.003019 9.336926 28.162016 -33.276148 58.862925 -3.967232 11.873433 -4.911849 -1.275688 17.245581 -6.329230 -7.196235 8.474896 -8.610443 -31.351807 -21.873885 -62.948045 -6.539051 0.711773 5.119534 5.889235 14.969455 5.620311 -24.393088 -47.306533 19.183233 2.206922 59.310123 -4.761051 -7.090753 -18.793422 -1.372455 0.000000 0.000000 0.000000 19.700791 -47.838145 -12.126544 -2.295819 57.796669 2.554085 -9.147276 -20.020872 5.661841 0.000000 0.000000 0.000000
-17.195381 86.895929 -242.170409 -1.296895 11.848469 -0.301648 -0.126069 8.781160 0.664691 -0.068473 3.902555 0.296916 -0.068473 3.902555 0.296916 -0.053233 2.926884 0.223039 2.259216 11.599747 -0.269522 4.451653 -14.597434 -1.500336 7.443239 11.983531 9.353062 28.155838 -33.247443 58.884555 -3.996438 11.835804 -4.910783 -1.271689 17.272434 -6.323244 -7.184866 8.460580 -8.626290 -31.376390 -21.867691 -62.933087 -6.541790 0.704579 5.140275 5.892047 14.927512 5.644127 -24.400357 -47.313991 19.176490 2.221307 59.386193 -4.753574 -7.126542 -18.842347 -1.366261 0.000000 -0.000000 -0.000000 19.746200 -47.837331 -12.139090 -2.409313 57.873289 2.425879 -9.154816 -20.074220 5.746826 -0.000000 -0.000000 0.000000
-17.178684 86.869778 -242.158708 -1.271128 11.827987 -0.307345 -0.139526 8.799353 0.680174 -0.074756 3.910617 0.304034 -0.074755 3.910617 0.304033 -0.057993 2.932926 0.228415 2.262484 11.585059 -0.281657 4.463763 -14.624073 -1.525673 7.439800 11.954201 9.371063 28.168475 -33.204986 58.899703 -4.022803 11.787069 -4.913791 -1.269526 17.291884 -6.325662 -7.165218 8.445003 -8.641013 -31.416154 -21.855668 -62.916718 -6.534866 0.687027 5.164151 5.896686 14.867463 5.672241 -24.386909 -47.323288 19.156308 2.219004 59.450938 -4.747801 -7.161501 -18.887576 -1.360526 0.000000 -0.000000 0.000000 19.813420 -47.834149 -12.167626 -2.534496 57.942000 2.303108 -9.168145 -20.121757 5.830013 0.000000 0.000000 -0.000000
-17.164340 86.849270 -242.148297 -1.243581 11.811434 -0.311293 -0.148937 8.818034 0.693214 -0.079201 3.918902 0.309993 -0.079201 3.918902 0.309993 -0.061368 2.939137 0.232912 2.264126 11.568209 -0.290508 4.471416 -14.654919 -1.544106 7.436600 11.933058 9.389913 28.154421 -33.186155 58.925664 -4.035390 11.761414 -4.916250 -1.267923 17.288944 -6.335156 -7.153513 8.431649 -8.654173 -31.465772 -21.844495 -62.886926 -6.528181 0.656891 5.180018 5.900144 14.832086 5.690613 -24.370150 -47.331009 19.133887 2.206202 59.501849 -4.750225 -7.193436 -18.924115 -1.352011 -0.000000 0.000000 -0.000000 19.856960 -47.831815 -12.184844 -2.633342 57.996071 2.199105 -9.182854 -20.158025 5.901415 0.000000 0.000000 0.000000
-17.153617 86.835897 -242.139570 -1.213047 11.798226 -0.312734 -0.149502 8.838990 0.703510 -0.079679 3.928211 0.314568 -0.079679 3.928211 0.314568 -0.061761 2.946119 0.236346 2.261244 11.545776 -0.293586 4.468097 -14.696533 -1.549750 7.431552 11.931128 9.411985 28.069044 -33.219741 58.980086 -4.023752 11.793861 -4.916792 -1.266767 17.241396 -6.358234 -7.159075 8.423075 -8.666114 -31.529751 -21.836069 -62.832563 -6.525206 0.604980 5.180083 5.901317 14.848023 5.690983 -24.352174 -47.334655 19.111750 2.178437 59.535458 -4.768185 -7.223477 -18.948859 -1.337398 0.000000 0.000000 0.000000 19.853731 -47.832177 -12.175448 -2.689671 58.032926 2.117576 -9.197298 -20.179928 5.957549 0.000000 0.000000 0.000000
-17.145247 86.828167 -242.132133 -1.180734 11.788944 -0.312423 -0.146017 8.860430 0.711379 -0.078317 3.937743 0.317990 -0.078317 3.937743 0.317990 -0.060766 2.953267 0.238904 2.256729 11.521179 -0.293390 4.460302 -14.742361 -1.548498 7.426751 11.937372 9.434910 27.956916 -33.276935 59.045510 -3.998434 11.849437 -4.916783 -1.266023 17.171469 -6.388368 -7.172587 8.416717 -8.676473 -31.603562 -21.828419 -62.764771 -6.522455 0.540491 5.172136 5.901304 14.888642 5.681641 -24.330898 -47.336718 19.087384 2.140086 59.555231 -4.794439 -7.250472 -18.964917 -1.320024 0.000000 0.000000 0.000000 19.826836 -47.833404 -12.154765 -2.719314 58.055209 2.055146 -9.213044 -20.190562 6.001870 0.000000 -0.000000 -0.000000
-17.137523 86.824291 -242.126223 -1.150037 11.785095 -0.308832 -0.143736 8.879872 0.715355 -0.077411 3.946386 0.319710 -0.077411 3.946386 0.319710 -0.060103 2.959750 0.240188 2.252633 11.498787 -0.292547 4.452943 -14.784107 -1.546086 7.422556 11.936720 9.450539 27.906581 -33.308790 59.086151 -3.979943 11.857312 -4.915800 -1.264687 17.130834 -6.404689 -7.182320 8.408372 -8.683761 -31.668338 -21.822468 -62.704964 -6.519419 0.488783 5.168431 5.900412 14.916810 5.673410 -24.317476 -47.341288 19.064430 2.110626 59.569064 -4.813598 -7.268800 -18.976630 -1.306635 0.000000 0.000000 0.000000 19.800090 -47.833240 -12.141442 -2.732186 58.064049 2.014599 -9.230486 -20.193775 6.034794 -0.000000 0.000000 -0.000000
-17.129777 86.824340 -242.122633 -1.121010 11.788897 -0.299331 -0.145527 8.895912 0.713090 -0.078186 3.953513 0.318742 -0.078186 3.953513 0.318742 -0.060681 2.965095 0.239468 2.249722 11.479966 -0.290195 4.447057 -14.819244 -1.541133 7.419256 11.921733 9.453772 27.972894 -33.286135 59.081978 -3.977973 11.767649 -4.913341 -1.263389 17.147541 -6.396270 -7.183754 8.395837 -8.686218 -31.716539 -21.818347 -62.660735 -6.514285 0.461793 5.173897 5.898367 14.916102 5.668697 -24.320830 -47.351568 19.045188 2.098573 59.579679 -4.820027 -7.274291 -18.984995 -1.300022 0.000000 -0.000000 0.000000 19.778467 -47.831473 -12.143605 -2.725421 58.056412 2.002644 -9.249243 -20.187515 6.052686 0.000000 0.000000 0.000000
-17.122677 86.828244 -242.120571 -1.093595 11.798126 -0.286540 -0.148532 8.909963 0.706925 -0.079420 3.959755 0.316070 -0.079419 3.959755 0.316070 -0.061592 2.969776 0.237473 2.247230 11.463351 -0.287187 4.441600 -14.850300 -1.535006 7.416536 11.899865 9.449694 28.101013 -33.238119 59.052910 -3.982690 11.630256 -4.909911 -1.261637 17.193526 -6.374041 -7.181408 8.381307 -8.685617 -31.755726 -21.815981 -62.624490 -6.508889 0.447581 5.183612 5.895452 14.902942 5.665086 -24.332040 -47.364368 19.027358 2.095435 59.584357 -4.819344 -7.271105 -18.989029 -1.297405 -0.000000 -0.000000 0.000000 19.756987 -47.828319 -12.153122 -2.701853 58.035334 2.012594 -9.269681 -20.173840 6.059168 -0.000000 0.000000 -0.000000
-17.116526 86.834005 -242.117892 -1.071016 11.807630 -0.276811 -0.149413 8.923768 0.702418 -0.079744 3.965891 0.314091 -0.079744 3.965891 0.314091 -0.061825 2.974378 0.235993 2.244913 11.449216 -0.288717 4.438369 -14.876556 -1.537555 7.413838 11.878391 9.445424 28.215211 -33.203361 59.022623 -3.985317 11.523753 -4.906731 -1.256851 17.236273 -6.349912 -7.177116 8.367171 -8.685772 -31.789700 -21.816043 -62.594864 -6.508219 0.435675 5.195054 5.892821 14.889456 5.666148 -24.335486 -47.374185 19.007667 2.095179 59.582842 -4.813031 -7.266122 -18.990105 -1.297169 0.000000 0.000000 0.000000 19.744538 -47.822161 -12.164252 -2.679963 58.011037 2.027123 -9.293331 -20.162759 6.065547 0.000000 -0.000000 0.000000
-17.111079 86.841828 -242.114190 -1.056914 11.815776 -0.273880 -0.145285 8.938323 0.702065 -0.077929 3.972366 0.313857 -0.077929 3.972366 0.313857 -0.060467 2.979236 0.235805 2.241473 11.437801 -0.297791 4.436177 -14.897490 -1.553978 7.409982 11.859520 9.442822 28.285099 -33.200058 58.999599 -3.986067 11.489500 -4.902951 -1.246453 17.270887 -6.322387 -7.172993 8.353653 -8.688152 -31.820488 -21.819081 -62.571704 -6.512904 0.424192 5.209526 5.891584 14.878289 5.676857 -24.315959 -47.379461 18.980873 2.083390 59.571166 -4.808756 -7.260911 -18.985801 -1.295305 -0.000000 0.000000 0.000000 19.748123 -47.811012 -12.177211 -2.667076 57.984944 2.043774 -9.320280 -20.158387 6.075117 -0.000000 -0.000000 0.000000
-17.106581 86.851507 -242.109871 -1.047652 11.824203 -0.274014 -0.139029 8.952630 0.703368 -0.075204 3.978734 0.314314 -0.075204 3.978734 0.314314 -0.058430 2.984013 0.236131 2.238204 11.428870 -0.311402 4.436204 -14.913616 -1.579077 7.406152 11.841043 9.440028 28.341162 -33.210036 58.975226 -3.984811 11.486139 -4.899456 -1.232972 17.302250 -6.292945 -7.166923 8.340530 -8.691292 -31.846071 -21.824563 -62.555159 -6.522322 0.415018 5.225727 5.890620 14.866796 5.692239 -24.288669 -47.381746 18.952216 2.074475 59.553297 -4.798859 -7.253903 -18.978540 -1.295820 -0.000000 -0.000000 0.000000 19.760732 -47.796851 -12.191777 -2.655883 57.955628 2.064989 -9.350443 -20.156609 6.084585 0.000000 -0.000000 -0.000000
-17.104061 86.860428 -242.104015 -1.035543 11.832666 -0.272375 -0.135958 8.965434 0.704401 -0.073883 3.984429 0.314714 -0.073883 3.984429 0.314714 -0.057444 2.988284 0.236422 2.238756 11.421988 -0.325725 4.443804 -14.925768 -1.607127 7.405347 11.823606 9.438588 28.399103 -33.217406 58.947355 -3.972325 11.468216 -4.900164 -1.221554 17.312525 -6.277984 -7.154393 8.329521 -8.694611 -31.864182 -21.831537 -62.544321 -6.539580 0.403348 5.237224 5.887742 14.859177 5.700952 -24.283625 -47.380206 18.934145 2.105605 59.540861 -4.761872 -7.247275 -18.976958 -1.309124 0.000000 -0.000000 0.000000 19.770238 -47.784005 -12.201572 -2.642856 57.929041 2.080851 -9.385092 -20.155090 6.095391 0.000000 -0.000000 0.000000
-17.104172 86.867975 -242.095837 -1.018569 11.841801 -0.266444 -0.138974 8.975617 0.703956 -0.075225 3.988950 0.314576 -0.075225 3.988950 0.314576 -0.058452 2.991675 0.236328 2.246030 11.417912 -0.340647 4.464471 -14.932435 -1.639144 7.410629 11.808478 9.439449 28.466776 -33.213489 58.914812 -3.939598 11.413808 -4.907740 -1.213340 17.287102 -6.286811 -7.129821 8.322895 -8.698589 -31.868461 -21.842368 -62.540872 -6.570064 0.386451 5.239149 5.881710 14.858243 5.696587 -24.324753 -47.372581 18.938680 2.209666 59.539299 -4.679394 -7.238796 -18.985119 -1.345387 0.000000 0.000000 0.000000 19.770955 -47.774265 -12.202461 -2.621654 57.906779 2.089255 -9.427392 -20.153002 6.108402 0.000000 0.000000 0.000000
-17.106261 86.874764 -242.086122 -0.998745 11.850969 -0.258736 -0.145177 8.984297 0.703242 -0.077973 3.992799 0.314380 -0.077973 3.992799 0.314380 -0.060513 2.994560 0.236200 2.257124 11.415885 -0.356286 4.492709 -14.935117 -1.674121 7.418937 11.794389 9.441658 28.536299 -33.206944 58.878810 -3.895653 11.344860 -4.919639 -1.207229 17.240630 -6.310187 -7.098788 8.318383 -8.702754 -31.865267 -21.854699 -62.543142 -6.608379 0.367056 5.236351 5.873780 14.861180 5.685548 -24.388123 -47.361135 18.953802 2.353803 59.543049 -4.569812 -7.230690 -18.998919 -1.394457 0.000000 -0.000000 0.000000 19.768579 -47.765845 -12.198587 -2.598604 57.887258 2.092316 -9.474177 -20.151162 6.122752 0.000000 0.000000 0.000000
-17.109406 86.880027 -242.076300 -0.974436 11.858017 -0.251963 -0.151184 8.993578 0.703965 -0.080661 3.996914 0.314818 -0.080661 3.996914 0.314818 -0.062533 2.997645 0.236546 2.266989 11.413203 -0.369169 4.517406 -14.939169 -1.703297 7.424088 11.778174 9.443908 28.599774 -33.207886 58.840777 -3.858305 11.281712 -4.931928 -1.205046 17.199161 -6.336671 -7.073524 8.310892 -8.705099 -31.871411 -21.860484 -62.545182 -6.641483 0.348552 5.236992 5.865496 14.863766 5.675718 -24.431979 -47.351842 18.955928 2.476544 59.547298 -4.466862 -7.231827 -19.014782 -1.436248 0.000000 -0.000000 0.000000 19.768065 -47.757706 -12.195995 -2.589152 57.871665 2.086487 -9.517221 -20.149705 6.137280 0.000000 0.000000 0.000000
-17.113251 86.883589 -242.066876 -0.944551 11.861532 -0.246953 -0.155195 9.004603 0.706963 -0.082513 4.001807 0.316226 -0.082514 4.001807 0.316226 -0.063934 3.001314 0.237614 2.273513 11.408904 -0.378169 4.534055 -14.946511 -1.723631 7.421311 11.757691 9.445675 28.654084 -33.221478 58.800923 -3.833830 11.230135 -4.943545 -1.209190 17.171552 -6.366020 -7.060720 8.295183 -8.703791 -31.894706 -21.852397 -62.545796 -6.664064 0.334510 5.245875 5.856516 14.865800 5.669244 -24.435481 -47.346730 18.932470 2.547123 59.548382 -4.386924 -7.247993 -19.030025 -1.460612 0.000000 0.000000 0.000000 19.769561 -47.749067 -12.194567 -2.602823 57.860343 2.064573 -9.552390 -20.148206 6.152198 0.000000 0.000000 0.000000
-17.118151 86.885626 -242.057345 -0.910181 11.862927 -0.242880 -0.159006 9.016228 0.711401 -0.084306 4.006966 0.318268 -0.084306 4.006966 0.318268 -0.065293 3.005182 0.239157 2.278813 11.403948 -0.384410 4.547172 -14.955237 -1.738163 7.415376 11.735082 9.447486 28.702390 -33.242568 58.758998 -3.815958 11.184346 -4.955485 -1.217256 17.148946 -6.398444 -7.053684 8.276493 -8.700657 -31.927338 -21.837760 -62.546170 -6.681440 0.321363 5.258223 5.847172 14.867483 5.663984 -24.419480 -47.343759 18.896024 2.596309 59.550033 -4.313611 -7.273409 -19.047366 -1.477683 0.000000 0.000000 0.000000 19.772916 -47.740709 -12.194417 -2.630062 57.852941 2.033809 -9.583820 -20.147091 6.167298 0.000000 -0.000000 0.000000
-17.124248 86.885890 -242.047627 -0.872964 11.864292 -0.239974 -0.164618 9.027125 0.716476 -0.086907 4.011799 0.320627 -0.086907 4.011799 0.320627 -0.067261 3.008805 0.240943 2.284181 11.398507 -0.387788 4.559188 -14.964982 -1.747252 7.414414 11.713614 9.449604 28.746221 -33.265817 58.715721 -3.803678 11.147328 -4.966806 -1.223886 17.130781 -6.423139 -7.044560 8.265451 -8.699178 -31.962681 -21.830498 -62.543896 -6.696519 0.301795 5.267849 5.840001 14.865207 5.661397 -24.404783 -47.342832 18.860790 2.654929 59.558601 -4.231506 -7.299600 -19.071360 -1.497787 0.000000 -0.000000 0.000000 19.782619 -47.733939 -12.201926 -2.657693 57.849593 2.012302 -9.615690 -20.147775 6.180792 0.000000 0.000000 0.000000
-17.132746 86.883793 -242.037139 -0.832115 11.866913 -0.240031 -0.173482 9.036365 0.722951 -0.090974 4.015890 0.323670 -0.090974 4.015890 0.323670 -0.070333 3.011870 0.243251 2.290369 11.392399 -0.388351 4.571572 -14.976057 -1.751325 7.422996 11.696162 9.453014 28.781002 -33.293548 58.671592 -3.797979 11.128089 -4.977015 -1.226056 17.117677 -6.432419 -7.030779 8.271238 -8.700842 -32.000199 -21.838866 -62.536869 -6.711402 0.268225 5.272611 5.836925 14.853535 5.664494 -24.394140 -47.345711 18.827971 2.746142 59.579864 -4.118761 -7.325329 -19.108541 -1.528760 0.000000 -0.000000 0.000000 19.803564 -47.730166 -12.221134 -2.683490 57.851653 2.008546 -9.650564 -20.151760 6.191573 0.000000 -0.000000 -0.000000
-17.142442 86.879924 -242.026463 -0.788418 11.869506 -0.241252 -0.184144 9.044879 0.730062 -0.095850 4.019654 0.327030 -0.095850 4.019654 0.327030 -0.074012 3.014690 0.245803 2.296627 11.385803 -0.386051 4.582858 -14.988160 -1.749954 7.436548 11.679851 9.456721 28.811319 -33.323442 58.626103 -3.797865 11.117620 -4.986557 -1.226801 17.108991 -6.433962 -7.014908 8.284675 -8.704146 -32.040443 -21.854596 -62.527176 -6.723997 0.228236 5.274652 5.836011 14.837906 5.670264 -24.384786 -47.350634 18.796348 2.847011 59.607943 -3.996998 -7.351822 -19.152347 -1.562795 0.000000 0.000000 -0.000000 19.830858 -47.727960 -12.248007 -2.709688 57.857754 2.014045 -9.685882 -20.157547 6.200754 -0.000000 0.000000 -0.000000
-17.149868 86.875806 -242.017259 -0.745864 11.870309 -0.238479 -0.194254 9.054136 0.734706 -0.100434 4.023751 0.329286 -0.100434 4.023751 0.329286 -0.077466 3.017760 0.247525 2.301998 11.379434 -0.380643 4.591069 -15.000012 -1.742216 7.449479 11.659320 9.458018 28.852412 -33.343171 58.578483 -3.799351 11.091881 -4.995925 -1.229861 17.102270 -6.440018 -6.996805 8.288851 -8.708096 -32.078415 -21.866831 -62.518715 -6.730920 0.197251 5.274201 5.834037 14.831027 5.671127 -24.389263 -47.352257 18.776510 2.919016 59.631837 -3.916220 -7.374314 -19.187717 -1.586742 0.000000 0.000000 0.000000 19.854305 -47.724368 -12.276805 -2.729814 57.863961 2.021404 -9.718138 -20.162055 6.209881 0.000000 -0.000000 -0.000000
-17.152072 86.871954 -242.010836 -0.706151 11.868595 -0.227981 -0.203494 9.065051 0.735209 -0.104554 4.028587 0.329692 -0.104554 4.028587 0.329692 -0.080559 3.021385 0.247857 2.306052 11.373846 -0.370654 4.594707 -15.010666 -1.725066 7.461355 11.630354 9.453994 28.917944 -33.343130 58.524422 -3.802361 11.031799 -5.005853 -1.238067 17.099873 -6.457154 -6.973666 8.272880 -8.712880 -32.113220 -21.871135 -62.513353 -6.726345 0.185518 5.268965 5.829713 14.842089 5.661577 -24.418972 -47.348060 18.776998 2.943506 59.646517 -3.905571 -7.390467 -19.206336 -1.593146 0.000000 0.000000 -0.000000 19.872429 -47.717322 -12.310173 -2.737267 57.868096 2.032521 -9.746651 -20.163464 6.219669 -0.000000 0.000000 -0.000000
-17.152007 86.867854 -242.005884 -0.667583 11.865080 -0.213492 -0.212186 9.076711 0.733245 -0.108384 4.033756 0.328995 -0.108384 4.033756 0.328995 -0.083429 3.025260 0.247361 2.309222 11.368482 -0.357556 4.595273 -15.021076 -1.701543 7.472607 11.597172 9.447552 28.994187 -33.332890 58.468309 -3.806997 10.956449 -5.015638 -1.248586 17.099449 -6.478797 -6.948302 8.247647 -8.718339 -32.145738 -21.871956 -62.509248 -6.716080 0.182786 5.261236 5.824343 14.861898 5.647116 -24.462520 -47.340588 18.789278 2.938863 59.657169 -3.936166 -7.402636 -19.216546 -1.589429 -0.000000 0.000000 0.000000 19.886699 -47.708889 -12.345456 -2.738647 57.872343 2.045498 -9.772100 -20.163595 6.229400 -0.000000 0.000000 -0.000000
-17.155062 86.863480 -242.000135 -0.629055 11.860161 -0.201050 -0.218939 9.087852 0.730735 -0.111343 4.038699 0.328018 -0.111343 4.038699 0.328018 -0.085643 3.028965 0.246649 2.311844 11.362394 -0.345517 4.595277 -15.032801 -1.679848 7.478939 11.567072 9.444717 29.055319 -33.328924 58.422387 -3.809528 10.899012 -5.023630 -1.256673 17.091494 -6.497491 -6.928989 8.228894 -8.722948 -32.173621 -21.871770 -62.504743 -6.714185 0.173731 5.258112 5.818617 14.875578 5.636682 -24.498273 -47.332114 18.798348 2.921929 59.668226 -3.971146 -7.413102 -19.228286 -1.584726 0.000000 0.000000 0.000000 19.891346 -47.702344 -12.368977 -2.747278 57.879327 2.047247 -9.793026 -20.164820 6.238475 0.000000 -0.000000 0.000000
-17.163650 86.858021 -241.992619 -0.590909 11.853923 -0.193433 -0.222186 9.096940 0.727863 -0.112739 4.042734 0.326812 -0.112739 4.042734 0.326812 -0.086684 3.031992 0.245754 2.314406 11.355784 -0.335423 4.596040 -15.045413 -1.661887 7.475920 11.541345 9.448873 29.087329 -33.337818 58.393983 -3.809271 10.879978 -5.028419 -1.260026 17.067739 -6.509522 -6.920109 8.225689 -8.724561 -32.198207 -21.870514 -62.497611 -6.728350 0.148464 5.262473 5.811899 14.878220 5.632922 -24.513995 -47.325520 18.796973 2.891647 59.683524 -4.000419 -7.422300 -19.245324 -1.581352 -0.000000 0.000000 -0.000000 19.875447 -47.701750 -12.367958 -2.766705 57.892849 2.028293 -9.806693 -20.169218 6.247129 -0.000000 -0.000000 0.000000
-17.175358 86.852289 -241.984306 -0.552805 11.846286 -0.187865 -0.223494 9.105511 0.724445 -0.113263 4.046543 0.325326 -0.113263 4.046543 0.325326 -0.087069 3.034848 0.244644 2.316415 11.348450 -0.326392 4.596233 -15.059343 -1.645756 7.467976 11.518698 9.456650 29.104259 -33.353053 58.375727 -3.806879 10.878852 -5.031376 -1.260961 17.036445 -6.518623 -6.917271 8.228964 -8.725293 -32.218158 -21.868250 -62.490070 -6.750904 0.116883 5.271436 5.804819 14.874734 5.633187 -24.521928 -47.317918 18.792396 2.849061 59.699216 -4.034086 -7.429795 -19.263893 -1.576992 0.000000 0.000000 0.000000 19.849939 -47.703064 -12.355195 -2.793414 57.909108 1.998084 -9.815838 -20.174714 6.255128 0.000000 -0.000000 -0.000000
-17.188343 86.848694 -241.975836 -0.512613 11.837408 -0.182048 -0.226162 9.116906 0.721851 -0.114412 4.051604 0.324232 -0.114412 4.051604 0.324232 -0.087926 3.038644 0.243832 2.316730 11.338845 -0.319941 4.594395 -15.077438 -1.633941 7.464100 11.502540 9.463948 29.122420 -33.371470 58.357740 -3.800617 10.867336 -5.035038 -1.261646 17.012905 -6.528502 -6.915603 8.227253 -8.729996 -32.227122 -21.867635 -62.487115 -6.772867 0.093343 5.283439 5.799953 14.864973 5.638469 -24.537161 -47.302927 18.791334 2.814224 59.708228 -4.065519 -7.436571 -19.282638 -1.573830 0.000000 -0.000000 0.000000 19.841856 -47.697405 -12.355380 -2.830123 57.919318 1.971944 -9.827212 -20.177453 6.261161 0.000000 0.000000 0.000000
-17.202517 86.848465 -241.966747 -0.465549 11.825563 -0.174030 -0.231900 9.133804 0.721072 -0.116964 4.059106 0.324005 -0.116964 4.059106 0.324005 -0.089841 3.044269 0.243680 2.313813 11.325529 -0.317710 4.588351 -15.102361 -1.628989 7.468835 11.498729 9.468862 29.147364 -33.395676 58.336195 -3.787206 10.829356 -5.042540 -1.263604 17.003218 -6.542950 -6.914674 8.214012 -8.744154 -32.219458 -21.869753 -62.490871 -6.793043 0.084581 5.300862 5.799450 14.845717 5.652410 -24.568668 -47.274387 18.796205 2.791528 59.706480 -4.096767 -7.442527 -19.302256 -1.572546 0.000000 -0.000000 0.000000 19.869749 -47.676802 -12.386435 -2.887285 57.918363 1.955582 -9.842430 -20.175317 6.263969 0.000000 0.000000 0.000000
-17.217967 86.850374 -241.957501 -0.416400 11.812474 -0.165769 -0.238997 9.153526 0.721126 -0.120138 4.067860 0.324174 -0.120138 4.067860 0.324174 -0.092227 3.050832 0.243829 2.309202 11.309948 -0.318059 4.580272 -15.131437 -1.628351 7.477652 11.501402 9.473300 29.173560 -33.423053 58.314882 -3.769919 10.780995 -5.050780 -1.265294 17.001286 -6.558159 -6.914926 8.195796 -8.762294 -32.200808 -21.873532 -62.499209 -6.812636 0.083862 5.321303 5.801132 14.820186 5.671370 -24.607467 -47.238464 18.804579 2.776620 59.698062 -4.125750 -7.447761 -19.322050 -1.572462 0.000000 0.000000 0.000000 19.914991 -47.649180 -12.430340 -2.954412 57.911344 1.943319 -9.859875 -20.170425 6.264809 -0.000000 0.000000 -0.000000
-17.233114 86.853148 -241.950128 -0.377380 11.803478 -0.160827 -0.245626 9.171371 0.720414 -0.123087 4.075782 0.323996 -0.123087 4.075782 0.323996 -0.094440 3.056772 0.243716 2.306371 11.294891 -0.317577 4.575230 -15.159513 -1.626873 7.485930 11.496391 9.478875 29.200671 -33.442599 58.295372 -3.756870 10.742185 -5.052927 -1.264290 17.004100 -6.566434 -6.912799 8.180773 -8.772842 -32.181741 -21.878384 -62.510754 -6.826240 0.085315 5.336034 5.801120 14.797889 5.685427 -24.641710 -47.207265 18.815907 2.776449 59.688180 -4.139632 -7.453548 -19.338573 -1.573725 0.000000 -0.000000 0.000000 19.948940 -47.629560 -12.457976 -3.002796 57.904826 1.933410 -9.881448 -20.165267 6.266143 0.000000 -0.000000 0.000000
-17.247033 86.857385 -241.946936 -0.356107 11.802576 -0.163275 -0.252053 9.186426 0.719468 -0.125938 4.082464 0.323709 -0.125937 4.082464 0.323709 -0.096579 3.061782 0.243521 2.307915 11.280232 -0.316202 4.578186 -15.186722 -1.625582 7.493185 11.472172 9.487129 29.237378 -33.445973 58.270204 -3.753086 10.718852 -5.043090 -1.257698 17.017138 -6.560485 -6.903961 8.172425 -8.769818 -32.158532 -21.890967 -62.531201 -6.831581 0.097553 5.343641 5.798358 14.776843 5.693567 -24.674852 -47.184110 18.839839 2.795577 59.674688 -4.137242 -7.459287 -19.345377 -1.574455 -0.000000 0.000000 0.000000 19.959814 -47.627460 -12.452927 -3.019915 57.900901 1.922003 -9.910554 -20.158851 6.270908 -0.000000 0.000000 -0.000000
-17.260648 86.862487 -241.945617 -0.344960 11.805776 -0.169030 -0.258013 9.199607 0.717746 -0.128563 4.088313 0.323068 -0.128563 4.088313 0.323068 -0.098546 3.066168 0.243060 2.311241 11.266094 -0.313993 4.584182 -15.212934 -1.623449 7.499895 11.440271 9.496519 29.274968 -33.441524 58.246893 -3.753544 10.705060 -5.027127 -1.248408 17.034911 -6.547595 -6.892731 8.167259 -8.759198 -32.134906 -21.904613 -62.554870 -6.830906 0.111952 5.345564 5.793921 14.759032 5.696802 -24.703423 -47.165670 18.866714 2.829417 59.659732 -4.119785 -7.465578 -19.348910 -1.576532 0.000000 -0.000000 0.000000 19.959469 -47.633414 -12.431704 -3.018298 57.897502 1.912945 -9.943787 -20.152167 6.276166 -0.000000 -0.000000 0.000000
-17.275148 86.865385 -241.941275 -0.333296 11.806430 -0.169418 -0.260881 9.208959 0.712036 -0.129734 4.092469 0.320600 -0.129734 4.092469 0.320600 -0.099409 3.069285 0.241217 2.312052 11.255631 -0.307723 4.583402 -15.232593 -1.612232 7.502874 11.421093 9.504025 29.287016 -33.443325 58.249473 -3.751303 10.702946 -5.015805 -1.242689 17.037963 -6.541936 -6.888519 8.162984 -8.747331 -32.132608 -21.898752 -62.563281 -6.825590 0.096782 5.337358 5.787165 14.759924 5.688252 -24.705241 -47.154097 18.867072 2.871203 59.654947 -4.077993 -7.475489 -19.365064 -1.585747 -0.000000 0.000000 -0.000000 19.954806 -47.634028 -12.414685 -3.006828 57.894956 1.916019 -9.972840 -20.150684 6.275573 0.000000 0.000000 0.000000
-17.290828 86.864648 -241.931940 -0.317651 11.801997 -0.159232 -0.258994 9.214905 0.699592 -0.128658 4.095121 0.315051 -0.128659 4.095121 0.315051 -0.098567 3.071276 0.237051 2.307334 11.248292 -0.294142 4.568639 -15.246978 -1.584380 7.498615 11.422186 9.508010 29.256950 -33.460446 58.294313 -3.740120 10.713763 -5.015181 -1.244078 17.009511 -6.552749 -6.895039 8.156584 -8.735410 -32.182247 -21.852425 -62.535598 -6.818646 0.013944 5.311382 5.774314 14.797521 5.655178 -24.650755 -47.157570 18.811652 2.920398 59.669521 -3.992313 -7.493325 -19.404178 -1.607604 -0.000000 0.000000 -0.000000 19.948835 -47.622323 -12.413459 -2.982534 57.891522 1.943308 -9.993588 -20.156943 6.263705 -0.000000 -0.000000 0.000000
-17.307394 86.861708 -241.919581 -0.301492 11.795013 -0.143681 -0.254015 9.217028 0.683160 -0.126129 4.096081 0.307675 -0.126129 4.096081 0.307675 -0.096622 3.071999 0.231504 2.300100 11.244628 -0.276501 4.547092 -15.254799 -1.547439 7.490639 11.436006 9.510120 29.201318 -33.483777 58.365092 -3.726253 10.736267 -5.019196 -1.249009 16.966338 -6.570791 -6.908587 8.151084 -8.722239 -32.253125 -21.786542 -62.492764 -6.807041 -0.098446 5.275208 5.759179 14.853832 5.610327 -24.569493 -47.167817 18.729692 2.977754 59.694156 -3.882082 -7.514755 -19.455899 -1.636627 -0.000000 -0.000000 0.000000 19.938542 -47.605276 -12.416435 -2.948393 57.888924 1.982725 -10.010155 -20.168410 6.245992 -0.000000 -0.000000 0.000000
-17.325150 86.857780 -241.905219 -0.284561 11.786442 -0.129714 -0.248308 9.212114 0.667776 -0.123288 4.093914 0.300745 -0.123288 4.093914 0.300745 -0.094444 3.070376 0.226289 2.295088 11.249455 -0.261320 4.530565 -15.246668 -1.515823 7.486311 11.460303 9.512255 29.143418 -33.500172 58.436736 -3.721515 10.768843 -5.020465 -1.253150 16.939345 -6.582530 -6.927448 8.153267 -8.710576 -32.275192 -21.743462 -62.478737 -6.783135 -0.157795 5.247237 5.752502 14.890332 5.585075 -24.528048 -47.162482 18.679627 3.038260 59.712854 -3.796545 -7.529912 -19.505087 -1.662125 -0.000000 -0.000000 0.000000 19.921806 -47.590425 -12.409225 -2.922193 57.892692 2.007818 -10.026611 -20.182951 6.232378 0.000000 0.000000 0.000000
-17.345348 86.853796 -241.889159 -0.268366 11.775468 -0.121492 -0.239473 9.199925 0.655280 -0.119109 4.088516 0.295030 -0.119108 4.088516 0.295029 -0.091270 3.066331 0.221976 2.292426 11.265093 -0.251134 4.520342 -15.218170 -1.494365 7.484927 11.494157 9.517589 29.103523 -33.498818 58.494387 -3.731259 10.805833 -5.017276 -1.255221 16.941100 -6.583836 -6.957023 8.166256 -8.702333 -32.213123 -21.746149 -62.512547 -6.738298 -0.119325 5.237881 5.762066 14.887686 5.598938 -24.566322 -47.125002 18.698911 3.091656 59.713528 -3.775782 -7.528518 -19.540976 -1.677363 -0.000000 -0.000000 0.000000 19.896314 -47.580778 -12.381085 -2.911872 57.905978 2.005095 -10.045294 -20.199783 6.227285 0.000000 0.000000 0.000000
-17.366736 86.848825 -241.871097 -0.251400 11.762910 -0.114854 -0.229905 9.180696 0.643824 -0.114617 4.079989 0.289759 -0.114617 4.079989 0.289759 -0.087864 3.059939 0.217993 2.292004 11.289217 -0.243392 4.515177 -15.173733 -1.478220 7.487218 11.538479 9.522976 29.061421 -33.490566 58.552846 -3.750135 10.852886 -5.011362 -1.256539 16.959037 -6.578855 -6.991905 8.186938 -8.695632 -32.102267 -21.771585 -62.575033 -6.681173 -0.027838 5.236975 5.780030 14.865179 5.632375 -24.644331 -47.072008 18.749985 3.147968 59.708389 -3.779950 -7.520869 -19.574343 -1.689063 -0.000000 -0.000000 0.000000 19.864386 -47.573319 -12.342770 -2.909514 57.925647 1.988040 -10.063872 -20.219684 6.226296 0.000000 -0.000000 0.000000
-17.385863 86.841290 -241.851129 -0.228882 11.752187 -0.104267 -0.229162 9.151912 0.632899 -0.114034 4.067202 0.284897 -0.114034 4.067202 0.284897 -0.087388 3.050350 0.214343 2.298200 11.319671 -0.236986 4.523082 -15.117251 -1.467273 7.502688 11.593766 9.520855 28.979663 -33.494741 58.631488 -3.773903 10.925339 -5.000544 -1.256710 16.986360 -6.566490 -7.014164 8.212720 -8.687534 -31.978750 -21.793239 -62.652626 -6.630079 0.064889 5.231994 5.793733 14.842252 5.658227 -24.709136 -47.031144 18.779079 3.232440 59.717949 -3.738588 -7.527971 -19.622362 -1.706713 -0.000000 -0.000000 0.000000 19.830868 -47.566559 -12.312138 -2.909114 57.947807 1.970689 -10.079418 -20.242858 6.226103 0.000000 -0.000000 0.000000
-17.400503 86.830243 -241.828408 -0.198429 11.743179 -0.086305 -0.241620 9.111333 0.622682 -0.119298 4.049155 0.280604 -0.119298 4.049155 0.280604 -0.091298 3.036813 0.211157 2.314421 11.357186 -0.232617 4.550875 -15.047218 -1.464321 7.535812 11.659928 9.507283 28.825295 -33.523962 58.746307 -3.802526 11.042291 -4.980572 -1.253767 17.029444 -6.541146 -7.012836 8.244010 -8.677079 -31.847648 -21.807299 -62.748416 -6.589353 0.142878 5.217628 5.798622 14.819211 5.666567 -24.737661 -47.014445 18.758669 3.367258 59.754331 -3.608608 -7.560905 -19.695034 -1.735233 -0.000000 0.000000 0.000000 19.794867 -47.557724 -12.296278 -2.909594 57.971043 1.957007 -10.087661 -20.270458 6.225452 -0.000000 0.000000 -0.000000
-17.412881 86.816633 -241.803781 -0.162425 11.735995 -0.064395 -0.262888 9.061190 0.612988 -0.128466 4.026847 0.276709 -0.128466 4.026847 0.276710 -0.098136 3.020078 0.208294 2.337264 11.401028 -0.229537 4.591699 -14.965143 -1.466448 7.582154 11.737053 9.486325 28.631002 -33.565196 58.881502 -3.836059 11.184662 -4.955844 -1.249662 17.081930 -6.508432 -6.998902 8.280384 -8.665160 -31.703844 -21.817330 -62.859237 -6.554670 0.222128 5.199111 5.799275 14.795785 5.667336 -24.753114 -47.009910 18.716429 3.530861 59.805143 -3.432495 -7.608552 -19.782368 -1.769684 0.000000 -0.000000 -0.000000 19.757277 -47.549602 -12.288103 -2.912036 57.996763 1.943021 -10.092870 -20.301331 6.225593 -0.000000 0.000000 -0.000000
-17.426226 86.801725 -241.779893 -0.123247 11.734402 -0.043280 -0.289383 9.005676 0.602777 -0.139936 4.002146 0.272680 -0.139936 4.002146 0.272680 -0.106698 3.001548 0.205345 2.360884 11.446848 -0.224490 4.633054 -14.879451 -1.465019 7.637855 11.825889 9.462435 28.457931 -33.599477 59.008657 -3.870406 11.310515 -4.937094 -1.249880 17.117912 -6.484041 -6.987362 8.317992 -8.651641 -31.568411 -21.808113 -62.962009 -6.531380 0.298835 5.179508 5.796787 14.790599 5.663243 -24.772204 -47.009215 18.681620 3.682599 59.854247 -3.268415 -7.658632 -19.871546 -1.804771 0.000000 -0.000000 -0.000000 19.725606 -47.549055 -12.284205 -2.913637 58.025314 1.930899 -10.104926 -20.332213 6.226967 -0.000000 0.000000 -0.000000
-17.441718 86.784565 -241.756719 -0.080230 11.740564 -0.023570 -0.323401 8.943493 0.591510 -0.154715 3.974473 0.268318 -0.154715 3.974473 0.268318 -0.117738 2.980788 0.202166 2.385673 11.495314 -0.216572 4.675275 -14.788922 -1.458440 7.710122 11.933913 9.435181 28.332536 -33.617956 59.118302 -3.906139 11.396552 -4.931169 -1.259016 17.119431 -6.477738 -6.979043 8.353771 -8.636846 -31.441653 -21.765245 -63.054378 -6.531183 0.370349 5.157825 5.788426 14.823758 5.651504 -24.804681 -47.009561 18.666385 3.820369 59.898839 -3.127585 -7.712773 -19.965009 -1.841531 -0.000000 0.000000 -0.000000 19.696480 -47.561110 -12.280101 -2.908279 58.059928 1.921529 -10.129022 -20.363844 6.230658 0.000000 -0.000000 -0.000000
-17.458177 86.766109 -241.734282 -0.034027 11.752315 -0.004639 -0.362643 8.875937 0.579741 -0.171796 3.944407 0.263822 -0.171796 3.944407 0.263822 -0.130502 2.958232 0.198899 2.411231 11.545759 -0.206697 4.718026 -14.694778 -1.448326 7.791800 12.053633 9.405133 28.228572 -33.629765 59.219775 -3.942686 11.466048 -4.931128 -1.272473 17.104425 -6.479708 -6.973135 8.390793 -8.620492 -31.323527 -21.703274 -63.138549 -6.542413 0.439306 5.134944 5.776912 14.875155 5.634901 -24.840800 -47.013746 18.658590 3.946056 59.941839 -2.998994 -7.769352 -20.060319 -1.878903 0.000000 0.000000 0.000000 19.673276 -47.580739 -12.280269 -2.902065 58.097378 1.914052 -10.159975 -20.395482 6.235598 -0.000000 0.000000 0.000000
-17.475295 86.750481 -241.715301 0.011011 11.766937 0.010627 -0.396647 8.811100 0.568061 -0.186566 3.915558 0.259254 -0.186566 3.915558 0.259254 -0.141533 2.936590 0.195562 2.430518 11.591822 -0.194389 4.747849 -14.609106 -1.430998 7.857436 12.163340 9.378051 28.128296 -33.643156 59.312764 -3.974204 11.546936 -4.926955 -1.281966 17.100846 -6.476298 -6.982171 8.434416 -8.601644 -31.234533 -21.650715 -63.198436 -6.535371 0.509848 5.116769 5.771539 14.903098 5.624536 -24.868028 -47.021847 18.651086 4.024273 59.976016 -2.908169 -7.811253 -20.137321 -1.908474 -0.000000 -0.000000 0.000000 19.673629 -47.599705 -12.294744 -2.910520 58.128314 1.908009 -10.192105 -20.421647 6.239003 0.000000 -0.000000 -0.000000
-17.492782 86.739792 -241.701682 0.052840 11.785187 0.019429 -0.419945 8.751941 0.557352 -0.196621 3.889247 0.254908 -0.196620 3.889246 0.254908 -0.149033 2.916854 0.192361 2.438640 11.629131 -0.178270 4.754954 -14.540259 -1.401914 7.893629 12.255361 9.358237 28.033850 -33.659417 59.389290 -3.999443 11.649676 -4.912750 -1.283467 17.125236 -6.460078 -7.017735 8.489129 -8.580947 -31.192259 -21.616990 -63.220050 -6.490460 0.594359 5.108431 5.777513 14.878063 5.627828 -24.870074 -47.037760 18.636781 4.015407 59.995934 -2.883013 -7.827432 -20.181933 -1.922594 -0.000000 -0.000000 0.000000 19.715372 -47.615015 -12.335239 -2.947998 58.147626 1.903403 -10.222182 -20.439361 6.239208 -0.000000 0.000000 0.000000
-17.510928 86.731932 -241.691518 0.093503 11.806319 0.024571 -0.438026 8.695511 0.546715 -0.204372 3.864155 0.250493 -0.204372 3.864155 0.250493 -0.154807 2.898033 0.189092 2.440478 11.662064 -0.159768 4.749163 -14.479865 -1.365750 7.913729 12.337379 9.341159 27.943062 -33.677272 59.457341 -4.019558 11.763838 -4.894413 -1.280974 17.161070 -6.438521 -7.068232 8.550471 -8.557901 -31.178966 -21.592878 -63.217626 -6.427267 0.680468 5.104803 5.789666 14.829574 5.637310 -24.863202 -47.057579 18.622725 3.958710 60.007158 -2.895967 -7.828971 -20.208226 -1.928940 0.000000 -0.000000 0.000000 19.780710 -47.629588 -12.390105 -3.000144 58.160396 1.900218 -10.253428 -20.451603 6.237862 -0.000000 0.000000 0.000000
-17.530293 86.724699 -241.681809 0.134782 11.825358 0.031570 -0.456863 8.641046 0.534058 -0.212426 3.839938 0.245193 -0.212426 3.839938 0.245193 -0.160802 2.879870 0.185162 2.443663 11.697375 -0.142610 4.746465 -14.414946 -1.332655 7.932382 12.410711 9.319226 27.831612 -33.700953 59.540627 -4.032337 11.886019 -4.879676 -1.278280 17.186721 -6.420375 -7.111425 8.610356 -8.529801 -31.162045 -21.578972 -63.217463 -6.374872 0.735199 5.096429 5.801739 14.804536 5.641865 -24.883758 -47.069695 18.623033 3.937059 60.019006 -2.889407 -7.831942 -20.238271 -1.942107 0.000000 0.000000 0.000000 19.833823 -47.644102 -12.434304 -3.039426 58.172567 1.897953 -10.289839 -20.461834 6.237150 0.000000 0.000000 0.000000
-17.551314 86.717637 -241.671706 0.177758 11.841349 0.044944 -0.479321 8.588034 0.516698 -0.222002 3.816370 0.237872 -0.222002 3.816370 0.237872 -0.167927 2.862192 0.179726 2.451292 11.737749 -0.127209 4.752871 -14.340391 -1.304632 7.955361 12.475321 9.288268 27.668439 -33.741144 59.661728 -4.032613 12.029539 -4.870373 -1.275210 17.193428 -6.407925 -7.136738 8.665979 -8.494009 -31.127937 -21.579968 -63.228300 -6.341385 0.733377 5.074393 5.812589 14.832839 5.635085 -24.957424 -47.068621 18.649758 3.989037 60.034776 -2.842191 -7.840789 -20.280483 -1.968236 0.000000 -0.000000 0.000000 19.867955 -47.657962 -12.463803 -3.052716 58.184948 1.899627 -10.337906 -20.470083 6.237908 -0.000000 -0.000000 0.000000
-17.573555 86.711203 -241.662059 0.221351 11.855239 0.060169 -0.502520 8.536987 0.497322 -0.231876 3.793677 0.229668 -0.231876 3.793677 0.229668 -0.175271 2.845172 0.173629 2.460291 11.780496 -0.113138 4.762401 -14.261328 -1.279651 7.976896 12.531238 9.252447 27.484364 -33.786768 59.798266 -4.025524 12.181052 -4.864602 -1.271976 17.189941 -6.398877 -7.154745 8.720140 -8.453072 -31.090183 -21.591157 -63.241367 -6.318645 0.700166 5.047622 5.823347 14.884593 5.623440 -25.058529 -47.059824 18.690883 4.076119 60.051158 -2.775419 -7.851039 -20.326449 -2.001192 0.000000 0.000000 -0.000000 19.889840 -47.671817 -12.482599 -3.053126 58.196751 1.902241 -10.391138 -20.476314 6.239300 0.000000 0.000000 0.000000
-17.596262 86.704568 -241.652418 0.264092 11.864911 0.069188 -0.523818 8.488668 0.481900 -0.240987 3.772197 0.223178 -0.240987 3.772197 0.223178 -0.182054 2.829060 0.168813 2.469043 11.824294 -0.102850 4.773063 -14.180162 -1.261768 7.994322 12.579878 9.216729 27.348192 -33.809762 59.906216 -4.024399 12.297158 -4.864524 -1.272992 17.180894 -6.395095 -7.174948 8.773143 -8.412021 -31.056867 -21.599040 -63.256650 -6.311404 0.678095 5.033426 5.831113 14.917047 5.615191 -25.146421 -47.048155 18.724460 4.165583 60.067565 -2.694778 -7.865388 -20.373001 -2.037146 0.000000 -0.000000 0.000000 19.883857 -47.688311 -12.477653 -3.052485 58.211545 1.896268 -10.434064 -20.483896 6.241004 0.000000 0.000000 -0.000000
-17.619379 86.697017 -241.642932 0.304263 11.869013 0.066314 -0.542655 8.444452 0.473993 -0.249152 3.752535 0.219973 -0.249152 3.752535 0.219973 -0.188150 2.814312 0.166453 2.478024 11.868487 -0.100236 4.787457 -14.097925 -1.258650 8.008346 12.618883 9.182376 27.307643 -33.789171 59.958028 -4.037095 12.347053 -4.873377 -1.281323 17.164412 -6.398211 -7.199731 8.823900 -8.373496 -31.025177 -21.601386 -63.276840 -6.324285 0.687798 5.039628 5.834391 14.910266 5.613508 -25.209699 -47.034032 18.745623 4.256273 60.084859 -2.591369 -7.886587 -20.420690 -2.078124 0.000000 -0.000000 0.000000 19.826410 -47.712661 -12.428140 -3.046460 58.233086 1.875345 -10.460003 -20.494771 6.243805 0.000000 -0.000000 -0.000000
-17.642962 86.689264 -241.633453 0.343576 11.868913 0.057222 -0.559619 8.402968 0.470035 -0.256563 3.734085 0.218484 -0.256563 3.734085 0.218484 -0.193691 2.800473 0.165375 2.486766 11.913732 -0.101399 4.802973 -14.013585 -1.262604 8.018238 12.650620 9.148099 27.315366 -33.746521 59.980998 -4.055854 12.361553 -4.887901 -1.293933 17.142378 -6.406566 -7.226717 8.873499 -8.334869 -30.997931 -21.600440 -63.299255 -6.352687 0.708653 5.058381 5.834696 14.884188 5.615249 -25.259751 -47.017053 18.759214 4.349425 60.102109 -2.474016 -7.911876 -20.468967 -2.122098 -0.000000 -0.000000 0.000000 19.740988 -47.739616 -12.354780 -3.039418 58.257633 1.845805 -10.475634 -20.507001 6.246917 -0.000000 0.000000 -0.000000
-17.666428 86.682632 -241.623080 0.385707 11.866573 0.050896 -0.573789 8.360859 0.465294 -0.262721 3.715361 0.216593 -0.262721 3.715361 0.216593 -0.198290 2.786429 0.163987 2.492226 11.960674 -0.097126 4.809807 -13.926444 -1.254669 8.019177 12.683600 9.115035 27.297812 -33.717711 60.013048 -4.070569 12.389698 -4.900601 -1.306060 17.125059 -6.417100 -7.258274 8.925518 -8.293309 -30.991684 -21.589449 -63.315834 -6.387592 0.721317 5.083498 5.833615 14.855872 5.619183 -25.290150 -47.000878 18.757886 4.415820 60.116120 -2.375055 -7.935711 -20.513009 -2.159157 0.000000 -0.000000 0.000000 19.682713 -47.756213 -12.306969 -3.056242 58.277491 1.817152 -10.485533 -20.518142 6.247657 0.000000 0.000000 0.000000
-17.690737 86.677369 -241.610490 0.433885 11.862732 0.052238 -0.584214 8.315230 0.456390 -0.267143 3.695082 0.212783 -0.267143 3.695082 0.212783 -0.201576 2.771220 0.161149 2.492392 12.011548 -0.079653 4.800733 -13.832760 -1.219068 8.003612 12.721805 9.085901 27.214796 -33.722266 60.075929 -4.077009 12.458893 -4.908684 -1.316901 17.121162 -6.429301 -7.300336 8.984363 -8.244277 -31.028682 -21.555181 -63.318315 -6.427127 0.713521 5.118389 5.830439 14.824626 5.627760 -25.291817 -46.988018 18.733489 4.436199 60.126099 -2.310779 -7.955999 -20.551873 -2.184293 0.000000 0.000000 0.000000 19.688814 -47.754078 -12.316952 -3.120429 58.289345 1.791602 -10.490021 -20.528108 6.244329 -0.000000 0.000000 0.000000
-17.714928 86.673225 -241.597007 0.484881 11.856641 0.056341 -0.591834 8.268978 0.446684 -0.270310 3.674531 0.208565 -0.270310 3.674531 0.208565 -0.203918 2.755807 0.157997 2.489268 12.064120 -0.056746 4.783026 -13.736262 -1.171640 7.979092 12.761281 9.057918 27.106342 -33.740390 60.147913 -4.079303 12.541723 -4.914940 -1.327240 17.121980 -6.443706 -7.346979 9.045636 -8.192352 -31.086685 -21.510924 -63.315067 -6.473111 0.697567 5.159756 5.825909 14.791149 5.638561 -25.273871 -46.975942 18.694218 4.429739 60.132910 -2.264966 -7.974864 -20.586497 -2.202502 0.000000 -0.000000 -0.000000 19.722115 -47.741600 -12.352524 -3.208470 58.296468 1.766939 -10.488772 -20.536985 6.238624 -0.000000 0.000000 0.000000
-17.735532 86.670775 -241.585703 0.532688 11.848032 0.057481 -0.598566 8.227428 0.441567 -0.273170 3.656064 0.206368 -0.273170 3.656064 0.206368 -0.206044 2.741957 0.156360 2.485824 12.112346 -0.042492 4.768604 -13.647469 -1.140834 7.963454 12.798619 9.024027 27.019336 -33.749042 60.201529 -4.079882 12.604997 -4.920304 -1.334701 17.111660 -6.458848 -7.382769 9.099669 -8.148311 -31.115545 -21.489695 -63.322837 -6.522142 0.690928 5.191282 5.823695 14.774564 5.642965 -25.257182 -46.960770 18.657259 4.424809 60.135906 -2.221251 -7.993093 -20.614862 -2.218874 0.000000 -0.000000 0.000000 19.726298 -47.731119 -12.366578 -3.274710 58.301056 1.746037 -10.485383 -20.542579 6.232946 0.000000 0.000000 0.000000
-17.750627 86.670183 -241.578182 0.574871 11.836542 0.050856 -0.605903 8.192400 0.445932 -0.276472 3.640483 0.208392 -0.276472 3.640483 0.208392 -0.208527 2.730269 0.157890 2.482873 12.154576 -0.046671 4.763211 -13.569013 -1.145723 7.969726 12.834420 8.977675 26.973479 -33.736741 60.221893 -4.078017 12.632461 -4.923705 -1.335541 17.073303 -6.474481 -7.396748 9.137768 -8.121292 -31.073118 -21.513078 -63.356572 -6.576701 0.706904 5.199634 5.826735 14.795352 5.632871 -25.249382 -46.940394 18.629258 4.430492 60.133970 -2.172068 -8.009828 -20.635061 -2.235995 -0.000000 -0.000000 0.000000 19.666316 -47.730613 -12.330210 -3.294980 58.305265 1.729519 -10.480251 -20.544020 6.228591 -0.000000 -0.000000 0.000000
-17.762134 86.671286 -241.572840 0.613869 11.822544 0.041265 -0.612368 8.162063 0.454900 -0.279472 3.626982 0.212445 -0.279472 3.626982 0.212445 -0.210796 2.720140 0.160941 2.479598 12.192467 -0.059506 4.761032 -13.498258 -1.167190 7.984883 12.868086 8.925503 26.949187 -33.715164 60.223866 -4.074529 12.640362 -4.926234 -1.333566 17.023795 -6.490865 -7.399857 9.168581 -8.102034 -31.001432 -21.559339 -63.401276 -6.634388 0.732105 5.197914 5.832012 14.833004 5.616268 -25.242840 -46.916937 18.603573 4.437659 60.128222 -2.125030 -8.025933 -20.649001 -2.251279 -0.000000 -0.000000 0.000000 19.577242 -47.732085 -12.272364 -3.293430 58.306969 1.716780 -10.472981 -20.542178 6.224264 0.000000 -0.000000 -0.000000
-17.772350 86.674163 -241.567944 0.650981 11.806876 0.037391 -0.615412 8.136264 0.459207 -0.280876 3.615507 0.214377 -0.280876 3.615507 0.214377 -0.211857 2.711533 0.162393 2.476523 12.224934 -0.065742 4.756624 -13.437841 -1.176376 7.987670 12.894377 8.880228 26.934557 -33.696190 60.224497 -4.074221 12.644259 -4.932085 -1.337687 16.997965 -6.507264 -7.409502 9.208440 -8.073694 -30.976756 -21.596675 -63.428574 -6.684532 0.744012 5.209544 5.834239 14.845189 5.608700 -25.235526 -46.892904 18.577440 4.447364 60.121365 -2.086544 -8.044772 -20.660395 -2.262057 0.000000 -0.000000 0.000000 19.508048 -47.724057 -12.232824 -3.296888 58.301967 1.708841 -10.465990 -20.537479 6.218480 0.000000 -0.000000 0.000000
-17.781506 86.678771 -241.563525 0.687190 11.789337 0.044315 -0.612847 8.117508 0.454445 -0.279640 3.607180 0.212198 -0.279640 3.607180 0.212198 -0.210915 2.705289 0.160749 2.474026 12.248957 -0.057821 4.747630 -13.393671 -1.159162 7.963160 12.905279 8.848608 26.937284 -33.681644 60.222977 -4.081348 12.639716 -4.944382 -1.355140 17.030615 -6.521730 -7.436194 9.267431 -8.023948 -31.049571 -21.613266 -63.423839 -6.721310 0.727657 5.252733 5.830099 14.799078 5.622004 -25.230291 -46.870143 18.550474 4.466740 60.116452 -2.055418 -8.069090 -20.670822 -2.267559 -0.000000 -0.000000 0.000000 19.483883 -47.700433 -12.233953 -3.312047 58.288012 1.712786 -10.462685 -20.529526 6.210452 -0.000000 -0.000000 0.000000
-17.789372 86.685155 -241.559552 0.721506 11.770113 0.056953 -0.606835 8.103299 0.445034 -0.276799 3.600883 0.207904 -0.276799 3.600884 0.207904 -0.208757 2.700570 0.157510 2.471716 12.267544 -0.043299 4.736403 -13.359857 -1.129675 7.926233 12.908804 8.823808 26.949654 -33.669749 60.220117 -4.091679 12.631185 -4.959995 -1.378571 17.086969 -6.536209 -7.469365 9.335476 -7.965135 -31.169527 -21.621042 -63.401569 -6.750454 0.698112 5.309489 5.823028 14.727536 5.644498 -25.224296 -46.846811 18.523059 4.488641 60.110441 -2.032857 -8.096147 -20.678699 -2.268554 0.000000 -0.000000 -0.000000 19.479578 -47.667353 -12.253354 -3.332214 58.267351 1.721533 -10.459661 -20.518717 6.200970 -0.000000 -0.000000 0.000000
-17.797552 86.693530 -241.554195 0.752281 11.750620 0.068739 -0.601339 8.085985 0.434950 -0.274172 3.593207 0.203317 -0.274172 3.593207 0.203317 -0.206758 2.694815 0.154052 2.468966 12.288653 -0.029588 4.724601 -13.321339 -1.101450 7.900357 12.923718 8.798136 26.936645 -33.666926 60.235347 -4.097227 12.647553 -4.973724 -1.395065 17.097477 -6.555740 -7.494868 9.398647 -7.917449 -31.261754 -21.623994 -63.377100 -6.778703 0.677934 5.349042 5.817785 14.686779 5.656403 -25.206998 -46.819860 18.493611 4.492716 60.096885 -2.028862 -8.121079 -20.682991 -2.264686 0.000000 0.000000 0.000000 19.468705 -47.631782 -12.263726 -3.364114 58.242521 1.714880 -10.449113 -20.506662 6.190910 -0.000000 -0.000000 0.000000
-17.807532 86.705152 -241.546069 0.780152 11.729765 0.076921 -0.597088 8.062990 0.425867 -0.272112 3.583002 0.199189 -0.272112 3.583002 0.199189 -0.205186 2.687164 0.150940 2.465134 12.315958 -0.019099 4.711888 -13.271219 -1.078661 7.897119 12.961008 8.768872 26.867554 -33.682511 60.285185 -4.092783 12.719576 -4.986163 -1.398364 17.004036 -6.591337 -7.505730 9.447867 -7.892215 -31.301080 -21.618295 -63.348473 -6.810816 0.673870 5.352512 5.815288 14.713969 5.643190 -25.161046 -46.786595 18.453018 4.461085 60.069786 -2.050908 -8.144310 -20.682370 -2.254298 -0.000000 0.000000 -0.000000 19.439485 -47.592958 -12.252793 -3.423160 58.211408 1.675178 -10.422360 -20.492844 6.180308 -0.000000 -0.000000 0.000000
-17.817827 86.718767 -241.536558 0.804483 11.708645 0.084254 -0.593351 8.036887 0.416107 -0.270266 3.571417 0.194767 -0.270265 3.571417 0.194767 -0.203773 2.678478 0.147609 2.460866 12.345792 -0.009425 4.698617 -13.216383 -1.057149 7.904973 13.009674 8.738809 26.772994 -33.707017 60.353175 -4.083500 12.816483 -4.996701 -1.394852 16.864728 -6.632012 -7.508956 9.492206 -7.878078 -31.312676 -21.607770 -63.317728 -6.842111 0.679072 5.338683 5.814457 14.771911 5.619222 -25.103864 -46.749675 18.410479 4.411715 60.035140 -2.091435 -8.165414 -20.678159 -2.239052 0.000000 0.000000 -0.000000 19.403758 -47.551645 -12.232897 -3.493796 58.176088 1.620231 -10.388087 -20.477775 6.169136 0.000000 -0.000000 0.000000
-17.825587 86.730827 -241.527983 0.821713 11.691963 0.092452 -0.591896 8.007741 0.404603 -0.269400 3.558479 0.189608 -0.269400 3.558479 0.189608 -0.203091 2.668776 0.143731 2.457473 12.375112 -0.000753 4.687468 -13.162428 -1.037950 7.912706 13.055477 8.708501 26.710035 -33.718752 60.409161 -4.076911 12.874874 -4.998348 -1.390633 16.784258 -6.649740 -7.511426 9.544945 -7.861227 -31.297140 -21.607929 -63.306297 -6.865262 0.695717 5.333227 5.817049 14.805300 5.608050 -25.076994 -46.714140 18.391775 4.377963 60.004504 -2.137948 -8.178252 -20.673313 -2.223569 0.000000 0.000000 0.000000 19.370553 -47.517118 -12.213707 -3.536406 58.145429 1.582897 -10.364542 -20.464621 6.158166 0.000000 0.000000 0.000000
-17.829351 86.740747 -241.521134 0.829063 11.683099 0.103075 -0.594343 7.973090 0.389445 -0.270200 3.543096 0.182889 -0.270200 3.543096 0.182889 -0.203647 2.657242 0.138691 2.456697 12.404077 0.007339 4.681578 -13.109020 -1.020984 7.915858 13.091630 8.677538 26.713463 -33.702433 60.438010 -4.077117 12.848193 -4.984003 -1.388169 16.825538 -6.624056 -7.514351 9.617346 -7.834473 -31.237478 -21.633214 -63.332848 -6.879528 0.735873 5.350252 5.825873 14.782287 5.625537 -25.110655 -46.679428 18.417538 4.377860 59.980310 -2.191970 -8.176662 -20.667362 -2.208575 0.000000 0.000000 -0.000000 19.343160 -47.493445 -12.198431 -3.528525 58.121112 1.579608 -10.362089 -20.453210 6.146773 -0.000000 0.000000 0.000000
-17.830580 86.749114 -241.515220 0.829316 11.678677 0.114571 -0.599059 7.935389 0.372558 -0.271976 3.526357 0.175439 -0.271976 3.526358 0.175438 -0.204931 2.644691 0.133108 2.456792 12.432529 0.014416 4.677803 -13.056490 -1.006348 7.918882 13.124902 8.646290 26.748601 -33.673551 60.454814 -4.080108 12.782997 -4.960808 -1.384792 16.925648 -6.575338 -7.516519 9.698160 -7.805041 -31.150607 -21.669099 -63.378778 -6.885661 0.787514 5.375644 5.838179 14.734740 5.655874 -25.174450 -46.646117 18.466935 4.393334 59.960128 -2.252014 -8.166805 -20.660784 -2.193341 0.000000 0.000000 0.000000 19.318264 -47.476559 -12.183839 -3.492783 58.101492 1.593749 -10.370358 -20.443720 6.135571 0.000000 0.000000 0.000000
-17.830803 86.754135 -241.510188 0.827247 11.673262 0.123986 -0.602945 7.902074 0.358626 -0.273439 3.511566 0.169288 -0.273439 3.511566 0.169288 -0.205989 2.633600 0.128500 2.453827 12.456951 0.019003 4.669390 -13.011443 -0.995346 7.923895 13.161397 8.616438 26.768422 -33.656624 60.474588 -4.081176 12.755553 -4.943118 -1.378999 17.000540 -6.536824 -7.521194 9.766903 -7.780756 -31.088050 -21.687727 -63.409528 -6.878559 0.816725 5.392799 5.847511 14.702950 5.675184 -25.219012 -46.621055 18.503553 4.403473 59.948249 -2.301183 -8.161039 -20.657949 -2.180308 0.000000 -0.000000 0.000000 19.294959 -47.463536 -12.169913 -3.457298 58.090498 1.608506 -10.376500 -20.439849 6.127183 0.000000 -0.000000 0.000000
-17.830074 86.755380 -241.506239 0.823915 11.663515 0.131484 -0.603759 7.878364 0.348960 -0.273621 3.501040 0.164988 -0.273621 3.501040 0.164988 -0.206098 2.625707 0.125272 2.444268 12.474536 0.020851 4.649801 -12.979192 -0.987090 7.931392 13.203377 8.587502 26.751687 -33.664825 60.503251 -4.078490 12.810427 -4.937370 -1.367631 17.016817 -6.520034 -7.531313 9.812173 -7.764858 -31.086813 -21.670397 -63.402501 -6.853179 0.798720 5.396013 5.849874 14.704128 5.671016 -25.220642 -46.607404 18.510173 4.396640 59.946638 -2.336292 -8.164576 -20.659994 -2.169534 -0.000000 0.000000 -0.000000 19.270106 -47.451678 -12.155650 -3.427026 58.088981 1.620590 -10.376137 -20.443505 6.122576 0.000000 0.000000 -0.000000
-17.828339 86.753280 -241.503172 0.818262 11.652776 0.136903 -0.603757 7.859043 0.342248 -0.273495 3.492461 0.161989 -0.273494 3.492461 0.161989 -0.205984 2.619274 0.123019 2.431644 12.488089 0.020198 4.625562 -12.954421 -0.982485 7.940847 13.248588 8.559968 26.719577 -33.684888 60.534878 -4.073799 12.903054 -4.937086 -1.353978 17.007878 -6.513524 -7.543955 9.845368 -7.754112 -31.109942 -21.635881 -63.380264 -6.814536 0.758298 5.390937 5.849262 14.721076 5.655841 -25.203116 -46.602030 18.504102 4.384429 59.953337 -2.360566 -8.172206 -20.665777 -2.160960 -0.000000 0.000000 -0.000000 19.246840 -47.443681 -12.142046 -3.396982 58.096088 1.633322 -10.373646 -20.452778 6.120782 0.000000 -0.000000 -0.000000
-17.826968 86.747338 -241.500327 0.811891 11.645628 0.136789 -0.606600 7.835899 0.339237 -0.274691 3.482177 0.160674 -0.274691 3.482177 0.160674 -0.206871 2.611562 0.122035 2.422623 12.502508 0.016308 4.609522 -12.927795 -0.985524 7.952848 13.296363 8.536968 26.688720 -33.701616 60.566624 -4.067693 12.976018 -4.937214 -1.346368 16.989887 -6.516128 -7.553613 9.880194 -7.746618 -31.098147 -21.612652 -63.375817 -6.772625 0.735919 5.378087 5.851256 14.742476 5.643199 -25.188358 -46.602414 18.500803 4.380773 59.966770 -2.366717 -8.180653 -20.676248 -2.156859 -0.000000 0.000000 -0.000000 19.233664 -47.444703 -12.132067 -3.380329 58.113194 1.639862 -10.369308 -20.465639 6.121521 0.000000 0.000000 0.000000
-17.826624 86.735747 -241.496906 0.805555 11.643253 0.129127 -0.615215 7.804301 0.341044 -0.278524 3.468125 0.161581 -0.278524 3.468125 0.161581 -0.209747 2.601021 0.122731 2.420406 12.521194 0.006359 4.608840 -12.892784 -1.002777 7.968557 13.346670 8.520222 26.669139 -33.705104 60.596462 -4.058211 13.000858 -4.936505 -1.349139 16.961647 -6.530450 -7.556609 9.920912 -7.743785 -31.008613 -21.615577 -63.409093 -6.732525 0.755688 5.352828 5.858975 14.772296 5.637611 -25.184833 -46.608287 18.505058 4.398339 59.989893 -2.342181 -8.191251 -20.695281 -2.160041 -0.000000 -0.000000 0.000000 19.236385 -47.457815 -12.127305 -3.383919 58.144689 1.636273 -10.364330 -20.482672 6.125949 0.000000 -0.000000 0.000000
-17.826644 86.720313 -241.493707 0.798502 11.644468 0.115933 -0.626691 7.768886 0.346560 -0.283684 3.452369 0.164176 -0.283684 3.452369 0.164176 -0.213627 2.589202 0.124699 2.421804 12.540737 -0.006818 4.616361 -12.855935 -1.027649 7.986805 13.399538 8.508008 26.650834 -33.705268 60.626396 -4.047347 13.006034 -4.936219 -1.357935 16.924367 -6.553867 -7.556633 9.963258 -7.744207 -30.884132 -21.629656 -63.460129 -6.689164 0.793530 5.319951 5.869329 14.806560 5.634593 -25.184079 -46.619922 18.512084 4.424539 60.019739 -2.299446 -8.202662 -20.719005 -2.167694 0.000000 -0.000000 -0.000000 19.249188 -47.479952 -12.126160 -3.400932 58.186184 1.626457 -10.357508 -20.503294 6.132909 0.000000 0.000000 0.000000
-17.826411 86.705963 -241.492461 0.790078 11.650316 0.099804 -0.635927 7.735348 0.353189 -0.287870 3.437447 0.167227 -0.287870 3.437447 0.167227 -0.216780 2.578008 0.127003 2.423897 12.555820 -0.015475 4.623459 -12.827521 -1.044385 8.004686 13.454386 8.498296 26.620409 -33.716652 60.659601 -4.041626 13.019506 -4.935073 -1.368021 16.897822 -6.577324 -7.559223 10.008155 -7.741777 -30.793907 -21.638737 -63.501988 -6.637327 0.817591 5.294142 5.878589 14.822019 5.634125 -25.182626 -46.635612 18.522983 4.435352 60.045858 -2.268884 -8.207601 -20.736759 -2.173651 0.000000 -0.000000 -0.000000 19.263135 -47.507073 -12.126796 -3.424020 58.225890 1.615327 -10.345509 -20.523723 6.138649 0.000000 -0.000000 0.000000
-17.825484 86.694121 -241.494081 0.779987 11.661878 0.080162 -0.641293 7.705999 0.361151 -0.290365 3.424388 0.170809 -0.290365 3.424388 0.170809 -0.218667 2.568211 0.129697 2.426640 12.562486 -0.016555 4.628908 -12.815014 -1.047311 8.019980 13.512138 8.491793 26.562446 -33.752868 60.699573 -4.042446 13.055302 -4.931654 -1.379976 16.893874 -6.601365 -7.567692 10.058814 -7.733275 -30.773427 -21.636678 -63.523950 -6.570123 0.811564 5.285401 5.886286 14.795374 5.640620 -25.173644 -46.657594 18.534775 4.412363 60.065629 -2.264653 -8.200618 -20.743565 -2.175218 0.000000 -0.000000 -0.000000 19.281283 -47.538601 -12.133024 -3.457366 58.260750 1.603655 -10.325518 -20.542942 6.141721 0.000000 -0.000000 0.000000
-17.824303 86.683362 -241.497654 0.768517 11.678072 0.057581 -0.644420 7.678527 0.370223 -0.291885 3.412163 0.174848 -0.291885 3.412163 0.174848 -0.219826 2.559040 0.132728 2.430066 12.564699 -0.013109 4.633914 -12.810931 -1.042089 8.034899 13.571874 8.487783 26.492288 -33.800271 60.742933 -4.048423 13.099394 -4.927396 -1.393232 16.900645 -6.625450 -7.578725 10.112027 -7.721934 -30.787246 -21.629778 -63.536729 -6.494458 0.791688 5.283538 5.892837 14.749909 5.649544 -25.163976 -46.683641 18.550441 4.373895 60.081687 -2.272692 -8.187166 -20.744399 -2.175093 0.000000 -0.000000 -0.000000 19.300585 -47.575111 -12.141049 -3.496808 58.293823 1.590638 -10.300346 -20.561965 6.143570 0.000000 -0.000000 0.000000
-17.823574 86.674340 -241.502178 0.755890 11.696688 0.036391 -0.645092 7.651688 0.377129 -0.292280 3.400225 0.177886 -0.292280 3.400225 0.177886 -0.220137 2.550085 0.135003 2.431362 12.569038 -0.006563 4.633495 -12.803099 -1.029988 8.053203 13.630241 8.482109 26.442757 -33.832543 60.782432 -4.061912 13.137656 -4.925276 -1.401364 16.902302 -6.638885 -7.587922 10.159093 -7.711311 -30.798214 -21.620676 -63.545527 -6.425815 0.774946 5.272957 5.895860 14.732284 5.647530 -25.170668 -46.705338 18.580043 4.350976 60.091481 -2.281095 -8.176313 -20.743523 -2.175205 0.000000 -0.000000 0.000000 19.302903 -47.614285 -12.137576 -3.522425 58.322489 1.578890 -10.275104 -20.580054 6.144784 0.000000 -0.000000 0.000000
-17.823297 86.666471 -241.506675 0.740567 11.716674 0.017893 -0.642137 7.624101 0.380727 -0.291011 3.387961 0.179397 -0.291011 3.387961 0.179397 -0.219190 2.540887 0.136124 2.429334 12.579319 0.003529 4.625066 -12.784487 -1.009506 8.078517 13.687841 8.472029 26.434542 -33.832762 60.812691 -4.086184 13.164753 -4.928985 -1.400129 16.884576 -6.636553 -7.590955 10.193889 -7.704032 -30.797244 -21.604535 -63.547951 -6.368413 0.765098 5.241742 5.892193 14.775752 5.622103 -25.205621 -46.716819 18.633596 4.358830 60.093377 -2.288803 -8.172436 -20.743388 -2.175696 0.000000 -0.000000 0.000000 19.271657 -47.657698 -12.108744 -3.528419 58.349717 1.559427 -10.247014 -20.601078 6.149223 -0.000000 0.000000 0.000000
-17.823472 86.660338 -241.512122 0.724086 11.739083 0.000782 -0.636723 7.597143 0.382155 -0.288616 3.375982 0.179907 -0.288616 3.375982 0.179907 -0.217394 2.531903 0.136487 2.425173 12.591729 0.016713 4.611217 -12.762116 -0.982165 8.107233 13.744071 8.460319 26.447067 -33.817916 60.838958 -4.117971 13.186002 -4.934810 -1.393750 16.861756 -6.623553 -7.592137 10.222535 -7.697438 -30.793415 -21.586178 -63.546400 -6.318030 0.758453 5.201890 5.885033 14.847103 5.585867 -25.256929 -46.723887 18.701101 4.382260 60.089010 -2.296843 -8.171159 -20.741543 -2.176422 -0.000000 -0.000000 0.000000 19.223313 -47.703740 -12.068269 -3.520564 58.372528 1.541263 -10.218854 -20.621166 6.153030 -0.000000 0.000000 0.000000
-17.824802 86.658352 -241.520450 0.711284 11.764875 -0.014519 -0.632139 7.573703 0.381560 -0.286558 3.365570 0.179538 -0.286558 3.365570 0.179538 -0.215847 2.524094 0.136195 2.419649 12.601389 0.030214 4.594739 -12.744899 -0.953770 8.132261 13.793766 8.451077 26.451316 -33.812547 60.869815 -4.149795 13.203265 -4.934635 -1.388514 16.860849 -6.604514 -7.600025 10.254700 -7.687158 -30.776810 -21.582715 -63.553279 -6.277479 0.760832 5.173824 5.881601 14.893302 5.563132 -25.305955 -46.735654 18.762632 4.406685 60.080737 -2.296404 -8.168420 -20.734902 -2.178877 -0.000000 0.000000 -0.000000 19.189377 -47.745352 -12.044291 -3.496224 58.379394 1.554094 -10.204075 -20.627965 6.145224 0.000000 0.000000 0.000000
-17.828569 86.662085 -241.533071 0.704193 11.794360 -0.028125 -0.629388 7.557471 0.378474 -0.285277 3.358362 0.178104 -0.285277 3.358362 0.178104 -0.214876 2.518689 0.135109 2.412669 12.604253 0.044175 4.575525 -12.740357 -0.924171 8.150753 13.833789 8.447926 26.437272 -33.830330 60.906771 -4.180764 13.213508 -4.923961 -1.387609 16.904305 -6.577194 -7.620796 10.297330 -7.668832 -30.732312 -21.612099 -63.578946 -6.250295 0.783097 5.168016 5.886730 14.883683 5.569192 -25.348228 -46.756651 18.809034 4.444044 60.071494 -2.262801 -8.165979 -20.723305 -2.188746 -0.000000 0.000000 -0.000000 19.187222 -47.778050 -12.052400 -3.449246 58.362435 1.620943 -10.212203 -20.614400 6.117436 0.000000 -0.000000 -0.000000
-17.833491 86.669965 -241.548571 0.700782 11.827232 -0.039917 -0.627465 7.544759 0.373362 -0.284333 3.352720 0.175790 -0.284333 3.352720 0.175790 -0.214154 2.514459 0.133366 2.404333 12.604371 0.058461 4.553683 -12.740961 -0.893500 8.165551 13.867275 8.447208 26.414917 -33.857558 60.948357 -4.211758 13.219785 -4.907302 -1.387908 16.969682 -6.543891 -7.648240 10.343503 -7.646837 -30.675028 -21.656379 -63.613115 -6.232915 0.814324 5.174043 5.895548 14.848865 5.588669 -25.388257 -46.782378 18.849494 4.482357 60.058334 -2.220752 -8.162083 -20.706910 -2.200341 0.000000 -0.000000 -0.000000 19.199590 -47.806348 -12.077146 -3.385939 58.329485 1.718650 -10.233731 -20.587568 6.078035 0.000000 0.000000 0.000000
-17.836429 86.679680 -241.564649 0.699791 11.863540 -0.049118 -0.626651 7.527396 0.367772 -0.283870 3.345012 0.173276 -0.283870 3.345012 0.173276 -0.213791 2.508679 0.131475 2.395698 12.609012 0.069878 4.532327 -12.733060 -0.867986 8.178093 13.898461 8.442082 26.385217 -33.877670 60.998675 -4.237960 13.233109 -4.890100 -1.386230 17.016631 -6.516014 -7.672371 10.382074 -7.629929 -30.640395 -21.678815 -63.637113 -6.217535 0.827627 5.180950 5.900805 14.827741 5.599875 -25.420897 -46.808461 18.891598 4.471228 60.034818 -2.235504 -8.147400 -20.683101 -2.198087 0.000000 -0.000000 0.000000 19.206100 -47.836735 -12.100185 -3.322235 58.292645 1.807759 -10.253545 -20.556351 6.041158 0.000000 -0.000000 0.000000
-17.836642 86.690813 -241.580075 0.701570 11.904449 -0.054076 -0.627060 7.499173 0.361072 -0.283925 3.332477 0.170275 -0.283925 3.332477 0.170275 -0.213813 2.499279 0.129220 2.386286 12.623585 0.078333 4.510413 -12.706628 -0.847396 8.187844 13.930819 8.429063 26.338907 -33.884747 61.069070 -4.257866 13.264300 -4.873058 -1.381577 17.022874 -6.501585 -7.689588 10.405870 -7.621539 -30.653214 -21.650691 -63.639488 -6.200449 0.801750 5.185332 5.898573 14.841377 5.591684 -25.444755 -46.833312 18.937831 4.392700 59.997497 -2.332152 -8.116558 -20.652978 -2.176784 -0.000000 0.000000 -0.000000 19.189900 -47.872427 -12.109872 -3.254278 58.253992 1.878110 -10.266744 -20.522398 6.009346 -0.000000 0.000000 0.000000
-17.834872 86.703780 -241.596077 0.705775 11.948794 -0.056436 -0.628577 7.466301 0.353894 -0.284461 3.317876 0.167075 -0.284461 3.317876 0.167075 -0.214194 2.488330 0.126817 2.376577 12.642678 0.083908 4.489004 -12.671697 -0.831994 8.195338 13.960879 8.411637 26.285279 -33.884653 61.148177 -4.272989 13.302546 -4.855499 -1.374896 17.010679 -6.492533 -7.703522 10.422045 -7.618227 -30.688664 -21.600714 -63.631682 -6.185401 0.757957 5.190531 5.892815 14.868727 5.575260 -25.461183 -46.858544 18.985666 4.265199 59.949666 -2.485144 -8.074915 -20.615468 -2.141608 -0.000000 0.000000 -0.000000 19.167808 -47.910218 -12.117793 -3.185903 58.211474 1.939880 -10.278230 -20.484045 5.980063 0.000000 -0.000000 0.000000
-17.830201 86.717523 -241.614035 0.710107 11.993125 -0.060369 -0.631141 7.439238 0.349694 -0.285515 3.305851 0.165219 -0.285515 3.305851 0.165219 -0.214971 2.479312 0.125426 2.369069 12.657329 0.083671 4.474353 -12.644724 -0.828748 8.203607 13.982466 8.393421 26.253162 -33.878582 61.205994 -4.283015 13.326403 -4.840770 -1.365895 17.006510 -6.476097 -7.715068 10.440930 -7.618445 -30.707825 -21.578297 -63.629129 -6.175774 0.733149 5.195734 5.888205 14.885539 5.562395 -25.469128 -46.884590 19.035156 4.093037 59.894973 -2.683618 -8.029212 -20.564699 -2.092559 0.000000 0.000000 0.000000 19.169973 -47.946968 -12.140494 -3.144322 58.171077 1.984375 -10.287576 -20.445186 5.959851 -0.000000 0.000000 -0.000000
-17.820306 86.732852 -241.636126 0.711633 12.038867 -0.068814 -0.637174 7.421105 0.351241 -0.288205 3.297785 0.165979 -0.288205 3.297785 0.165979 -0.216990 2.473261 0.126007 2.365655 12.665302 0.072473 4.472274 -12.629602 -0.848322 8.217749 13.991351 8.372500 26.272056 -33.857774 61.221338 -4.287313 13.315379 -4.829858 -1.351426 17.026559 -6.438074 -7.721698 10.469828 -7.623845 -30.671907 -21.616450 -63.648814 -6.174795 0.756950 5.200362 5.887161 14.878117 5.559156 -25.461569 -46.913787 19.089728 3.837461 59.827471 -2.965464 -7.972982 -20.487844 -2.018865 0.000000 -0.000000 0.000000 19.215249 -47.983933 -12.188154 -3.141395 58.134056 2.006793 -10.296265 -20.404727 5.953373 0.000000 -0.000000 -0.000000
-17.807510 86.748956 -241.660172 0.713279 12.084594 -0.078834 -0.644250 7.408782 0.355773 -0.291408 3.292297 0.168086 -0.291408 3.292297 0.168086 -0.219402 2.469143 0.127601 2.364430 12.668822 0.055469 4.476917 -12.622457 -0.880024 8.232644 13.991767 8.350777 26.312435 -33.831059 61.215392 -4.286494 13.289962 -4.821732 -1.334613 17.054632 -6.392669 -7.725949 10.501429 -7.632774 -30.619720 -21.682178 -63.673782 -6.179200 0.799745 5.205018 5.887259 14.860151 5.559472 -25.445500 -46.943837 19.145906 3.538274 59.752480 -3.291777 -7.912571 -20.397747 -1.931328 0.000000 -0.000000 0.000000 19.284906 -48.019795 -12.250776 -3.165136 58.099190 2.012055 -10.302790 -20.363755 5.955964 -0.000000 0.000000 -0.000000
-17.797873 86.762345 -241.681022 0.721535 12.122582 -0.085781 -0.645041 7.403370 0.358428 -0.291798 3.289887 0.169269 -0.291798 3.289887 0.169269 -0.219700 2.467336 0.128489 2.362192 12.665617 0.045196 4.477038 -12.628081 -0.898762 8.235993 13.990226 8.337602 26.314624 -33.826082 61.221676 -4.282114 13.290183 -4.816717 -1.324663 17.068621 -6.369759 -7.736285 10.524156 -7.638709 -30.628882 -21.725907 -63.668201 -6.182664 0.809575 5.210706 5.885940 14.848456 5.556925 -25.440924 -46.968173 19.193445 3.316212 59.691365 -3.537875 -7.874051 -20.326973 -1.862325 -0.000000 -0.000000 0.000000 19.352698 -48.047565 -12.314614 -3.206931 58.068756 2.006113 -10.302245 -20.329433 5.960170 0.000000 -0.000000 -0.000000
-17.793364 86.771399 -241.696803 0.740091 12.149476 -0.087071 -0.634765 7.407054 0.357034 -0.287220 3.291535 0.168492 -0.287220 3.291535 0.168492 -0.216264 2.468573 0.127882 2.356304 12.652069 0.048366 4.464944 -12.653534 -0.890813 8.218092 13.990313 8.338927 26.223129 -33.871993 61.266713 -4.270737 13.357131 -4.814181 -1.327254 17.056606 -6.389911 -7.759363 10.527583 -7.638959 -30.761710 -21.713459 -63.602330 -6.177501 0.747658 5.216785 5.880949 14.852860 5.544665 -25.459863 -46.983896 19.229830 3.225588 59.654222 -3.650021 -7.872190 -20.288691 -1.824750 0.000000 0.000000 0.000000 19.420654 -48.062084 -12.384666 -3.279924 58.044028 1.983775 -10.288263 -20.306258 5.965711 -0.000000 0.000000 0.000000
-17.792014 86.777737 -241.709388 0.765268 12.168629 -0.085277 -0.618205 7.417648 0.353758 -0.279830 3.296260 0.166787 -0.279830 3.296260 0.166787 -0.210715 2.472120 0.126566 2.349403 12.631797 0.058257 4.448326 -12.691755 -0.869910 8.188666 13.988450 8.348832 26.093269 -33.939556 61.324284 -4.255820 13.449715 -4.814771 -1.336715 17.030487 -6.432543 -7.788514 10.522155 -7.636186 -30.955761 -21.678620 -63.505922 -6.171452 0.652772 5.223916 5.874536 14.863528 5.529537 -25.490318 -46.993859 19.257621 3.210635 59.631742 -3.683368 -7.892343 -20.269680 -1.805721 -0.000000 -0.000000 0.000000 19.486658 -48.068489 -12.455828 -3.370902 58.023723 1.950300 -10.267222 -20.289736 5.972880 0.000000 -0.000000 -0.000000
-17.793975 86.782735 -241.719244 0.792503 12.182385 -0.083489 -0.602389 7.429694 0.350235 -0.272767 3.301631 0.164986 -0.272767 3.301631 0.164986 -0.205411 2.476150 0.125180 2.346205 12.613400 0.067265 4.439059 -12.726346 -0.852151 8.164546 13.980394 8.358840 26.031971 -33.969025 61.348207 -4.249249 13.484687 -4.820773 -1.345316 17.003906 -6.465826 -7.812173 10.527593 -7.631884 -31.101834 -21.674160 -63.431879 -6.181345 0.589304 5.235139 5.870950 14.867792 5.525664 -25.516268 -47.000094 19.274218 3.225971 59.616803 -3.677543 -7.916583 -20.262903 -1.798928 0.000000 -0.000000 0.000000 19.518199 -48.075368 -12.499114 -3.431762 58.006292 1.927264 -10.253342 -20.273538 5.975085 -0.000000 -0.000000 0.000000
-17.800639 86.787232 -241.726720 0.821037 12.191708 -0.082770 -0.589971 7.442570 0.346464 -0.267207 3.307367 0.163130 -0.267207 3.307367 0.163130 -0.201233 2.480455 0.123761 2.349753 12.597602 0.072054 4.444311 -12.755746 -0.845128 8.154324 13.961566 8.365887 26.111662 -33.920394 61.305119 -4.256568 13.401801 -4.834464 -1.350694 16.975304 -6.477984 -7.825677 10.557092 -7.626025 -31.142052 -21.735745 -63.405262 -6.219192 0.592430 5.252671 5.873930 14.861697 5.543859 -25.533365 -47.002948 19.278697 3.261747 59.607134 -3.639948 -7.938144 -20.267766 -1.804539 -0.000000 0.000000 -0.000000 19.482967 -48.089127 -12.488011 -3.430945 57.989974 1.923490 -10.253810 -20.252919 5.967742 0.000000 -0.000000 0.000000
-17.810614 86.790388 -241.731468 0.851627 12.195633 -0.082062 -0.578294 7.456899 0.342454 -0.261973 3.313750 0.161180 -0.261973 3.313750 0.161180 -0.197300 2.485244 0.122273 2.357003 12.583676 0.075953 4.456923 -12.781522 -0.841275 8.149383 13.936538 8.372994 26.259794 -33.833574 61.228423 -4.272208 13.261289 -4.853414 -1.355241 16.946256 -6.480785 -7.833651 10.597443 -7.618618 -31.134497 -21.828106 -63.401000 -6.272958 0.627023 5.274154 5.879714 14.849233 5.573323 -25.545949 -47.002074 19.271972 3.327770 59.604951 -3.563221 -7.963793 -20.284869 -1.822380 0.000000 0.000000 0.000000 19.413231 -48.103415 -12.448970 -3.400051 57.976540 1.930113 -10.261440 -20.232624 5.955423 0.000000 0.000000 0.000000
-17.819874 86.791056 -241.732917 0.881975 12.193608 -0.081274 -0.566425 7.469087 0.339846 -0.256674 3.319178 0.159846 -0.256674 3.319178 0.159846 -0.193321 2.489317 0.121247 2.363554 12.578057 0.081372 4.467308 -12.791957 -0.833912 8.140727 13.914801 8.380794 26.366522 -33.769050 61.171163 -4.291401 13.160624 -4.873021 -1.358419 16.935129 -6.477773 -7.838488 10.628741 -7.611241 -31.144161 -21.897978 -63.396289 -6.323379 0.651997 5.295939 5.881359 14.829638 5.595766 -25.551031 -46.998477 19.254177 3.408336 59.609816 -3.464646 -7.995890 -20.308971 -1.845613 0.000000 -0.000000 0.000000 19.373440 -48.107773 -12.432560 -3.385750 57.969748 1.942143 -10.268888 -20.220561 5.945263 0.000000 -0.000000 0.000000
-17.826485 86.788476 -241.730023 0.911310 12.183422 -0.079927 -0.552725 7.477986 0.339066 -0.250591 3.323145 0.159290 -0.250591 3.323145 0.159290 -0.188758 2.492294 0.120798 2.368094 12.585268 0.090827 4.471773 -12.778791 -0.817528 8.123339 13.901258 8.389524 26.380294 -33.757656 61.157484 -4.318836 13.151120 -4.893258 -1.358922 16.961429 -6.462840 -7.841765 10.641267 -7.603249 -31.209374 -21.917415 -63.379895 -6.363064 0.643005 5.320212 5.874949 14.793443 5.604340 -25.544214 -46.991156 19.219830 3.504527 59.622567 -3.340883 -8.036116 -20.341175 -1.874628 0.000000 -0.000000 0.000000 19.399409 -48.093774 -12.468490 -3.406338 57.971264 1.966816 -10.274408 -20.221063 5.938493 0.000000 -0.000000 -0.000000
-17.832380 86.783408 -241.723831 0.940401 12.167285 -0.078509 -0.538832 7.484741 0.339688 -0.244444 3.326156 0.159348 -0.244444 3.326157 0.159348 -0.184150 2.494554 0.120809 2.371955 12.600781 0.101839 4.474036 -12.750294 -0.797576 8.102244 13.891010 8.398958 26.352959 -33.768729 61.162894 -4.349852 13.181472 -4.914315 -1.358010 17.005658 -6.442123 -7.841941 10.644734 -7.595321 -31.291732 -21.914322 -63.362981 -6.399402 0.624376 5.344942 5.864461 14.750086 5.605935 -25.529899 -46.981093 19.174425 3.615459 59.642246 -3.195080 -8.082780 -20.380388 -1.909026 0.000000 0.000000 0.000000 19.455286 -48.069811 -12.526999 -3.443509 57.979414 1.996905 -10.279742 -20.229797 5.933882 0.000000 0.000000 0.000000
-17.839338 86.776980 -241.716896 0.969258 12.151280 -0.078381 -0.528725 7.489199 0.342061 -0.240003 3.328142 0.160242 -0.240003 3.328142 0.160242 -0.180825 2.496045 0.121456 2.374706 12.617467 0.109334 4.475622 -12.719519 -0.783810 8.083516 13.878845 8.409055 26.330251 -33.770784 61.166899 -4.365664 13.195247 -4.932054 -1.359083 17.027653 -6.437546 -7.836751 10.648397 -7.591030 -31.341171 -21.919174 -63.356030 -6.435296 0.627990 5.360275 5.854815 14.727143 5.602816 -25.518287 -46.972283 19.134544 3.722429 59.665823 -3.054299 -8.133207 -20.418081 -1.940765 0.000000 0.000000 0.000000 19.498147 -48.050775 -12.569602 -3.489039 57.992943 2.005720 -10.282772 -20.241660 5.934882 0.000000 -0.000000 0.000000
-17.848739 86.768841 -241.709862 0.999484 12.136605 -0.079901 -0.524833 7.490972 0.346723 -0.238353 3.328928 0.162248 -0.238353 3.328928 0.162248 -0.179599 2.496633 0.122952 2.375972 12.636145 0.111023 4.476746 -12.684871 -0.780401 8.069123 13.861410 8.419609 26.332064 -33.747637 61.160138 -4.354188 13.162941 -4.943952 -1.365499 17.006636 -6.464888 -7.822652 10.655264 -7.592311 -31.326646 -21.947663 -63.367357 -6.474836 0.679176 5.358897 5.847227 14.745232 5.591947 -25.514206 -46.967039 19.105488 3.823310 59.696117 -2.921822 -8.189548 -20.452257 -1.967818 -0.000000 0.000000 0.000000 19.509854 -48.042628 -12.578399 -3.546303 58.013506 1.974269 -10.282794 -20.256218 5.945163 0.000000 -0.000000 -0.000000
-17.859203 86.759341 -241.702086 1.029478 12.122064 -0.082709 -0.524730 7.490446 0.353126 -0.238411 3.328687 0.165086 -0.238411 3.328687 0.165086 -0.179658 2.496451 0.125079 2.376120 12.656010 0.109188 4.477175 -12.647924 -0.783186 8.057093 13.842055 8.430822 26.338502 -33.715477 61.151993 -4.327508 13.114063 -4.952565 -1.373913 16.963394 -6.508374 -7.803185 10.662339 -7.597222 -31.279174 -21.984095 -63.388675 -6.513952 0.752549 5.347960 5.840441 14.783721 5.576271 -25.512818 -46.963061 19.081943 3.920309 59.730348 -2.794276 -8.249671 -20.484924 -1.992187 -0.000000 0.000000 0.000000 19.508608 -48.039466 -12.571373 -3.612016 58.039428 1.921457 -10.280518 -20.273907 5.961057 0.000000 -0.000000 0.000000
-17.868371 86.750659 -241.694199 1.054450 12.110150 -0.087075 -0.525120 7.488634 0.359998 -0.238694 3.327874 0.168138 -0.238694 3.327874 0.168138 -0.179887 2.495840 0.127369 2.375817 12.667497 0.105593 4.477739 -12.626474 -0.789454 8.047594 13.825617 8.443263 26.335645 -33.691394 61.150047 -4.303059 13.080702 -4.961267 -1.377765 16.920097 -6.542594 -7.786699 10.669862 -7.603510 -31.241863 -22.011904 -63.405458 -6.543289 0.803940 5.339365 5.835664 14.808338 5.567028 -25.509826 -46.957441 19.064569 4.000949 59.757218 -2.689012 -8.304489 -20.513542 -2.011896 -0.000000 -0.000000 0.000000 19.506095 -48.038446 -12.563985 -3.667921 58.064488 1.877474 -10.275953 -20.290930 5.975003 0.000000 -0.000000 0.000000
-17.875044 86.743081 -241.685970 1.071164 12.101535 -0.093686 -0.524888 7.485259 0.367333 -0.238708 3.326365 0.171383 -0.238708 3.326365 0.171383 -0.179914 2.494708 0.129802 2.374713 12.665320 0.099543 4.478228 -12.630320 -0.800589 8.040947 13.815226 8.457146 26.314107 -33.682564 61.158626 -4.280847 13.076604 -4.971365 -1.374246 16.881814 -6.538145 -7.776132 10.678237 -7.611508 -31.227620 -22.023639 -63.413884 -6.562215 0.812400 5.337716 5.832762 14.802264 5.569913 -25.496633 -46.949147 19.051183 4.055473 59.771528 -2.616061 -8.352676 -20.537277 -2.025156 0.000000 -0.000000 0.000000 19.503290 -48.039261 -12.559241 -3.704790 58.088153 1.853872 -10.267185 -20.307383 5.984510 0.000000 -0.000000 0.000000
-17.880421 86.736321 -241.677631 1.082857 12.095547 -0.101849 -0.525149 7.480600 0.375135 -0.238946 3.324286 0.174843 -0.238946 3.324286 0.174843 -0.180111 2.493147 0.132396 2.373159 12.654766 0.091724 4.478860 -12.649662 -0.815229 8.036834 13.807752 8.472264 26.283281 -33.681809 61.173370 -4.260850 13.088030 -4.981488 -1.366227 16.843448 -6.524452 -7.768549 10.687060 -7.620890 -31.223575 -22.026779 -63.417721 -6.571338 0.798899 5.338541 5.831877 14.782335 5.579275 -25.481847 -46.939218 19.043982 4.093395 59.778588 -2.565639 -8.395560 -20.556944 -2.033776 0.000000 0.000000 0.000000 19.499220 -48.042215 -12.554140 -3.731791 58.110980 1.839156 -10.256122 -20.323171 5.992064 0.000000 -0.000000 0.000000
-17.885737 86.731692 -241.670505 1.094447 12.092666 -0.109755 -0.525947 7.476509 0.382144 -0.239410 3.322459 0.177959 -0.239410 3.322459 0.177959 -0.180476 2.491775 0.134735 2.372871 12.642129 0.085967 4.481108 -12.672909 -0.826554 8.034475 13.798635 8.488557 26.257421 -33.684696 61.188818 -4.260449 13.105836 -4.990964 -1.355621 16.811961 -6.564291 -7.763487 10.695368 -7.628418 -31.234219 -22.027204 -63.413773 -6.563144 0.782167 5.340223 5.834661 14.764767 5.589379 -25.486970 -46.927859 19.050184 4.131035 59.782889 -2.525487 -8.428027 -20.572471 -2.041198 0.000000 0.000000 0.000000 19.502639 -48.045374 -12.555124 -3.758180 58.128413 1.829028 -10.248495 -20.334216 5.997579 0.000000 -0.000000 0.000000
-17.892191 86.729975 -241.664967 1.108258 12.093611 -0.117261 -0.528081 7.473512 0.387655 -0.240444 3.321119 0.180435 -0.240444 3.321119 0.180435 -0.181264 2.490769 0.136596 2.375176 12.629081 0.084631 4.486464 -12.697010 -0.830566 8.034237 13.785659 8.506611 26.238150 -33.695104 61.202307 -4.293800 13.123977 -4.992624 -1.333475 16.806628 -6.668360 -7.762365 10.705826 -7.631257 -31.269542 -22.026325 -63.397758 -6.527325 0.770711 5.345223 5.844198 14.750293 5.602721 -25.520145 -46.915353 19.074251 4.172557 59.786158 -2.493262 -8.449443 -20.583358 -2.047924 0.000000 -0.000000 0.000000 19.517862 -48.048443 -12.565974 -3.786280 58.138467 1.825576 -10.246486 -20.338295 5.999656 0.000000 -0.000000 0.000000
-17.898584 86.730390 -241.660642 1.121965 12.097661 -0.124508 -0.530750 7.471085 0.392373 -0.241702 3.320033 0.182568 -0.241702 3.320033 0.182568 -0.182218 2.489953 0.138202 2.378742 12.613948 0.085357 4.493426 -12.725018 -0.831262 8.035753 13.771040 8.525839 26.223837 -33.709156 61.216514 -4.346770 13.148471 -4.993688 -1.308730 16.808219 -6.825937 -7.763766 10.715764 -7.632247 -31.319552 -22.022709 -63.373956 -6.474190 0.756017 5.351033 5.857413 14.738167 5.616787 -25.573196 -46.901395 19.111687 4.213766 59.786693 -2.471337 -8.460439 -20.590103 -2.053463 0.000000 0.000000 0.000000 19.540578 -48.051711 -12.582916 -3.813746 58.143127 1.826736 -10.247915 -20.337630 5.999699 0.000000 0.000000 0.000000
-17.902549 86.731908 -241.657721 1.133507 12.103134 -0.130128 -0.531593 7.469498 0.397150 -0.242152 3.319321 0.184698 -0.242152 3.319321 0.184698 -0.182567 2.489419 0.139801 2.381290 12.598017 0.084908 4.498969 -12.754494 -0.833803 8.037142 13.756860 8.544421 26.223862 -33.710785 61.233988 -4.394324 13.188245 -5.015068 -1.309978 16.765868 -7.067620 -7.762971 10.716218 -7.636664 -31.358771 -22.017998 -63.352035 -6.427150 0.731302 5.348616 5.866730 14.742412 5.618363 -25.643133 -46.885305 19.156260 4.258473 59.783816 -2.454497 -8.457791 -20.594134 -2.059770 0.000000 0.000000 0.000000 19.566614 -48.054112 -12.601056 -3.842835 58.143787 1.821973 -10.251975 -20.334813 6.001825 -0.000000 0.000000 -0.000000
-17.902080 86.733922 -241.655831 1.143276 12.108819 -0.131829 -0.530304 7.468108 0.401514 -0.241649 3.318700 0.186611 -0.241649 3.318700 0.186611 -0.182200 2.488952 0.141233 2.381619 12.583481 0.082138 4.501214 -12.781361 -0.839784 8.040155 13.745799 8.559853 26.258215 -33.682763 61.256059 -4.431157 13.256930 -5.078040 -1.361893 16.639547 -7.464859 -7.756746 10.701235 -7.647187 -31.378620 -22.010500 -63.333515 -6.392659 0.682004 5.328247 5.867716 14.781873 5.592703 -25.742291 -46.864990 19.208017 4.330917 59.779869 -2.422733 -8.440280 -20.599166 -2.071438 0.000000 -0.000000 0.000000 19.601090 -48.052217 -12.625211 -3.880447 58.139900 1.805395 -10.258651 -20.331034 6.008088 0.000000 0.000000 0.000000
-17.899183 86.737040 -241.655345 1.150879 12.115924 -0.131901 -0.527189 7.467558 0.405936 -0.240338 3.318453 0.188521 -0.240338 3.318453 0.188521 -0.181228 2.488766 0.142658 2.380932 12.568148 0.078190 4.502044 -12.809695 -0.847614 8.043046 13.735176 8.574637 26.306883 -33.642329 61.281453 -4.462884 13.340847 -5.161360 -1.439485 16.468566 -7.945672 -7.748322 10.676774 -7.661149 -31.387685 -22.001932 -63.316876 -6.364206 0.622714 5.299686 5.864835 14.837730 5.554592 -25.858284 -46.842482 19.266859 4.406845 59.772491 -2.396065 -8.409125 -20.601473 -2.083876 -0.000000 0.000000 -0.000000 19.638879 -48.049448 -12.650557 -3.919671 58.132010 1.782906 -10.267956 -20.325100 6.016434 0.000000 0.000000 0.000000
-17.897509 86.742064 -241.657567 1.153088 12.126391 -0.135845 -0.520810 7.470048 0.412676 -0.237620 3.319557 0.191410 -0.237620 3.319557 0.191410 -0.179206 2.489594 0.144809 2.380564 12.546727 0.073264 4.504088 -12.849281 -0.857683 8.038693 13.719032 8.594455 26.319283 -33.625104 61.308697 -4.480482 13.408039 -5.222061 -1.496490 16.321807 -8.325959 -7.742687 10.651739 -7.675804 -31.386236 -21.999074 -63.307224 -6.345842 0.590375 5.283191 5.863823 14.867516 5.535121 -25.951080 -46.823338 19.326385 4.417371 59.753984 -2.429276 -8.364766 -20.591328 -2.085253 0.000000 -0.000000 0.000000 19.660455 -48.055041 -12.657758 -3.942061 58.123157 1.761657 -10.279129 -20.316034 6.024820 0.000000 -0.000000 0.000000
-17.898280 86.750682 -241.664162 1.145002 12.140559 -0.146737 -0.508868 7.478240 0.423001 -0.232497 3.323198 0.195805 -0.232497 3.323198 0.195805 -0.175390 2.492325 0.148078 2.380302 12.516167 0.067450 4.507004 -12.905792 -0.869852 8.022352 13.695141 8.624758 26.258736 -33.658793 61.341601 -4.478497 13.450502 -5.240843 -1.514488 16.215030 -8.536959 -7.743397 10.627413 -7.690833 -31.366526 -22.008984 -63.310475 -6.338506 0.613190 5.289741 5.868648 14.843438 5.555085 -25.994812 -46.808763 19.384006 4.298888 59.714535 -2.580266 -8.296195 -20.557811 -2.064400 0.000000 0.000000 0.000000 19.648378 -48.074138 -12.628618 -3.930482 58.113409 1.744135 -10.292762 -20.301635 6.032665 0.000000 0.000000 0.000000
-17.900273 86.761207 -241.673464 1.131515 12.158086 -0.161507 -0.493654 7.489471 0.435642 -0.225964 3.328190 0.201175 -0.225964 3.328190 0.201175 -0.170522 2.496069 0.152071 2.380363 12.479522 0.060648 4.511155 -12.973551 -0.884286 7.998789 13.665725 8.660121 26.161903 -33.715703 61.376415 -4.462071 13.476313 -5.236888 -1.511781 16.133224 -8.647885 -7.746904 10.602512 -7.706551 -31.336296 -22.024600 -63.320733 -6.341315 0.662933 5.308378 5.875285 14.793263 5.593640 -26.015385 -46.797617 19.442361 4.115685 59.663606 -2.790449 -8.214416 -20.511886 -2.032435 0.000000 -0.000000 0.000000 19.620048 -48.101589 -12.581283 -3.902071 58.102712 1.727848 -10.308259 -20.284103 6.040548 0.000000 0.000000 0.000000
-17.903479 86.769373 -241.681788 1.124089 12.179901 -0.176431 -0.480629 7.497954 0.449053 -0.220411 3.331958 0.206920 -0.220411 3.331958 0.206920 -0.166391 2.498895 0.156349 2.382723 12.440654 0.052766 4.520227 -13.045323 -0.901842 7.975124 13.631502 8.689902 26.088339 -33.748317 61.400039 -4.437717 13.477680 -5.224921 -1.497603 16.099794 -8.682205 -7.747550 10.582086 -7.721161 -31.319039 -22.031526 -63.325358 -6.355677 0.691905 5.326434 5.877484 14.757872 5.619459 -26.050479 -46.791943 19.502938 3.990023 59.622877 -2.940582 -8.152917 -20.476626 -2.011005 0.000000 0.000000 0.000000 19.608266 -48.131258 -12.551008 -3.889808 58.093905 1.712465 -10.323084 -20.269066 6.048174 0.000000 -0.000000 0.000000
-17.908279 86.772993 -241.685807 1.127392 12.207384 -0.190645 -0.474985 7.496830 0.462820 -0.218130 3.331450 0.212933 -0.218130 3.331450 0.212933 -0.164713 2.498512 0.160845 2.390735 12.403648 0.043235 4.540723 -13.113391 -0.924855 7.957568 13.598631 8.707193 26.058852 -33.735699 61.410452 -4.401508 13.446694 -5.205038 -1.469127 16.137431 -8.625569 -7.737844 10.568073 -7.736030 -31.319080 -22.013237 -63.324614 -6.389766 0.677243 5.340277 5.870216 14.757502 5.615700 -26.129017 -46.789310 19.576005 3.986571 59.603017 -2.975555 -8.127721 -20.464470 -2.010538 -0.000000 0.000000 -0.000000 19.633185 -48.159750 -12.556466 -3.912344 58.088764 1.697911 -10.337026 -20.261319 6.055905 0.000000 0.000000 0.000000
-17.914290 86.774256 -241.688848 1.136755 12.239162 -0.205004 -0.471533 7.492958 0.477360 -0.216831 3.329717 0.219321 -0.216830 3.329717 0.219321 -0.163773 2.497210 0.165627 2.401046 12.364423 0.032615 4.566160 -13.185456 -0.951024 7.939897 13.560955 8.718889 26.052674 -33.698765 61.409551 -4.357384 13.391250 -5.177221 -1.429553 16.223233 -8.492237 -7.725277 10.558541 -7.749796 -31.332091 -21.986257 -63.318209 -6.435421 0.641816 5.353533 5.858540 14.771926 5.599221 -26.222122 -46.792071 19.651353 4.039977 59.593719 -2.951167 -8.122812 -20.462943 -2.020655 0.000000 -0.000000 -0.000000 19.674751 -48.190472 -12.579111 -3.951035 58.085498 1.684256 -10.350300 -20.256067 6.063381 0.000000 -0.000000 0.000000
-17.920352 86.775458 -241.697205 1.149632 12.272029 -0.218364 -0.460145 7.501117 0.492379 -0.212032 3.333341 0.225804 -0.212032 3.333341 0.225804 -0.160212 2.499928 0.170463 2.405565 12.314589 0.022486 4.580722 -13.277413 -0.974275 7.910570 13.500706 8.735051 26.067050 -33.652747 61.389941 -4.323598 13.327276 -5.156062 -1.397167 16.312286 -8.348704 -7.726672 10.552726 -7.756574 -31.368599 -21.985751 -63.292657 -6.469566 0.606527 5.364402 5.851374 14.781355 5.589294 -26.280820 -46.809516 19.699786 4.076781 59.585643 -2.915224 -8.123640 -20.457695 -2.031832 0.000000 0.000000 0.000000 19.705497 -48.227552 -12.598414 -3.982917 58.081597 1.671388 -10.360999 -20.244556 6.069214 0.000000 0.000000 0.000000
-17.924347 86.777696 -241.714262 1.168345 12.304837 -0.229967 -0.443142 7.528627 0.509749 -0.204801 3.345568 0.233255 -0.204800 3.345567 0.233255 -0.154835 2.509097 0.176013 2.402925 12.250851 0.009862 4.583183 -13.395312 -0.999859 7.872924 13.407403 8.753189 26.126716 -33.592696 61.335060 -4.311671 13.249617 -5.150097 -1.378211 16.395892 -8.204815 -7.743945 10.551414 -7.754014 -31.415760 -22.036652 -63.252035 -6.481828 0.594896 5.371180 5.855326 14.773563 5.599332 -26.268194 -46.852561 19.691780 4.063956 59.577416 -2.873590 -8.127319 -20.442652 -2.041018 0.000000 0.000000 0.000000 19.705601 -48.274134 -12.602936 -3.993819 58.075064 1.659915 -10.368318 -20.220736 6.072986 0.000000 -0.000000 0.000000
-17.928392 86.779874 -241.736635 1.190576 12.338736 -0.240562 -0.418174 7.568151 0.527621 -0.194059 3.363144 0.240805 -0.194058 3.363142 0.240804 -0.146828 2.522279 0.181620 2.394475 12.176509 -0.002320 4.574759 -13.533099 -1.022597 7.823675 13.291502 8.775844 26.206711 -33.523419 61.261698 -4.310033 13.163433 -5.150731 -1.366258 16.482893 -8.050820 -7.775142 10.553812 -7.744383 -31.486553 -22.113955 -63.192127 -6.482574 0.583398 5.375567 5.863775 14.760773 5.615926 -26.221059 -46.910367 19.656675 4.034496 59.570401 -2.820430 -8.136741 -20.423892 -2.051263 0.000000 0.000000 0.000000 19.694832 -48.327085 -12.604043 -3.997906 58.067903 1.649234 -10.373060 -20.190658 6.075117 0.000000 0.000000 0.000000
-17.937679 86.780997 -241.760470 1.206819 12.373970 -0.251268 -0.368123 7.612475 0.540101 -0.172116 3.382893 0.245550 -0.172116 3.382893 0.245550 -0.130410 2.537101 0.185063 2.376155 12.093059 -0.003647 4.543180 -13.688545 -1.020783 7.741322 13.166636 8.820694 26.229994 -33.474995 61.212181 -4.302281 13.100145 -5.146852 -1.361041 16.554860 -7.924081 -7.831261 10.556800 -7.728667 -31.630248 -22.177720 -63.086832 -6.479851 0.522370 5.380830 5.865810 14.759906 5.618155 -26.201240 -46.959738 19.653800 4.014046 59.559390 -2.785926 -8.146029 -20.405290 -2.062184 0.000000 -0.000000 0.000000 19.705138 -48.381134 -12.615433 -4.014732 58.063612 1.637405 -10.375737 -20.163720 6.075477 0.000000 -0.000000 0.000000
-17.956994 86.781103 -241.785103 1.212489 12.412878 -0.264810 -0.278528 7.659639 0.545358 -0.132526 3.403959 0.246431 -0.132527 3.403962 0.246431 -0.100741 2.552922 0.185508 2.342424 11.998322 0.011598 4.475395 -13.866084 -0.981123 7.604374 13.034712 8.903184 26.137128 -33.473075 61.213593 -4.279139 13.083739 -5.131801 -1.367148 16.605764 -7.840797 -7.929559 10.560395 -7.700584 -31.911320 -22.196369 -62.904478 -6.472184 0.361330 5.387205 5.854066 14.783230 5.589290 -26.243568 -46.987767 19.721372 4.012164 59.537530 -2.791732 -8.153806 -20.386892 -2.072660 -0.000000 0.000000 -0.000000 19.761729 -48.436026 -12.649092 -4.061141 58.063565 1.623794 -10.376674 -20.143526 6.073247 0.000000 -0.000000 0.000000
-17.981550 86.780154 -241.811199 1.212164 12.453117 -0.278478 -0.163871 7.711596 0.545226 -0.081741 3.427184 0.244487 -0.081742 3.427187 0.244487 -0.062661 2.570360 0.183770 2.298697 11.894430 0.037532 4.384072 -14.061309 -0.916945 7.434268 12.893884 9.008149 25.987756 -33.492241 61.238707 -4.249929 13.090245 -5.112222 -1.380319 16.641638 -7.784893 -8.052654 10.564714 -7.666139 -32.265065 -22.200052 -62.676465 -6.461077 0.150760 5.394425 5.835912 14.818476 5.546048 -26.313357 -47.007298 19.821395 4.019390 59.511698 -2.816112 -8.161446 -20.368652 -2.083816 0.000000 0.000000 0.000000 19.839561 -48.491977 -12.693243 -4.120328 58.066372 1.608993 -10.375550 -20.126471 6.069251 0.000000 -0.000000 0.000000
-18.002175 86.777039 -241.836896 1.210091 12.487896 -0.285247 -0.050471 7.767038 0.539310 -0.031424 3.451957 0.239973 -0.031424 3.451957 0.239973 -0.024918 2.588956 0.180103 2.257369 11.789343 0.067196 4.295564 -14.258754 -0.846480 7.273839 12.752132 9.107224 25.883736 -33.486126 61.247994 -4.226116 13.079152 -5.097072 -1.387130 16.662101 -7.745278 -8.159717 10.566758 -7.644927 -32.547471 -22.242520 -62.471235 -6.459032 -0.007552 5.405136 5.822609 14.845786 5.517702 -26.368416 -47.033914 19.899139 4.032788 59.497290 -2.824196 -8.167201 -20.354306 -2.098641 0.000000 0.000000 0.000000 19.895138 -48.544467 -12.725843 -4.161350 58.071407 1.592917 -10.371913 -20.111130 6.065831 0.000000 0.000000 0.000000
-18.015641 86.771406 -241.862358 1.209744 12.514058 -0.280223 0.055104 7.828713 0.525106 0.015553 3.479490 0.231888 0.015552 3.479491 0.231888 0.010338 2.609625 0.173774 2.222148 11.681336 0.100389 4.217100 -14.461498 -0.771772 7.134291 12.607365 9.191274 25.878285 -33.426069 61.221489 -4.210744 13.026638 -5.091169 -1.379418 16.653883 -7.729499 -8.238756 10.569038 -7.646850 -32.705387 -22.358624 -62.303721 -6.467889 -0.069595 5.419557 5.818711 14.866303 5.513045 -26.390543 -47.075427 19.927502 4.052950 59.500854 -2.796196 -8.168843 -20.345655 -2.121109 0.000000 0.000000 0.000000 19.902575 -48.592267 -12.733066 -4.166496 58.077108 1.574471 -10.366173 -20.095133 6.063440 0.000000 -0.000000 0.000000
-18.025176 86.763608 -241.887421 1.207663 12.534761 -0.268296 0.159373 7.893960 0.505169 0.062046 3.508600 0.221254 0.062045 3.508602 0.221255 0.045247 2.631476 0.165533 2.189304 11.572101 0.137289 4.141407 -14.666520 -0.690809 7.004342 12.461676 9.269280 25.917985 -33.340564 61.179302 -4.200704 12.956513 -5.089684 -1.365235 16.630257 -7.729953 -8.301935 10.569062 -7.662189 -32.792893 -22.515067 -62.159411 -6.485834 -0.079361 5.437460 5.819634 14.878902 5.523289 -26.397905 -47.124107 19.933537 4.079250 59.515822 -2.751916 -8.168599 -20.340894 -2.147243 0.000000 -0.000000 0.000000 19.887579 -48.636649 -12.728497 -4.153436 58.085050 1.554801 -10.357918 -20.080850 6.061625 0.000000 0.000000 0.000000
-18.031290 86.753589 -241.909726 1.197690 12.552695 -0.257122 0.255659 7.953342 0.486663 0.104985 3.535084 0.211366 0.104985 3.535084 0.211366 0.077490 2.651350 0.157867 2.160200 11.474770 0.171674 4.073428 -14.849195 -0.615653 6.893124 12.329217 9.339806 25.944979 -33.269029 61.141648 -4.198202 12.899711 -5.087173 -1.355421 16.630687 -7.712767 -8.344793 10.556157 -7.681398 -32.826812 -22.664592 -62.062594 -6.519879 -0.067059 5.460864 5.822923 14.860344 5.551379 -26.402934 -47.172343 19.943785 4.106838 59.537904 -2.715942 -8.171401 -20.338351 -2.168107 0.000000 -0.000000 0.000000 19.883986 -48.676887 -12.731124 -4.144294 58.099328 1.537187 -10.345448 -20.073967 6.061365 0.000000 -0.000000 0.000000
-18.034062 86.740718 -241.928729 1.174134 12.568988 -0.249564 0.344822 8.002960 0.470766 0.144733 3.557217 0.202743 0.144733 3.557216 0.202743 0.107334 2.667960 0.151165 2.135061 11.394457 0.204974 4.012869 -15.000080 -0.543534 6.804027 12.215092 9.403121 25.929105 -33.229034 61.120524 -4.207452 12.875451 -5.081134 -1.355907 16.680723 -7.660067 -8.364438 10.525399 -7.702539 -32.789505 -22.803437 -62.036103 -6.577071 -0.030402 5.496048 5.832124 14.782209 5.613931 -26.410458 -47.218643 19.970956 4.134306 59.567440 -2.699653 -8.178745 -20.337167 -2.179688 0.000000 0.000000 0.000000 19.905190 -48.713583 -12.747070 -4.147228 58.122908 1.521366 -10.326289 -20.077490 6.062553 0.000000 -0.000000 0.000000
-18.033413 86.725626 -241.944975 1.142682 12.582516 -0.242766 0.426012 8.046687 0.456241 0.180929 3.576720 0.194855 0.180928 3.576721 0.194855 0.134511 2.682599 0.145034 2.113767 11.326067 0.235913 3.960262 -15.128606 -0.477092 6.733688 12.114142 9.458786 25.900710 -33.203082 61.103752 -4.224272 12.864509 -5.074100 -1.360689 16.754849 -7.589742 -8.363851 10.481617 -7.727837 -32.697799 -22.935416 -62.057646 -6.650473 0.028381 5.536290 5.843248 14.672986 5.694372 -26.415685 -47.264486 20.002382 4.163086 59.604103 -2.691643 -8.189135 -20.338203 -2.185999 0.000000 0.000000 0.000000 19.937836 -48.746126 -12.770260 -4.154117 58.152820 1.507556 -10.302912 -20.088414 6.065288 0.000000 0.000000 0.000000
-18.029617 86.710148 -241.957744 1.114249 12.592584 -0.235793 0.490020 8.086688 0.446593 0.209427 3.594551 0.189417 0.209427 3.594551 0.189417 0.155904 2.695979 0.140783 2.097220 11.267473 0.254291 3.921957 -15.238393 -0.436460 6.681186 12.025109 9.504318 25.892884 -33.178077 61.075055 -4.238297 12.840165 -5.068204 -1.362758 16.815909 -7.521530 -8.347329 10.428696 -7.754006 -32.619919 -23.024254 -62.083095 -6.725980 0.072237 5.564480 5.843067 14.594735 5.745834 -26.416647 -47.306720 20.026563 4.192577 59.642618 -2.682345 -8.203016 -20.342373 -2.190145 0.000000 0.000000 0.000000 19.975683 -48.771958 -12.801468 -4.162683 58.184255 1.499746 -10.281045 -20.103401 6.070864 0.000000 0.000000 0.000000
-18.021229 86.694465 -241.966564 1.093128 12.598259 -0.226573 0.531807 8.124079 0.443783 0.227959 3.611205 0.187394 0.227960 3.611204 0.187394 0.169805 2.708472 0.139150 2.085886 11.218844 0.253675 3.901751 -15.328940 -0.434278 6.649238 11.947667 9.535873 25.926394 -33.145727 61.022775 -4.247924 12.785441 -5.063918 -1.358288 16.850961 -7.456664 -8.311360 10.364436 -7.781384 -32.585092 -23.046117 -62.095829 -6.811061 0.083630 5.574278 5.821279 14.574309 5.742785 -26.409012 -47.345461 20.035408 4.223502 59.682315 -2.667940 -8.222731 -20.350691 -2.192480 0.000000 -0.000000 0.000000 20.022554 -48.787542 -12.849446 -4.172309 58.215570 1.504297 -10.261938 -20.122439 6.080096 0.000000 -0.000000 0.000000
-18.009694 86.678395 -241.971908 1.075027 12.600474 -0.217171 0.556428 8.157717 0.445837 0.238799 3.626181 0.187827 0.238800 3.626180 0.187827 0.177924 2.719709 0.139405 2.079346 11.180061 0.240585 3.896014 -15.400690 -0.457875 6.635195 11.882146 9.557271 25.980426 -33.114232 60.958606 -4.254755 12.717311 -5.060776 -1.351182 16.872903 -7.393886 -8.259396 10.291023 -7.809703 -32.564092 -23.024725 -62.111858 -6.898077 0.080007 5.572354 5.788705 14.584746 5.710664 -26.397058 -47.380606 20.036949 4.255169 59.723859 -2.652216 -8.245941 -20.362139 -2.192645 0.000000 -0.000000 0.000000 20.074617 -48.796397 -12.905438 -4.183578 58.248418 1.514879 -10.244343 -20.145541 6.092168 0.000000 -0.000000 0.000000
-17.999624 86.663224 -241.974473 1.057982 12.601335 -0.212858 0.569813 8.186377 0.450363 0.244621 3.638937 0.189559 0.244621 3.638937 0.189559 0.182274 2.729280 0.140663 2.077165 11.148576 0.224238 3.899925 -15.458677 -0.489433 6.630083 11.828275 9.577582 26.025733 -33.095278 60.901256 -4.253238 12.659978 -5.059523 -1.346110 16.883304 -7.349177 -8.206155 10.218901 -7.834631 -32.537745 -22.995255 -62.135703 -6.950160 0.076750 5.561524 5.764207 14.607378 5.679088 -26.391739 -47.408690 20.043863 4.284837 59.763982 -2.637039 -8.266060 -20.374585 -2.192668 0.000000 -0.000000 0.000000 20.114148 -48.806574 -12.943949 -4.196024 58.282932 1.516436 -10.230238 -20.169412 6.105929 0.000000 0.000000 0.000000
-17.993299 86.648616 -241.974016 1.041529 12.600692 -0.217210 0.572011 8.209412 0.457762 0.245437 3.649186 0.192768 0.245438 3.649186 0.192768 0.182864 2.736968 0.143060 2.080178 11.125435 0.206521 3.914231 -15.500994 -0.525661 6.634079 11.788999 9.600005 26.051958 -33.096240 60.855728 -4.240198 12.623901 -5.061515 -1.345541 16.879341 -7.331037 -8.154467 10.149587 -7.853181 -32.490379 -22.969862 -62.175190 -6.952335 0.089379 5.540451 5.755438 14.644638 5.655646 -26.401508 -47.427489 20.064433 4.314411 59.804798 -2.620559 -8.281213 -20.389245 -2.194132 0.000000 0.000000 0.000000 20.135646 -48.821662 -12.954176 -4.214134 58.322009 1.500106 -10.220531 -20.194603 6.122095 0.000000 -0.000000 0.000000
-17.988440 86.634907 -241.970780 1.026132 12.598691 -0.226651 0.562983 8.227469 0.467622 0.241240 3.657215 0.197275 0.241240 3.657214 0.197275 0.179687 2.742989 0.146460 2.087552 11.109582 0.185563 3.938182 -15.529556 -0.569826 6.647000 11.761400 9.621355 26.069585 -33.109835 60.816934 -4.218817 12.598628 -5.065416 -1.347019 16.863839 -7.330981 -8.101444 10.081543 -7.868207 -32.437705 -22.936347 -62.222478 -6.919563 0.102425 5.510674 5.754737 14.694150 5.632872 -26.417933 -47.439220 20.090387 4.341965 59.844193 -2.604656 -8.293275 -20.404908 -2.195455 0.000000 -0.000000 0.000000 20.144582 -48.838098 -12.946898 -4.233487 58.362739 1.474695 -10.214319 -20.220562 6.139955 0.000000 -0.000000 -0.000000
-17.982820 86.624387 -241.966196 1.011221 12.597873 -0.235726 0.548535 8.241267 0.476341 0.234664 3.663343 0.201378 0.234664 3.663343 0.201378 0.174729 2.747585 0.149574 2.096345 11.095305 0.164929 3.964692 -15.555150 -0.613956 6.659319 11.736399 9.641155 26.080668 -33.125843 60.788405 -4.193081 12.576990 -5.067932 -1.347825 16.846844 -7.339513 -8.053261 10.020595 -7.884071 -32.407584 -22.893441 -62.258744 -6.859901 0.084800 5.479214 5.757949 14.730079 5.617830 -26.426659 -47.447090 20.109581 4.358942 59.872560 -2.596856 -8.301278 -20.415810 -2.193924 0.000000 0.000000 0.000000 20.139700 -48.853222 -12.929000 -4.240236 58.396533 1.451673 -10.210854 -20.242347 6.156218 0.000000 0.000000 0.000000
-17.975182 86.617963 -241.960280 0.997784 12.598648 -0.241990 0.528442 8.250166 0.482651 0.225634 3.667285 0.204521 0.225634 3.667285 0.204521 0.167939 2.750540 0.151983 2.106541 11.081579 0.144915 3.993627 -15.579691 -0.657509 6.667071 11.710317 9.659936 26.080339 -33.142493 60.775428 -4.161535 12.558289 -5.067502 -1.346527 16.831219 -7.357486 -8.012960 9.970655 -7.903098 -32.425310 -22.834634 -62.271523 -6.765446 0.008440 5.448923 5.765677 14.735322 5.617856 -26.422211 -47.450154 20.117092 4.358801 59.883921 -2.605243 -8.304736 -20.418908 -2.186536 0.000000 -0.000000 -0.000000 20.111624 -48.866353 -12.896654 -4.225184 58.419997 1.433257 -10.209979 -20.257683 6.170060 0.000000 -0.000000 0.000000
-17.966784 86.614728 -241.953015 0.984833 12.600608 -0.247890 0.502926 8.254805 0.487826 0.214227 3.669326 0.207264 0.214227 3.669326 0.207264 0.159369 2.752068 0.154107 2.118164 11.069423 0.125233 4.025129 -15.601276 -0.701012 6.674215 11.686839 9.677186 26.073438 -33.161562 60.772739 -4.125635 12.543219 -5.065645 -1.344496 16.814124 -7.384029 -7.977488 9.927792 -7.922886 -32.465531 -22.766517 -62.273455 -6.644147 -0.098597 5.416471 5.777273 14.726930 5.625531 -26.410045 -47.449368 20.117827 4.348035 59.884256 -2.621784 -8.304133 -20.417244 -2.176300 0.000000 -0.000000 -0.000000 20.069712 -48.878143 -12.853665 -4.197485 58.436528 1.417278 -10.211848 -20.268843 6.182304 -0.000000 0.000000 0.000000
-17.959176 86.614257 -241.945791 0.968829 12.605081 -0.255315 0.478462 8.257811 0.492080 0.203303 3.670641 0.209582 0.203303 3.670641 0.209582 0.151165 2.753051 0.155911 2.128338 11.056206 0.108571 4.052543 -15.624961 -0.738107 6.683112 11.667906 9.690852 26.076552 -33.178134 60.768035 -4.093752 12.526696 -5.063745 -1.343272 16.797025 -7.407063 -7.943897 9.886061 -7.940750 -32.480156 -22.707516 -62.283269 -6.527777 -0.183215 5.379882 5.786751 14.730325 5.625802 -26.392200 -47.450802 20.114391 4.337623 59.881896 -2.629844 -8.299962 -20.414184 -2.169528 0.000000 0.000000 0.000000 20.040839 -48.887956 -12.818387 -4.170763 58.447734 1.408676 -10.216176 -20.277700 6.192132 0.000000 0.000000 0.000000
-17.952179 86.617697 -241.939298 0.948348 12.614265 -0.266019 0.454224 8.259232 0.496165 0.192485 3.671251 0.211824 0.192485 3.671251 0.211824 0.143040 2.753506 0.157656 2.137606 11.040992 0.095474 4.076697 -15.652488 -0.768015 6.699655 11.658322 9.698458 26.103421 -33.191874 60.753529 -4.069615 12.504768 -5.064065 -1.345027 16.775129 -7.424881 -7.908807 9.845688 -7.958161 -32.438215 -22.670861 -62.310908 -6.423313 -0.214412 5.335487 5.793071 14.759988 5.611978 -26.362886 -47.458836 20.103115 4.321873 59.877243 -2.627067 -8.289048 -20.408236 -2.167526 0.000000 0.000000 0.000000 20.037710 -48.896276 -12.798420 -4.149201 58.452341 1.409780 -10.225946 -20.283416 6.200440 0.000000 0.000000 0.000000
-17.945972 86.623901 -241.932845 0.924811 12.625958 -0.278252 0.431038 8.259019 0.499336 0.182151 3.671135 0.213643 0.182151 3.671135 0.213643 0.135282 2.753416 0.159082 2.145427 11.024721 0.085405 4.096761 -15.682119 -0.791497 6.717942 11.653273 9.702460 26.140305 -33.203098 60.737008 -4.049501 12.481386 -5.064387 -1.347630 16.753213 -7.439204 -7.875606 9.806444 -7.973644 -32.370722 -22.643272 -62.346291 -6.323736 -0.223131 5.287390 5.797337 14.801503 5.590863 -26.327887 -47.469091 20.087658 4.306477 59.869903 -2.615807 -8.274567 -20.400890 -2.168987 -0.000000 0.000000 0.000000 20.047649 -48.902645 -12.786195 -4.128607 58.451621 1.418267 -10.238174 -20.286829 6.206330 -0.000000 -0.000000 0.000000
-17.942643 86.628999 -241.925751 0.898947 12.634889 -0.288647 0.417859 8.259651 0.499559 0.176305 3.671401 0.213977 0.176305 3.671401 0.213977 0.130896 2.753613 0.159367 2.147300 11.007578 0.079419 4.103579 -15.713680 -0.804507 6.722649 11.640267 9.708211 26.162575 -33.207882 60.729525 -4.030617 12.463317 -5.059401 -1.346237 16.747066 -7.443089 -7.851511 9.761715 -7.980114 -32.322651 -22.603445 -62.377985 -6.239789 -0.249226 5.245532 5.796809 14.836990 5.567662 -26.306609 -47.474498 20.081642 4.319477 59.867003 -2.586508 -8.266547 -20.399978 -2.176295 0.000000 0.000000 0.000000 20.059481 -48.905032 -12.777315 -4.110047 58.450993 1.432106 -10.243625 -20.292328 6.206294 0.000000 -0.000000 0.000000
-17.944572 86.630283 -241.914616 0.873419 12.636956 -0.295318 0.414139 8.259650 0.495009 0.174737 3.671393 0.212026 0.174737 3.671392 0.212026 0.129733 2.753605 0.157914 2.142678 10.992600 0.078497 4.095556 -15.741588 -0.804786 6.708165 11.615581 9.717734 26.157014 -33.203548 60.740339 -4.010734 12.454702 -5.042649 -1.334666 16.772148 -7.423927 -7.836123 9.708542 -7.970783 -32.317565 -22.529389 -62.403130 -6.175038 -0.318384 5.212539 5.787203 14.860618 5.539668 -26.319713 -47.467421 20.094205 4.412816 59.877360 -2.498839 -8.282296 -20.418343 -2.198394 0.000000 -0.000000 0.000000 20.067982 -48.900018 -12.769041 -4.104157 58.455652 1.442522 -10.234856 -20.306319 6.200133 0.000000 -0.000000 0.000000
-17.949380 86.630461 -241.902840 0.845568 12.636262 -0.300144 0.420424 8.260485 0.487506 0.177656 3.671764 0.208587 0.177656 3.671763 0.208587 0.131942 2.753883 0.155318 2.132094 10.976761 0.081648 4.074251 -15.771407 -0.794591 6.680092 11.582940 9.729028 26.136840 -33.192767 60.760156 -3.992102 12.451388 -5.020579 -1.319118 16.812980 -7.394287 -7.829893 9.649885 -7.952458 -32.331921 -22.443156 -62.424675 -6.125923 -0.404982 5.185635 5.772769 14.878215 5.509509 -26.346526 -47.455479 20.116198 4.534648 59.892064 -2.393042 -8.304491 -20.443154 -2.226338 0.000000 0.000000 0.000000 20.078376 -48.891022 -12.764113 -4.100291 58.460407 1.458299 -10.219305 -20.322395 6.188038 0.000000 -0.000000 0.000000
-17.952019 86.633793 -241.899932 0.808143 12.639842 -0.305403 0.447305 8.269050 0.480470 0.189687 3.675592 0.204979 0.189687 3.675592 0.204979 0.140982 2.756758 0.152539 2.112665 10.951152 0.086960 4.035221 -15.819682 -0.776636 6.639931 11.541015 9.741438 26.117070 -33.179682 60.772222 -3.978628 12.447706 -5.007245 -1.313323 16.838963 -7.385036 -7.841299 9.588022 -7.938474 -32.339973 -22.389498 -62.439801 -6.092485 -0.471952 5.166641 5.763560 14.889341 5.490333 -26.344501 -47.454505 20.133871 4.557078 59.891859 -2.380662 -8.291242 -20.443699 -2.235705 0.000000 0.000000 0.000000 20.095145 -48.886265 -12.766343 -4.067588 58.455085 1.503747 -10.210066 -20.325733 6.167092 0.000000 -0.000000 0.000000
-17.950855 86.642678 -241.911325 0.755459 12.650856 -0.312528 0.503857 8.289223 0.474941 0.214828 3.684610 0.201494 0.214828 3.684610 0.201494 0.159849 2.763530 0.149772 2.080246 10.910695 0.094294 3.970668 -15.895946 -0.749493 6.580043 11.489112 9.756773 26.099432 -33.170770 60.771594 -3.970338 12.441065 -5.008876 -1.325503 16.838645 -7.406179 -7.882034 9.528127 -7.932597 -32.327512 -22.395176 -62.446071 -6.075718 -0.501531 5.157300 5.765685 14.893757 5.489800 -26.274960 -47.475084 20.128821 4.406979 59.865718 -2.518338 -8.214007 -20.406728 -2.216257 0.000000 0.000000 0.000000 20.130674 -48.887203 -12.784577 -3.980034 58.431552 1.608441 -10.221662 -20.307114 6.130884 0.000000 -0.000000 0.000000
-17.947523 86.654717 -241.931586 0.693195 12.666137 -0.320103 0.580996 8.317138 0.469866 0.249078 3.697088 0.197824 0.249078 3.697088 0.197824 0.185545 2.772898 0.146808 2.038969 10.860470 0.103783 3.888306 -15.990634 -0.714519 6.508077 11.427921 9.773265 26.082180 -33.159572 60.763254 -3.967190 12.434063 -5.019254 -1.347433 16.823461 -7.447728 -7.940413 9.465058 -7.931046 -32.308706 -22.433417 -62.445905 -6.074635 -0.511512 5.156024 5.773004 14.891670 5.500245 -26.176543 -47.506644 20.119397 4.157999 59.824295 -2.748930 -8.101343 -20.345547 -2.178122 0.000000 0.000000 0.000000 20.172579 -48.892382 -12.809972 -3.863902 58.397819 1.742563 -10.239609 -20.275779 6.085835 0.000000 0.000000 -0.000000
-17.941874 86.666970 -241.953931 0.631151 12.683224 -0.326135 0.662076 8.348071 0.465525 0.285056 3.710911 0.194394 0.285056 3.710911 0.194394 0.212535 2.783275 0.144012 1.998374 10.806806 0.113921 3.806989 -16.091676 -0.678628 6.448461 11.358161 9.784830 26.075099 -33.130847 60.745379 -3.972985 12.428828 -5.033770 -1.368209 16.797152 -7.510598 -7.989833 9.385594 -7.935907 -32.300333 -22.468607 -62.443631 -6.086294 -0.518162 5.159706 5.777209 14.883312 5.511829 -26.122823 -47.533322 20.147140 3.902051 59.781077 -3.013666 -7.997002 -20.269192 -2.127527 0.000000 -0.000000 0.000000 20.188170 -48.905656 -12.819782 -3.766522 58.368077 1.841573 -10.233480 -20.244571 6.048302 0.000000 -0.000000 -0.000000
-17.933660 86.678519 -241.977148 0.570831 12.701496 -0.331056 0.743715 8.381363 0.462073 0.321262 3.725783 0.191334 0.321262 3.725783 0.191334 0.239694 2.794440 0.141489 1.961763 10.751471 0.125342 3.732752 -16.195720 -0.642016 6.410759 11.271487 9.787609 26.079909 -33.069755 60.718712 -3.992268 12.433649 -5.051697 -1.378848 16.759129 -7.597008 -8.017932 9.276004 -7.948501 -32.314480 -22.486373 -62.440654 -6.104793 -0.527381 5.166804 5.775156 14.864885 5.522386 -26.160586 -47.543178 20.246689 3.669092 59.737663 -3.313565 -7.905958 -20.178239 -2.064640 0.000000 0.000000 0.000000 20.149033 -48.933177 -12.791590 -3.706522 58.349688 1.869262 -10.184392 -20.218324 6.026418 -0.000000 -0.000000 -0.000000
-17.923129 86.690282 -242.002449 0.510731 12.721578 -0.334438 0.829293 8.417679 0.459356 0.359196 3.742003 0.188510 0.359196 3.742003 0.188510 0.268146 2.806615 0.139130 1.925836 10.692683 0.137382 3.659572 -16.306147 -0.604539 6.385366 11.176241 9.785264 26.094747 -32.991073 60.682717 -4.020538 12.440211 -5.073710 -1.388534 16.709878 -7.704729 -8.037139 9.150031 -7.967743 -32.339046 -22.501067 -62.435580 -6.136060 -0.533259 5.178800 5.769983 14.840200 5.534082 -26.243088 -47.547928 20.383501 3.429624 59.691952 -3.647192 -7.823118 -20.072007 -1.989463 0.000000 0.000000 0.000000 20.083455 -48.968739 -12.747645 -3.665004 58.335374 1.862107 -10.111219 -20.192159 6.012075 -0.000000 -0.000000 0.000000
-17.910875 86.702075 -242.026676 0.456143 12.742889 -0.332990 0.912308 8.454280 0.457188 0.395982 3.758346 0.185962 0.395982 3.758346 0.185962 0.295735 2.818882 0.136983 1.890231 10.631439 0.146596 3.588274 -16.421010 -0.572651 6.367968 11.098151 9.783004 26.124019 -32.923966 60.633565 -4.048001 12.425752 -5.097280 -1.413521 16.654758 -7.827952 -8.058002 9.035633 -7.992065 -32.354517 -22.520161 -62.428434 -6.194908 -0.534345 5.197075 5.762837 14.820897 5.543564 -26.303841 -47.567424 20.495585 3.185341 59.652601 -3.953087 -7.777105 -19.957468 -1.908225 0.000000 -0.000000 0.000000 20.043933 -48.997761 -12.732359 -3.632793 58.317540 1.864812 -10.040154 -20.164320 5.997264 0.000000 0.000000 0.000000
-17.894804 86.715002 -242.049806 0.408308 12.766283 -0.322071 0.995731 8.491576 0.455060 0.432946 3.774999 0.183409 0.432945 3.775000 0.183409 0.323457 2.831383 0.134829 1.851123 10.563925 0.153122 3.511500 -16.547487 -0.544480 6.357979 11.052079 9.783996 26.164642 -32.882051 60.567039 -4.071836 12.381174 -5.123693 -1.469570 16.587112 -7.985582 -8.089190 8.942180 -8.023860 -32.350645 -22.551195 -62.416724 -6.297228 -0.528121 5.219976 5.751916 14.818489 5.544894 -26.313846 -47.614822 20.558272 2.918322 59.621264 -4.222432 -7.793325 -19.824054 -1.815908 0.000000 0.000000 0.000000 20.060675 -49.011480 -12.776960 -3.607897 58.289002 1.900435 -9.977240 -20.131180 5.977343 -0.000000 -0.000000 0.000000
-17.877009 86.727958 -242.071861 0.365993 12.790921 -0.306318 1.076582 8.529177 0.453488 0.468758 3.791785 0.181136 0.468757 3.791786 0.181136 0.350314 2.843982 0.132890 1.812341 10.493959 0.156800 3.436625 -16.678403 -0.521933 6.356019 11.023152 9.785135 26.219626 -32.851557 60.487251 -4.094811 12.315563 -5.151568 -1.540775 16.513366 -8.158464 -8.121994 8.860335 -8.060623 -32.337712 -22.586685 -62.402957 -6.427176 -0.517078 5.248842 5.739036 14.821445 5.543957 -26.302161 -47.677172 20.596270 2.645822 59.596597 -4.464733 -7.846202 -19.682083 -1.718066 0.000000 -0.000000 0.000000 20.103598 -49.018717 -12.850390 -3.592386 58.257003 1.945861 -9.916445 -20.096365 5.956963 -0.000000 0.000000 -0.000000
-17.864366 86.737442 -242.089755 0.330777 12.813675 -0.296347 1.139448 8.563109 0.453833 0.496567 3.806926 0.180042 0.496567 3.806926 0.180042 0.371165 2.855344 0.131885 1.785011 10.434003 0.153791 3.386644 -16.790265 -0.517154 6.359599 10.992495 9.782307 26.302641 -32.820606 60.402706 -4.115473 12.233466 -5.174425 -1.595775 16.458865 -8.283893 -8.140834 8.789948 -8.093285 -32.326981 -22.611533 -62.394577 -6.551961 -0.507233 5.289750 5.730767 14.806864 5.555210 -26.289504 -47.735429 20.621732 2.421539 59.583484 -4.646703 -7.888135 -19.570049 -1.636327 0.000000 0.000000 0.000000 20.134919 -49.031370 -12.903807 -3.583160 58.235613 1.976518 -9.865839 -20.069031 5.942026 0.000000 0.000000 0.000000
-17.859925 86.742163 -242.102156 0.302492 12.834320 -0.298905 1.178782 8.591152 0.457908 0.513886 3.819437 0.181045 0.513886 3.819436 0.181045 0.384139 2.864731 0.132518 1.774447 10.389254 0.140951 3.373206 -16.873231 -0.538565 6.368495 10.954000 9.772703 26.445216 -32.775976 60.303933 -4.140478 12.117767 -5.191769 -1.622738 16.434512 -8.329577 -8.139895 8.734512 -8.118470 -32.322938 -22.618943 -62.397865 -6.668256 -0.501566 5.354953 5.731633 14.756072 5.592152 -26.276701 -47.784805 20.631909 2.269032 59.585149 -4.740380 -7.901892 -19.505543 -1.578715 0.000000 0.000000 0.000000 20.133747 -49.057089 -12.910935 -3.578427 58.231162 1.980045 -9.827941 -20.052829 5.934698 0.000000 0.000000 0.000000
-17.860635 86.743411 -242.110395 0.281298 12.853067 -0.307236 1.200157 8.615487 0.463904 0.523213 3.830289 0.183238 0.523214 3.830288 0.183238 0.391114 2.872875 0.134094 1.775336 10.354530 0.121455 3.384752 -16.937127 -0.577808 6.382934 10.913792 9.759151 26.615834 -32.730763 60.200443 -4.163155 11.985621 -5.204142 -1.633439 16.429769 -8.328081 -8.124951 8.690467 -8.139509 -32.321064 -22.615654 -62.406471 -6.779377 -0.496983 5.432463 5.737089 14.687803 5.641386 -26.262892 -47.830111 20.629494 2.164200 59.599004 -4.774196 -7.904972 -19.471209 -1.536664 0.000000 0.000000 0.000000 20.120943 -49.088213 -12.898006 -3.579920 58.237293 1.968828 -9.800199 -20.044134 5.932780 0.000000 -0.000000 0.000000
-17.864223 86.741562 -242.115386 0.269259 12.867440 -0.311701 1.204838 8.638721 0.467745 0.525184 3.840630 0.184789 0.525184 3.840630 0.184789 0.392578 2.880634 0.135235 1.782869 10.326724 0.100963 3.409477 -16.987984 -0.621831 6.401100 10.871350 9.745965 26.733910 -32.712959 60.129001 -4.162112 11.893013 -5.206877 -1.632019 16.438067 -8.314199 -8.097793 8.647049 -8.157430 -32.319088 -22.606831 -62.408856 -6.862447 -0.490515 5.492259 5.740130 14.635256 5.677034 -26.266350 -47.866677 20.634897 2.089279 59.621240 -4.799386 -7.902033 -19.453289 -1.506512 0.000000 0.000000 0.000000 20.121419 -49.113723 -12.894996 -3.589756 58.249019 1.955459 -9.783056 -20.041201 5.935614 0.000000 0.000000 0.000000
-17.870954 86.736844 -242.117294 0.266886 12.876331 -0.308275 1.191850 8.661141 0.467007 0.519412 3.850580 0.184643 0.519412 3.850580 0.184643 0.388247 2.888094 0.135154 1.797426 10.306477 0.082832 3.446556 -17.024695 -0.664285 6.420413 10.823812 9.734876 26.740727 -32.746177 60.117787 -4.122812 11.881310 -5.192383 -1.614498 16.470514 -8.290320 -8.055139 8.600716 -8.170045 -32.314330 -22.594447 -62.401069 -6.906762 -0.472472 5.521201 5.736268 14.609449 5.687485 -26.302082 -47.890316 20.661383 2.050150 59.651655 -4.830141 -7.891078 -19.449696 -1.489854 0.000000 -0.000000 0.000000 20.154332 -49.127320 -12.919777 -3.610016 58.263553 1.949092 -9.779767 -20.043504 5.942213 0.000000 0.000000 0.000000
-17.880561 86.729029 -242.115954 0.273674 12.880850 -0.300974 1.162159 8.682458 0.464115 0.506280 3.860017 0.183861 0.506280 3.860017 0.183861 0.378403 2.895167 0.134641 1.818627 10.293134 0.063712 3.496798 -17.048376 -0.711497 6.443477 10.774029 9.724213 26.695158 -32.807123 60.138563 -4.059807 11.909108 -5.168204 -1.584845 16.515932 -8.253939 -8.000254 8.555002 -8.179537 -32.309463 -22.576537 -62.387065 -6.922966 -0.452694 5.532535 5.730026 14.599311 5.684290 -26.355100 -47.905194 20.695720 2.040968 59.690449 -4.852214 -7.874115 -19.462567 -1.485053 0.000000 0.000000 0.000000 20.200571 -49.135284 -12.954532 -3.638633 58.283681 1.940566 -9.787075 -20.051572 5.953563 0.000000 -0.000000 0.000000
-17.889970 86.717809 -242.111782 0.290170 12.881855 -0.292220 1.119944 8.704417 0.462269 0.487578 3.869731 0.183778 0.487578 3.869731 0.183778 0.364379 2.902447 0.134690 1.840533 10.281641 0.039216 3.550840 -17.068413 -0.769411 6.476243 10.730052 9.713154 26.693306 -32.853675 60.143091 -3.995366 11.908284 -5.152700 -1.559202 16.534367 -8.232657 -7.944752 8.509772 -8.193486 -32.310247 -22.552371 -62.367185 -6.920195 -0.457587 5.535767 5.727916 14.604882 5.676275 -26.398705 -47.919185 20.718604 2.026371 59.734295 -4.874210 -7.861774 -19.484447 -1.483654 0.000000 -0.000000 0.000000 20.227698 -49.145518 -12.975756 -3.671521 58.312790 1.914989 -9.795660 -20.065240 5.971971 0.000000 0.000000 0.000000
-17.897765 86.702393 -242.105076 0.314170 12.877543 -0.282876 1.067211 8.729188 0.462001 0.464183 3.880688 0.184590 0.464184 3.880689 0.184590 0.346831 2.910659 0.135438 1.860995 10.271062 0.007034 3.605602 -17.086512 -0.841547 6.522773 10.691770 9.702082 26.779011 -32.864067 60.110994 -3.933547 11.844790 -5.155733 -1.542458 16.499750 -8.240614 -7.893667 8.461585 -8.213957 -32.318143 -22.519933 -62.340196 -6.900186 -0.507236 5.530408 5.733369 14.639211 5.660801 -26.418886 -47.934124 20.721239 1.987956 59.781890 -4.904667 -7.855902 -19.512627 -1.482965 0.000000 0.000000 0.000000 20.208871 -49.162076 -12.960465 -3.709153 58.354330 1.853014 -9.796833 -20.086451 6.001231 0.000000 0.000000 0.000000
-17.905361 86.683572 -242.095539 0.347874 12.869712 -0.272084 1.001954 8.754602 0.462762 0.435219 3.891922 0.186099 0.435219 3.891921 0.186099 0.325102 2.919075 0.136745 1.882151 10.262297 -0.030520 3.664141 -17.101007 -0.924369 6.579001 10.659317 9.690592 26.908485 -32.859968 60.062584 -3.870298 11.752759 -5.167795 -1.529731 16.438255 -8.263890 -7.841943 8.413873 -8.238834 -32.331649 -22.481200 -62.307387 -6.861207 -0.581541 5.516819 5.742955 14.689270 5.640555 -26.429615 -47.948193 20.712375 1.944076 59.834533 -4.935084 -7.854661 -19.549819 -1.485671 0.000000 -0.000000 0.000000 20.170899 -49.180925 -12.931615 -3.751236 58.404829 1.773822 -9.799299 -20.113261 6.037554 0.000000 -0.000000 0.000000
-17.913933 86.663415 -242.082700 0.398436 12.864626 -0.259676 0.922339 8.775910 0.466141 0.399849 3.901320 0.189057 0.399849 3.901320 0.189057 0.298563 2.926115 0.139182 1.904507 10.253039 -0.070885 3.726332 -17.116234 -1.013227 6.638658 10.641114 9.676647 27.046650 -32.864504 60.010347 -3.815760 11.666368 -5.178406 -1.522513 16.388349 -8.288085 -7.786067 8.376810 -8.269437 -32.352077 -22.441426 -62.272884 -6.807201 -0.646635 5.505771 5.752904 14.715966 5.632304 -26.446168 -47.963804 20.699024 1.914551 59.892792 -4.948475 -7.863159 -19.596702 -1.491375 0.000000 -0.000000 0.000000 20.161883 -49.197883 -12.934675 -3.792393 58.457323 1.720451 -9.819824 -20.139668 6.071882 0.000000 0.000000 0.000000
-17.922715 86.643352 -242.065930 0.475255 12.866251 -0.243288 0.821623 8.790150 0.473617 0.355062 3.907562 0.194252 0.355062 3.907563 0.194252 0.264950 2.930788 0.143359 1.929399 10.242335 -0.115266 3.795352 -17.133867 -1.111108 6.702206 10.643202 9.657024 27.192141 -32.887271 59.953898 -3.777986 11.587282 -5.185068 -1.523254 16.356049 -8.306751 -7.722085 8.356830 -8.310806 -32.387098 -22.400743 -62.232722 -6.729212 -0.686143 5.502601 5.763116 14.690428 5.649480 -26.474736 -47.984261 20.679039 1.892586 59.956040 -4.948413 -7.881175 -19.651781 -1.496433 0.000000 -0.000000 0.000000 20.213408 -49.209158 -13.003998 -3.829170 58.507063 1.721332 -9.870599 -20.160948 6.099999 0.000000 -0.000000 -0.000000
-17.932474 86.621952 -242.045858 0.568938 12.870598 -0.225271 0.706559 8.800295 0.483740 0.303872 3.911971 0.200906 0.303872 3.911972 0.200906 0.226528 2.934081 0.148673 1.955515 10.231102 -0.162436 3.868070 -17.152273 -1.215001 6.769131 10.659548 9.634909 27.346429 -32.918614 59.893530 -3.748909 11.513811 -5.190171 -1.529488 16.335323 -8.326268 -7.653983 8.347489 -8.357927 -32.428998 -22.358967 -62.190899 -6.636206 -0.716493 5.501825 5.773677 14.641452 5.678488 -26.509107 -48.006240 20.654539 1.885188 60.024904 -4.931092 -7.908952 -19.716541 -1.504467 -0.000000 0.000000 0.000000 20.293957 -49.218344 -13.105304 -3.864752 58.558775 1.748326 -9.939434 -20.181796 6.126145 -0.000000 0.000000 -0.000000
-17.946684 86.596988 -242.023891 0.658446 12.872022 -0.212531 0.595552 8.810510 0.493713 0.254484 3.916409 0.207421 0.254484 3.916409 0.207421 0.189457 2.937394 0.153872 1.979399 10.219865 -0.206183 3.934909 -17.170800 -1.311254 6.831712 10.680440 9.617895 27.478744 -32.952966 59.842690 -3.714508 11.475057 -5.190333 -1.535340 16.346543 -8.351338 -7.590150 8.339666 -8.397055 -32.456084 -22.320965 -62.163424 -6.559029 -0.753021 5.498196 5.781099 14.616491 5.695627 -26.546001 -48.022228 20.638974 1.933193 60.101821 -4.868131 -7.952278 -19.796111 -1.525976 -0.000000 -0.000000 0.000000 20.357060 -49.232550 -13.181177 -3.903671 58.619789 1.759661 -10.006521 -20.210337 6.153944 -0.000000 0.000000 -0.000000
-17.967881 86.565994 -242.000181 0.732805 12.867766 -0.210811 0.494604 8.822542 0.503799 0.209548 3.921662 0.213797 0.209548 3.921662 0.213797 0.155726 2.941321 0.158939 2.000167 10.207952 -0.246567 3.994208 -17.190736 -1.399604 6.887991 10.704578 9.606929 27.580608 -32.990012 59.803272 -3.660122 11.459249 -5.175347 -1.536083 16.403083 -8.377387 -7.531744 8.328587 -8.420537 -32.447554 -22.289310 -62.165270 -6.514216 -0.803134 5.489891 5.784154 14.645539 5.688085 -26.580944 -48.029394 20.639399 2.069518 60.191770 -4.732623 -8.017429 -19.897227 -1.570435 0.000000 -0.000000 -0.000000 20.382830 -49.257611 -13.202432 -3.951844 58.697799 1.732577 -10.063253 -20.252365 6.186220 0.000000 -0.000000 -0.000000
-17.993529 86.531435 -241.974576 0.802986 12.860620 -0.214384 0.397713 8.834671 0.513711 0.166413 3.926957 0.220024 0.166413 3.926958 0.220024 0.123345 2.945280 0.163883 2.018708 10.196045 -0.283521 4.047629 -17.210810 -1.480299 6.939931 10.733252 9.601053 27.660466 -33.030184 59.773432 -3.600423 11.478128 -5.155239 -1.536494 16.491587 -8.408863 -7.477593 8.319042 -8.436007 -32.424309 -22.261526 -62.181413 -6.485263 -0.859393 5.478908 5.784105 14.698671 5.668830 -26.618434 -48.030585 20.648785 2.262404 60.289438 -4.550272 -8.098094 -20.013080 -1.628410 -0.000000 0.000000 0.000000 20.391134 -49.287897 -13.198254 -4.003622 58.785148 1.689607 -10.118265 -20.302087 6.220174 0.000000 -0.000000 0.000000
-18.019498 86.498479 -241.948025 0.880852 12.853263 -0.212971 0.305271 8.845838 0.519821 0.125323 3.931822 0.224487 0.125323 3.931822 0.224487 0.092509 2.948913 0.167492 2.034203 10.186755 -0.310660 4.090539 -17.226472 -1.540461 6.985752 10.760639 9.605058 27.712851 -33.069115 59.761068 -3.565372 11.596128 -5.156873 -1.545047 16.592349 -8.464104 -7.432575 8.316236 -8.452631 -32.427202 -22.234933 -62.182843 -6.453479 -0.914834 5.465812 5.781193 14.733515 5.652929 -26.668666 -48.026824 20.659481 2.455237 60.381991 -4.372086 -8.181196 -20.128541 -1.681993 0.000000 0.000000 0.000000 20.395169 -49.313501 -13.198804 -4.046146 58.866197 1.656948 -10.177604 -20.350252 6.250977 -0.000000 0.000000 -0.000000
-18.043806 86.468887 -241.920346 0.974452 12.846684 -0.200835 0.214822 8.855451 0.520255 0.085227 3.935993 0.226402 0.085227 3.935992 0.226402 0.062435 2.952026 0.169185 2.046398 10.181863 -0.324218 4.120630 -17.234595 -1.572581 7.025297 10.785140 9.626060 27.733034 -33.107962 59.768345 -3.574402 11.882343 -5.200023 -1.565839 16.704685 -8.561165 -7.400878 8.325454 -8.475565 -32.484541 -22.203348 -62.150146 -6.408368 -0.971008 5.450138 5.773776 14.724147 5.647518 -26.752262 -48.014448 20.679361 2.629829 60.464236 -4.225650 -8.264489 -20.237392 -1.720903 0.000000 0.000000 0.000000 20.391979 -49.330530 -13.213207 -4.067392 58.934325 1.647951 -10.245177 -20.394239 6.276813 0.000000 0.000000 -0.000000
-18.068435 86.440898 -241.891721 1.075735 12.839860 -0.183716 0.128820 8.864073 0.516896 0.047176 3.939728 0.226555 0.047176 3.939728 0.226555 0.033905 2.954814 0.169545 2.055539 10.179650 -0.327981 4.140185 -17.238234 -1.584182 7.058770 10.808363 9.656977 27.725669 -33.145590 59.793169 -3.608726 12.267630 -5.265434 -1.595588 16.829157 -8.682293 -7.378330 8.341375 -8.499675 -32.567927 -22.172790 -62.102761 -6.360457 -1.026389 5.432303 5.763440 14.696488 5.645421 -26.848585 -47.997122 20.700539 2.803867 60.541521 -4.083917 -8.350251 -20.345904 -1.755336 0.000000 0.000000 0.000000 20.384517 -49.342846 -13.232316 -4.079162 58.996152 1.649468 -10.317067 -20.436671 6.299495 0.000000 -0.000000 -0.000000
-18.095205 86.414394 -241.863645 1.172422 12.832450 -0.168550 0.055012 8.872360 0.511754 0.014563 3.943330 0.225689 0.014563 3.943330 0.225689 0.009459 2.957503 0.169106 2.061557 10.177479 -0.326892 4.151446 -17.242095 -1.584934 7.084935 10.829268 9.681323 27.699354 -33.174171 59.837018 -3.640499 12.609155 -5.321139 -1.631240 16.947947 -8.792083 -7.357265 8.353290 -8.518682 -32.633225 -22.159013 -62.069871 -6.322553 -1.069402 5.414269 5.755281 14.685913 5.640202 -26.905976 -47.986863 20.691763 2.974095 60.616947 -3.916439 -8.432184 -20.457712 -1.798122 -0.000000 0.000000 -0.000000 20.394887 -49.352129 -13.258914 -4.104204 59.055889 1.648046 -10.387571 -20.476164 6.319626 0.000000 0.000000 0.000000
-18.125499 86.388879 -241.836178 1.258800 12.824498 -0.158501 -0.002127 8.879488 0.504228 -0.010617 3.946435 0.223448 -0.010617 3.946435 0.223448 -0.009405 2.959822 0.167589 2.063860 10.175055 -0.320456 4.153045 -17.246771 -1.573617 7.103117 10.847403 9.691093 27.642160 -33.194043 59.914587 -3.662870 12.875214 -5.357417 -1.679892 17.056052 -8.893833 -7.332310 8.355363 -8.528179 -32.660566 -22.171941 -62.064902 -6.293051 -1.095775 5.393516 5.754092 14.717278 5.627281 -26.886277 -47.993825 20.624787 3.149701 60.695405 -3.685857 -8.510452 -20.580137 -1.860225 0.000000 0.000000 0.000000 20.448340 -49.356995 -13.305129 -4.162250 59.116087 1.637890 -10.454491 -20.512792 6.337014 0.000000 -0.000000 0.000000
-18.157933 86.364851 -241.809260 1.340583 12.815978 -0.150405 -0.047070 8.886286 0.494925 -0.030359 3.949409 0.220189 -0.030359 3.949409 0.220189 -0.024185 2.962046 0.165272 2.063041 10.172686 -0.309169 4.146348 -17.251646 -1.551448 7.113990 10.863182 9.694313 27.566030 -33.204750 60.011164 -3.682324 13.097532 -5.383882 -1.734103 17.158395 -8.984205 -7.308825 8.353447 -8.532548 -32.669912 -22.201796 -62.074358 -6.273480 -1.109771 5.372724 5.755159 14.765705 5.611214 -26.827578 -48.007697 20.527800 3.322101 60.771601 -3.428965 -8.584769 -20.705831 -1.930813 -0.000000 0.000000 -0.000000 20.519601 -49.358765 -13.358801 -4.233667 59.174152 1.624689 -10.520013 -20.546488 6.351838 0.000000 -0.000000 -0.000000
-18.190176 86.343681 -241.784210 1.422638 12.806449 -0.141697 -0.085482 8.895900 0.487674 -0.047249 3.953642 0.217714 -0.047249 3.953642 0.217714 -0.036833 2.965215 0.163527 2.060807 10.168620 -0.299451 4.137695 -17.259657 -1.531744 7.118329 10.876855 9.698540 27.515446 -33.197431 60.083992 -3.690183 13.228538 -5.396751 -1.767925 17.252334 -9.017603 -7.295239 8.354392 -8.538692 -32.676948 -22.234927 -62.086978 -6.281326 -1.112577 5.361706 5.749297 14.791970 5.599260 -26.792762 -48.009960 20.454374 3.460754 60.833685 -3.227148 -8.648208 -20.816440 -1.990017 0.000000 -0.000000 0.000000 20.555012 -49.363277 -13.386313 -4.282184 59.226617 1.612191 -10.585010 -20.575661 6.365249 0.000000 0.000000 0.000000
-18.221744 86.326585 -241.761248 1.511046 12.794533 -0.130091 -0.118544 8.910915 0.484172 -0.061846 3.960282 0.216800 -0.061846 3.960282 0.216800 -0.047773 2.970189 0.162936 2.056592 10.161069 -0.293394 4.127020 -17.274057 -1.518381 7.114755 10.891570 9.705605 27.530730 -33.157627 60.102410 -3.676701 13.206012 -5.388050 -1.762901 17.344167 -8.951169 -7.300464 8.363497 -8.550965 -32.685551 -22.269749 -62.098149 -6.330235 -1.101519 5.366867 5.729683 14.772714 5.594988 -26.812287 -47.989281 20.428334 3.543946 60.874075 -3.126299 -8.696077 -20.903107 -2.027334 0.000000 0.000000 0.000000 20.516906 -49.373256 -13.364733 -4.282496 59.270802 1.604652 -10.651208 -20.598603 6.376811 -0.000000 0.000000 -0.000000
-18.253122 86.312348 -241.740154 1.599722 12.781600 -0.117881 -0.145073 8.928738 0.482737 -0.073590 3.968176 0.216678 -0.073590 3.968175 0.216678 -0.056579 2.976106 0.162922 2.050961 10.151816 -0.288907 4.114384 -17.291604 -1.507481 7.104652 10.904186 9.713692 27.571536 -33.099937 60.097045 -3.651300 13.092241 -5.365352 -1.736950 17.427798 -8.827583 -7.315588 8.375485 -8.565005 -32.691862 -22.307839 -62.112491 -6.406544 -1.079142 5.381697 5.703074 14.731331 5.594923 -26.855797 -47.957149 20.425954 3.592107 60.900933 -3.081795 -8.733165 -20.974731 -2.053207 0.000000 0.000000 0.000000 20.442928 -49.386062 -13.316991 -4.259822 59.309467 1.597888 -10.716868 -20.617027 6.386942 0.000000 -0.000000 -0.000000
-18.283435 86.298697 -241.721588 1.675286 12.771344 -0.109367 -0.167192 8.944743 0.482126 -0.083394 3.975267 0.216837 -0.083394 3.975267 0.216837 -0.063933 2.981421 0.163106 2.047316 10.144456 -0.286131 4.106315 -17.305499 -1.500731 7.092931 10.905528 9.724870 27.561473 -33.059255 60.116940 -3.634051 13.026413 -5.348144 -1.718567 17.482143 -8.729599 -7.322304 8.381333 -8.574652 -32.699954 -22.340282 -62.132573 -6.486816 -1.054495 5.396665 5.680618 14.698722 5.595687 -26.895086 -47.929436 20.429610 3.637470 60.926323 -3.039677 -8.766829 -21.039614 -2.079125 0.000000 0.000000 0.000000 20.392435 -49.399585 -13.278309 -4.253668 59.347314 1.582982 -10.777672 -20.634468 6.398070 0.000000 0.000000 0.000000
-18.312336 86.284372 -241.706764 1.729354 12.766537 -0.108247 -0.188262 8.957035 0.482953 -0.092756 3.980708 0.217614 -0.092756 3.980708 0.217614 -0.070959 2.985498 0.163750 2.049658 10.140930 -0.287673 4.111708 -17.311905 -1.504954 7.083998 10.884464 9.740718 27.461056 -33.050553 60.185259 -3.637909 13.079449 -5.345406 -1.719750 17.499361 -8.690051 -7.304300 8.373401 -8.578145 -32.707229 -22.361241 -62.166302 -6.569267 -1.025911 5.410362 5.668014 14.686630 5.598383 -26.925169 -47.912027 20.441514 3.693403 60.954348 -2.983477 -8.799490 -21.098979 -2.108917 0.000000 0.000000 0.000000 20.394887 -49.415441 -13.262704 -4.284405 59.387667 1.551649 -10.833321 -20.652525 6.413196 0.000000 -0.000000 -0.000000
-18.340172 86.270633 -241.694469 1.770317 12.764426 -0.110803 -0.204924 8.967508 0.484594 -0.100181 3.985344 0.218667 -0.100180 3.985344 0.218667 -0.076533 2.988972 0.164588 2.053987 10.139295 -0.290927 4.121675 -17.314664 -1.513335 7.073428 10.852129 9.759659 27.309760 -33.058652 60.278822 -3.650015 13.180396 -5.348357 -1.728544 17.487270 -8.676117 -7.277892 8.359314 -8.577267 -32.716242 -22.376549 -62.205780 -6.655677 -0.995069 5.424187 5.659578 14.683300 5.601837 -26.951011 -47.899041 20.459433 3.746549 60.980897 -2.929654 -8.828714 -21.151611 -2.138757 -0.000000 -0.000000 0.000000 20.420856 -49.432026 -13.256187 -4.331768 59.427161 1.512058 -10.884113 -20.669598 6.429315 0.000000 -0.000000 -0.000000
-18.367113 86.258993 -241.681725 1.809969 12.760418 -0.110206 -0.209229 8.977218 0.483937 -0.102085 3.989656 0.218462 -0.102085 3.989656 0.218462 -0.077961 2.992206 0.164447 2.051713 10.137328 -0.288206 4.116083 -17.318498 -1.507091 7.052882 10.832740 9.779002 27.149809 -33.073333 60.377109 -3.651686 13.255617 -5.349748 -1.737484 17.448300 -8.672146 -7.273706 8.352937 -8.571164 -32.738789 -22.394789 -62.229854 -6.727989 -0.976163 5.432970 5.649393 14.684360 5.599147 -26.959371 -47.888677 20.459111 3.789333 61.005601 -2.873372 -8.854553 -21.202152 -2.168667 0.000000 0.000000 0.000000 20.441368 -49.442429 -13.251962 -4.374304 59.460431 1.479971 -10.926624 -20.684429 6.439840 0.000000 -0.000000 0.000000
-18.394078 86.250318 -241.667367 1.852834 12.751898 -0.103540 -0.192835 8.988743 0.479384 -0.094745 3.994798 0.216130 -0.094745 3.994799 0.216130 -0.072445 2.996067 0.162652 2.035574 10.131358 -0.274272 4.078558 -17.330673 -1.472867 7.011978 10.837473 9.802249 26.978640 -33.098467 60.481280 -3.626359 13.275673 -5.348168 -1.746551 17.364952 -8.683866 -7.312442 8.362683 -8.557174 -32.792640 -22.420277 -62.222328 -6.782045 -0.985326 5.434445 5.632754 14.690896 5.584502 -26.937340 -47.881253 20.424418 3.816921 61.028481 -2.808331 -8.876533 -21.253624 -2.200690 0.000000 -0.000000 0.000000 20.445646 -49.442760 -13.247225 -4.406218 59.484616 1.460054 -10.958202 -20.695633 6.441160 -0.000000 -0.000000 0.000000
-18.420148 86.243742 -241.652559 1.894385 12.741473 -0.093729 -0.164084 8.999510 0.472547 -0.081885 3.999615 0.212544 -0.081885 3.999616 0.212544 -0.062782 2.999685 0.159880 2.012832 10.125051 -0.254361 4.025465 -17.343910 -1.424005 6.961141 10.855167 9.825923 26.798732 -33.130154 60.590439 -3.590526 13.270031 -5.344827 -1.755568 17.254696 -8.705444 -7.373369 8.380185 -8.537922 -32.860077 -22.448662 -62.199364 -6.822036 -1.006503 5.431005 5.614373 14.701786 5.563683 -26.897840 -47.876400 20.371503 3.834163 61.049498 -2.740824 -8.895120 -21.303008 -2.232788 0.000000 0.000000 -0.000000 20.444447 -49.436899 -13.244745 -4.433236 59.502579 1.447687 -10.981490 -20.704610 6.436875 -0.000000 -0.000000 0.000000
-18.442726 86.238187 -241.637820 1.932834 12.732376 -0.082704 -0.140065 9.002850 0.465109 -0.071102 4.001126 0.208783 -0.071102 4.001126 0.208783 -0.054674 3.000820 0.156989 1.996699 10.127197 -0.236484 3.985819 -17.341137 -1.381781 6.923212 10.876517 9.836823 26.660099 -33.146826 60.680692 -3.575054 13.253401 -5.336329 -1.757118 17.172469 -8.704010 -7.425002 8.394113 -8.520497 -32.899644 -22.475611 -62.188396 -6.842419 -1.005641 5.424423 5.602453 14.709355 5.547213 -26.866393 -47.871331 20.324540 3.847983 61.068204 -2.684928 -8.911787 -21.345889 -2.258842 0.000000 -0.000000 0.000000 20.441079 -49.429586 -13.246056 -4.451122 59.517562 1.444767 -11.000998 -20.714284 6.431216 0.000000 -0.000000 -0.000000
-18.459557 86.233827 -241.622775 1.968697 12.724579 -0.068568 -0.126464 8.995914 0.456456 -0.064901 3.998059 0.204684 -0.064901 3.998058 0.204684 -0.049997 2.998522 0.153875 1.993129 10.143531 -0.222086 3.971644 -17.311472 -1.351524 6.908153 10.900321 9.826065 26.595370 -33.132693 60.738458 -3.595764 13.214324 -5.320025 -1.744456 17.134149 -8.663044 -7.456139 8.397835 -8.507937 -32.890380 -22.503327 -62.202847 -6.833153 -0.963997 5.412837 5.602545 14.708415 5.539700 -26.850172 -47.864927 20.286850 3.858701 61.084118 -2.647166 -8.926447 -21.379764 -2.275380 -0.000000 0.000000 -0.000000 20.440246 -49.418068 -13.259501 -4.454835 59.528504 1.460095 -11.017637 -20.725995 6.424454 0.000000 0.000000 -0.000000
-18.472896 86.230486 -241.607799 2.001460 12.718110 -0.053215 -0.117594 8.981550 0.447176 -0.060778 3.991686 0.200398 -0.060778 3.991686 0.200398 -0.046875 2.993745 0.150635 1.996184 10.168312 -0.209696 3.970953 -17.265831 -1.327879 6.905991 10.927778 9.802520 26.572094 -33.103799 60.777053 -3.636819 13.164266 -5.298513 -1.724498 17.123930 -8.599172 -7.478018 8.397949 -8.497245 -32.853168 -22.529629 -62.229328 -6.804282 -0.900324 5.398107 5.609092 14.704175 5.536562 -26.842005 -47.858343 20.255109 3.865912 61.097759 -2.621099 -8.939209 -21.407143 -2.285857 -0.000000 -0.000000 0.000000 20.437238 -49.405093 -13.276733 -4.449384 59.536467 1.484895 -11.030494 -20.738403 6.416315 0.000000 0.000000 0.000000
-18.486920 86.226568 -241.594529 2.027804 12.716298 -0.044254 -0.113486 8.961617 0.440740 -0.058815 3.982832 0.197465 -0.058815 3.982832 0.197465 -0.045382 2.987106 0.148423 2.001234 10.193134 -0.202962 3.976745 -17.219841 -1.316130 6.909619 10.953161 9.779566 26.542711 -33.086352 60.812701 -3.681670 13.152292 -5.276525 -1.710553 17.149231 -8.529338 -7.492829 8.402932 -8.486476 -32.809308 -22.543693 -62.255076 -6.780372 -0.836817 5.387486 5.613636 14.704581 5.534556 -26.845895 -47.852266 20.243520 3.875419 61.110193 -2.601386 -8.951855 -21.431126 -2.294550 0.000000 0.000000 0.000000 20.421274 -49.403675 -13.274287 -4.445623 59.547889 1.494687 -11.041347 -20.750408 6.410222 0.000000 0.000000 0.000000
-18.504826 86.221402 -241.582844 2.044773 12.718814 -0.047103 -0.112996 8.935739 0.438789 -0.058536 3.971332 0.196588 -0.058536 3.971331 0.196588 -0.045164 2.978480 0.147763 2.007035 10.216285 -0.204463 3.987849 -17.176624 -1.320765 6.915070 10.971184 9.762769 26.483852 -33.091169 60.854496 -3.733235 13.212745 -5.252338 -1.710684 17.235652 -8.452101 -7.501335 8.417795 -8.473502 -32.764698 -22.540194 -62.276691 -6.772291 -0.780561 5.384677 5.611137 14.718179 5.531525 -26.870697 -47.841824 20.266831 3.894480 61.121611 -2.587469 -8.966750 -21.452752 -2.302832 0.000000 0.000000 -0.000000 20.378931 -49.420110 -13.230258 -4.448210 59.567119 1.472828 -11.050918 -20.762219 6.408091 0.000000 0.000000 0.000000
-18.523417 86.215658 -241.572866 2.055323 12.725998 -0.056339 -0.117279 8.904284 0.439689 -0.060422 3.957347 0.197066 -0.060422 3.957347 0.197066 -0.046576 2.967991 0.148132 2.014829 10.239486 -0.211634 4.005417 -17.133035 -1.337303 6.926309 10.987112 9.746559 26.418787 -33.107355 60.893349 -3.788565 13.311296 -5.227868 -1.716587 17.357591 -8.368891 -7.502774 8.437523 -8.460438 -32.713499 -22.524446 -62.297525 -6.769186 -0.724472 5.385958 5.606622 14.736419 5.529624 -26.907526 -47.831886 20.310270 3.915809 61.131833 -2.579933 -8.981530 -21.470983 -2.309329 -0.000000 -0.000000 0.000000 20.323571 -49.448072 -13.166489 -4.452546 59.589817 1.435911 -11.058488 -20.773624 6.408007 0.000000 0.000000 0.000000
-18.537280 86.209745 -241.566601 2.065006 12.742189 -0.063308 -0.129810 8.870228 0.442013 -0.065987 3.942199 0.198331 -0.065987 3.942199 0.198331 -0.050752 2.956628 0.149116 2.023695 10.259487 -0.220437 4.025918 -17.095286 -1.357614 6.948122 11.011038 9.727602 26.369905 -33.128515 60.918206 -3.822400 13.393937 -5.213368 -1.717268 17.445583 -8.300916 -7.497039 8.455551 -8.451699 -32.659444 -22.501617 -62.314964 -6.763023 -0.669501 5.387394 5.606745 14.741605 5.532073 -26.933823 -47.837765 20.343802 3.923416 61.141352 -2.575132 -8.990882 -21.485795 -2.314198 0.000000 -0.000000 0.000000 20.284669 -49.481689 -13.125208 -4.455570 59.609386 1.409342 -11.063678 -20.782894 6.407639 0.000000 0.000000 0.000000
-18.543180 86.203587 -241.565408 2.075311 12.772534 -0.064042 -0.154117 8.831457 0.445706 -0.076793 3.924944 0.200426 -0.076793 3.924944 0.200427 -0.058861 2.943683 0.150755 2.034155 10.275312 -0.230151 4.050070 -17.065197 -1.380586 6.985563 11.050440 9.703534 26.341190 -33.154619 60.927442 -3.821969 13.442830 -5.214158 -1.704645 17.471182 -8.251901 -7.479449 8.468521 -8.452020 -32.595205 -22.470289 -62.332393 -6.754676 -0.609311 5.387221 5.614416 14.719480 5.541648 -26.930354 -47.872004 20.348228 3.898785 61.149646 -2.575756 -8.989648 -21.496173 -2.316869 0.000000 0.000000 0.000000 20.275501 -49.521527 -13.126452 -4.455300 59.622664 1.403895 -11.065290 -20.789317 6.406104 0.000000 -0.000000 0.000000
-18.544352 86.197261 -241.567927 2.084751 12.811884 -0.062505 -0.186658 8.790086 0.450865 -0.091271 3.906523 0.203322 -0.091272 3.906523 0.203322 -0.069729 2.929863 0.153017 2.045678 10.287934 -0.241507 4.077146 -17.040950 -1.407349 7.033554 11.097853 9.676742 26.328690 -33.185765 60.922688 -3.800082 13.475767 -5.224798 -1.687081 17.462747 -8.218147 -7.454676 8.479802 -8.456646 -32.528143 -22.431863 -62.346425 -6.743286 -0.550232 5.387240 5.626762 14.684299 5.555530 -26.916354 -47.922078 20.342716 3.860425 61.157235 -2.579126 -8.982986 -21.503132 -2.317916 0.000000 -0.000000 0.000000 20.282900 -49.567051 -13.150287 -4.453666 59.632812 1.408837 -11.064521 -20.793606 6.404284 0.000000 -0.000000 0.000000
-18.545087 86.191405 -241.572090 2.094414 12.849136 -0.061935 -0.220302 8.755427 0.456262 -0.106249 3.891084 0.206341 -0.106249 3.891084 0.206341 -0.080972 2.918277 0.155373 2.055754 10.297029 -0.252645 4.101444 -17.023302 -1.433169 7.081673 11.140950 9.651005 26.342951 -33.215795 60.897759 -3.769916 13.492157 -5.239343 -1.678469 17.436029 -8.209738 -7.436645 8.492907 -8.455774 -32.483953 -22.395801 -62.344364 -6.718186 -0.512206 5.388843 5.641775 14.661134 5.568572 -26.927081 -47.965724 20.354934 3.847899 61.166173 -2.573512 -8.981048 -21.509693 -2.319206 0.000000 -0.000000 0.000000 20.296739 -49.610791 -13.179061 -4.453422 59.642719 1.417360 -11.064583 -20.796165 6.402488 0.000000 -0.000000 0.000000
-18.546621 86.186515 -241.577563 2.105065 12.880002 -0.063570 -0.253453 8.734130 0.461635 -0.121020 3.881583 0.209340 -0.121020 3.881583 0.209340 -0.092062 2.911146 0.157715 2.063033 10.297383 -0.264188 4.120832 -17.021950 -1.458856 7.129005 11.177756 9.627708 26.399520 -33.243913 60.840988 -3.732168 13.482192 -5.257525 -1.687699 17.382735 -8.243149 -7.433239 8.512512 -8.444275 -32.475053 -22.369957 -62.318329 -6.675278 -0.506843 5.395906 5.661110 14.662128 5.581552 -26.986762 -47.992265 20.402573 3.887433 61.177373 -2.550310 -8.989274 -21.516574 -2.321231 0.000000 0.000000 0.000000 20.314731 -49.649632 -13.208694 -4.452702 59.653216 1.431593 -11.067415 -20.796993 6.400557 0.000000 -0.000000 0.000000
-18.547718 86.182096 -241.584680 2.115936 12.908771 -0.066175 -0.287708 8.719547 0.467231 -0.136291 3.875064 0.212459 -0.136291 3.875064 0.212459 -0.103528 2.906251 0.160149 2.068866 10.294205 -0.275510 4.137451 -17.027206 -1.483606 7.176447 11.210247 9.605422 26.482914 -33.270834 60.763956 -3.686196 13.455680 -5.279722 -1.705901 17.311247 -8.301935 -7.436581 8.533948 -8.427317 -32.488918 -22.346482 -62.276282 -6.618598 -0.522527 5.404381 5.683096 14.675136 5.593727 -27.071257 -48.012309 20.468070 3.952843 61.189913 -2.518078 -9.002226 -21.523057 -2.323497 0.000000 -0.000000 0.000000 20.339177 -49.686677 -13.243292 -4.453368 59.663470 1.449409 -11.071079 -20.796092 6.398651 0.000000 0.000000 0.000000
-18.548958 86.177286 -241.592379 2.125809 12.937213 -0.069286 -0.320738 8.701048 0.472556 -0.151011 3.866805 0.215431 -0.151011 3.866805 0.215431 -0.114580 2.900051 0.162468 2.074788 10.302809 -0.282905 4.151984 -17.010740 -1.500276 7.216349 11.232000 9.583714 26.557098 -33.292740 60.695416 -3.643132 13.441438 -5.300910 -1.720278 17.262332 -8.346759 -7.436967 8.546700 -8.410551 -32.513826 -22.311325 -62.229342 -6.549689 -0.544310 5.403758 5.700694 14.688825 5.597687 -27.143345 -48.035584 20.526294 4.005070 61.203100 -2.490838 -9.013739 -21.530015 -2.326396 0.000000 -0.000000 0.000000 20.366786 -49.723788 -13.277435 -4.463782 59.673884 1.457602 -11.072978 -20.793876 6.397557 0.000000 0.000000 0.000000
-18.552136 86.170557 -241.599568 2.135340 12.965367 -0.073503 -0.352510 8.673927 0.477249 -0.165153 3.854716 0.218090 -0.165153 3.854716 0.218090 -0.125195 2.890978 0.164549 2.081802 10.333374 -0.283426 4.164630 -16.953742 -1.503175 7.243413 11.234672 9.563029 26.608268 -33.304638 60.649192 -3.608848 13.458377 -5.320357 -1.725578 17.261319 -8.359949 -7.430217 8.541631 -8.393776 -32.562008 -22.246515 -62.174014 -6.457818 -0.576740 5.386615 5.708844 14.699908 5.584842 -27.185746 -48.067849 20.561943 4.048127 61.222473 -2.446569 -9.026821 -21.545566 -2.337926 0.000000 0.000000 0.000000 20.401126 -49.761621 -13.310094 -4.497645 59.686869 1.443848 -11.071859 -20.791894 6.398569 0.000000 -0.000000 0.000000
-18.555456 86.163438 -241.607339 2.143871 12.993195 -0.078227 -0.383059 8.642889 0.481675 -0.178744 3.840886 0.220603 -0.178744 3.840886 0.220603 -0.135396 2.880601 0.166515 2.088884 10.375735 -0.280057 4.175169 -16.874999 -1.498055 7.262983 11.226584 9.542952 26.650191 -33.311607 60.611556 -3.577404 13.487584 -5.338675 -1.726975 17.282830 -8.359102 -7.420512 8.527878 -8.377150 -32.621235 -22.170005 -62.113954 -6.353748 -0.615128 5.360166 5.712542 14.711717 5.563792 -27.215724 -48.103404 20.590276 4.078009 61.242492 -2.407283 -9.038460 -21.561592 -2.350090 -0.000000 -0.000000 0.000000 20.438645 -49.799516 -13.342319 -4.541286 59.700009 1.420437 -11.068975 -20.788597 6.400394 0.000000 -0.000000 0.000000
-18.554115 86.159662 -241.617913 2.148215 13.022341 -0.081198 -0.410159 8.611413 0.486437 -0.190813 3.826864 0.223196 -0.190813 3.826864 0.223196 -0.144456 2.870079 0.168531 2.094523 10.414690 -0.277980 4.183635 -16.802576 -1.494923 7.283373 11.226315 9.521765 26.688181 -33.325026 60.569981 -3.542207 13.501132 -5.352833 -1.727416 17.291553 -8.357841 -7.410699 8.522321 -8.366863 -32.643225 -22.121712 -62.070759 -6.271298 -0.630752 5.336278 5.719886 14.722818 5.552885 -27.247888 -48.134844 20.632010 4.043436 61.245906 -2.453249 -9.033475 -21.554599 -2.339291 -0.000000 0.000000 -0.000000 20.465326 -49.837373 -13.371746 -4.561980 59.706477 1.411117 -11.065476 -20.779758 6.399941 0.000000 0.000000 0.000000
-18.543841 86.162547 -241.634344 2.146857 13.055042 -0.080371 -0.434379 8.580501 0.492097 -0.201622 3.813095 0.226131 -0.201622 3.813095 0.226131 -0.152574 2.859748 0.170795 2.098575 10.444213 -0.280793 4.191620 -16.747523 -1.500936 7.310073 11.241959 9.497254 26.722174 -33.353021 60.516734 -3.497397 13.485685 -5.359262 -1.727737 17.272389 -8.360595 -7.399317 8.531714 -8.369689 -32.591265 -22.128701 -62.057148 -6.224088 -0.603439 5.316253 5.736885 14.737033 5.562165 -27.294068 -48.156198 20.707140 3.881522 61.215008 -2.673716 -8.994126 -21.501935 -2.282271 -0.000000 -0.000000 0.000000 20.469902 -49.876307 -13.397153 -4.535052 59.699481 1.432822 -11.062419 -20.759871 6.394954 0.000000 -0.000000 0.000000
-18.528906 86.168775 -241.653576 2.141316 13.089060 -0.077798 -0.455143 8.549147 0.498094 -0.210905 3.799132 0.229147 -0.210906 3.799132 0.229147 -0.159548 2.849271 0.173110 2.101185 10.470324 -0.284882 4.197524 -16.698801 -1.508907 7.337568 11.265436 9.471621 26.752274 -33.387447 60.459495 -3.448904 13.454542 -5.361629 -1.727199 17.240437 -8.363015 -7.387828 8.549288 -8.378875 -32.502080 -22.163925 -62.060250 -6.198538 -0.553490 5.299165 5.757586 14.750498 5.581599 -27.342402 -48.173398 20.795664 3.656053 61.166889 -2.978577 -8.938050 -21.426289 -2.202296 0.000000 0.000000 -0.000000 20.463575 -49.915229 -13.419667 -4.485182 59.685804 1.468624 -11.058752 -20.734441 6.387691 0.000000 -0.000000 0.000000
-18.517327 86.172129 -241.668669 2.132949 13.119330 -0.077362 -0.468506 8.517806 0.503329 -0.216894 3.785183 0.231686 -0.216894 3.785183 0.231686 -0.164048 2.838806 0.175047 2.101287 10.495901 -0.284595 4.196600 -16.651334 -1.507291 7.357652 11.291068 9.449760 26.784027 -33.415252 60.408843 -3.407838 13.419757 -5.367812 -1.726471 17.205699 -8.365607 -7.383461 8.571633 -8.380337 -32.437641 -22.186187 -62.062985 -6.187641 -0.513001 5.293730 5.772202 14.750225 5.599386 -27.372028 -48.196933 20.858340 3.504325 61.137358 -3.180457 -8.903267 -21.372122 -2.145545 0.000000 -0.000000 0.000000 20.466042 -49.950729 -13.440452 -4.453577 59.679021 1.491567 -11.052456 -20.715765 6.381835 0.000000 0.000000 0.000000
-18.513350 86.169176 -241.675774 2.120116 13.143783 -0.082107 -0.471698 8.484798 0.506950 -0.218344 3.770505 0.233321 -0.218344 3.770505 0.233321 -0.165140 2.827796 0.176276 2.098279 10.523777 -0.276398 4.185979 -16.600020 -1.488865 7.366235 11.319111 9.435532 26.824393 -33.429455 60.368014 -3.379644 13.381663 -5.383263 -1.726477 17.167605 -8.370403 -7.389556 8.600812 -8.366323 -32.428669 -22.173500 -62.058886 -6.192330 -0.500391 5.308702 5.775681 14.722640 5.612978 -27.365400 -48.234648 20.871458 3.496161 61.146343 -3.178734 -8.911968 -21.361330 -2.135590 0.000000 -0.000000 0.000000 20.487353 -49.982311 -13.457581 -4.459919 59.687258 1.487499 -11.043407 -20.710666 6.379333 -0.000000 0.000000 -0.000000
-18.512729 86.163348 -241.678739 2.104453 13.164485 -0.088992 -0.467497 8.451802 0.509787 -0.216502 3.755842 0.234473 -0.216502 3.755842 0.234473 -0.163761 2.816799 0.177124 2.092768 10.551121 -0.263818 4.168561 -16.549949 -1.460862 7.367412 11.349303 9.425062 26.866363 -33.437040 60.333808 -3.358871 13.339974 -5.402539 -1.726292 17.126727 -8.375363 -7.402782 8.634765 -8.344606 -32.444491 -22.147908 -62.054385 -6.211596 -0.497271 5.335309 5.773122 14.681321 5.624931 -27.340030 -48.278753 20.858660 3.560945 61.174469 -3.074775 -8.942068 -21.371991 -2.148847 0.000000 -0.000000 0.000000 20.517483 -50.010458 -13.473026 -4.484513 59.702401 1.470575 -11.031727 -20.712321 6.378234 -0.000000 0.000000 -0.000000
-18.510733 86.158727 -241.682163 2.092242 13.182564 -0.092775 -0.460280 8.424320 0.513254 -0.213340 3.743632 0.235854 -0.213340 3.743632 0.235854 -0.161395 2.807643 0.178136 2.085501 10.572312 -0.251792 4.148251 -16.511331 -1.433417 7.365267 11.375181 9.411653 26.894505 -33.445900 60.307159 -3.340245 13.305832 -5.417117 -1.723760 17.094776 -8.374835 -7.420348 8.663890 -8.324385 -32.455052 -22.134284 -62.051612 -6.235532 -0.480513 5.355924 5.769930 14.654025 5.631066 -27.327730 -48.316337 20.851811 3.623764 61.199503 -2.985706 -8.965312 -21.382774 -2.160768 0.000000 -0.000000 0.000000 20.546045 -50.033203 -13.493843 -4.509419 59.713698 1.456374 -11.015763 -20.712549 6.376383 0.000000 0.000000 0.000000
-18.505854 86.156749 -241.686638 2.087256 13.197226 -0.089207 -0.449199 8.404793 0.516913 -0.208476 3.734963 0.237258 -0.208476 3.734963 0.237258 -0.157753 2.801142 0.179156 2.074713 10.583295 -0.240886 4.122037 -16.491733 -1.406984 7.357988 11.398040 9.392834 26.890844 -33.465481 60.294432 -3.319391 13.291050 -5.422772 -1.716470 17.076393 -8.367236 -7.445670 8.685247 -8.308515 -32.446329 -22.143839 -62.050004 -6.261730 -0.433145 5.362055 5.766356 14.656895 5.625658 -27.344278 -48.340457 20.861413 3.669301 61.215154 -2.945413 -8.970424 -21.391958 -2.166111 -0.000000 0.000000 -0.000000 20.571819 -50.046141 -13.528282 -4.533028 59.716384 1.450557 -10.990196 -20.709557 6.371714 0.000000 -0.000000 0.000000
-18.499600 86.155977 -241.691571 2.085728 13.209266 -0.082529 -0.435099 8.390779 0.521191 -0.202290 3.728746 0.238887 -0.202290 3.728746 0.238887 -0.153123 2.796481 0.180338 2.062176 10.588116 -0.230527 4.092922 -16.483600 -1.381079 7.347380 11.416593 9.371079 26.873339 -33.486344 60.289265 -3.300658 13.283801 -5.423679 -1.706794 17.066924 -8.354119 -7.475318 8.701766 -8.294126 -32.432324 -22.165349 -62.050118 -6.292655 -0.372152 5.362133 5.762077 14.673781 5.614398 -27.373934 -48.358049 20.877022 3.712739 61.227776 -2.920147 -8.968681 -21.401253 -2.170127 0.000000 -0.000000 0.000000 20.596007 -50.053672 -13.568071 -4.556931 59.715231 1.447483 -10.960347 -20.705134 6.366295 -0.000000 0.000000 -0.000000
-18.491763 86.156181 -241.699785 2.082625 13.222206 -0.080236 -0.424899 8.380449 0.528808 -0.197897 3.724159 0.242070 -0.197897 3.724159 0.242070 -0.149847 2.793042 0.182696 2.053941 10.593312 -0.223942 4.073824 -16.474479 -1.364406 7.342959 11.420503 9.347107 26.880500 -33.488068 60.273464 -3.291872 13.259754 -5.423933 -1.699740 17.064138 -8.334536 -7.496236 8.712650 -8.281809 -32.425017 -22.190028 -62.055731 -6.325715 -0.325334 5.363923 5.761638 14.684020 5.610215 -27.401304 -48.377022 20.899163 3.724496 61.234315 -2.926005 -8.965668 -21.394445 -2.164022 0.000000 0.000000 0.000000 20.611859 -50.067056 -13.595482 -4.567957 59.713787 1.445809 -10.940521 -20.696476 6.364174 0.000000 0.000000 0.000000
-18.481272 86.157830 -241.713981 2.074600 13.238133 -0.087708 -0.423993 8.374719 0.542885 -0.197744 3.721601 0.248288 -0.197744 3.721601 0.248288 -0.149770 2.791121 0.187356 2.054789 10.600872 -0.226195 4.076206 -16.460332 -1.368835 7.352824 11.396313 9.317958 26.956686 -33.446099 60.224160 -3.301479 13.186000 -5.424428 -1.697182 17.074291 -8.298667 -7.497710 8.714609 -8.272755 -32.419778 -22.220834 -62.076379 -6.363470 -0.303483 5.371511 5.770402 14.678109 5.623327 -27.423766 -48.399049 20.934937 3.679538 61.228824 -2.986370 -8.960863 -21.357481 -2.139962 -0.000000 0.000000 -0.000000 20.612789 -50.093715 -13.598320 -4.553637 59.713383 1.447639 -10.939919 -20.680880 6.368316 0.000000 0.000000 0.000000
-18.469199 86.160454 -241.731458 2.064995 13.254957 -0.099569 -0.426983 8.372676 0.560308 -0.199382 3.720673 0.256063 -0.199383 3.720673 0.256063 -0.151045 2.790422 0.193195 2.059935 10.608814 -0.232223 4.088594 -16.445189 -1.382486 7.368917 11.357486 9.286590 27.057401 -33.384910 60.164446 -3.321042 13.095457 -5.424230 -1.697212 17.091141 -8.256318 -7.490444 8.710944 -8.265767 -32.421233 -22.254820 -62.102511 -6.403327 -0.295781 5.380852 5.783033 14.665574 5.643534 -27.443961 -48.422452 20.977251 3.602953 61.217198 -3.077821 -8.954753 -21.304405 -2.105809 0.000000 -0.000000 0.000000 20.605356 -50.126234 -13.588749 -4.526433 59.712680 1.450877 -10.949332 -20.661051 6.375749 -0.000000 0.000000 -0.000000
-18.458551 86.162409 -241.746929 2.058813 13.269927 -0.107171 -0.424600 8.369737 0.574445 -0.198578 3.719356 0.262284 -0.198578 3.719356 0.262284 -0.150480 2.789433 0.197854 2.061091 10.617715 -0.230052 4.089518 -16.428711 -1.378442 7.376463 11.334047 9.262594 27.088177 -33.357791 60.144608 -3.333041 13.062534 -5.424775 -1.699229 17.093709 -8.235995 -7.493523 8.710728 -8.257855 -32.455296 -22.274356 -62.109207 -6.434933 -0.297613 5.387586 5.788073 14.654295 5.653154 -27.454373 -48.450128 21.005325 3.540184 61.214217 -3.146391 -8.954468 -21.261156 -2.076292 0.000000 0.000000 0.000000 20.602579 -50.153626 -13.585619 -4.510583 59.711221 1.447869 -10.955455 -20.642307 6.381610 -0.000000 0.000000 -0.000000
-18.451768 86.162208 -241.757816 2.059224 13.281203 -0.106122 -0.410750 8.364043 0.581831 -0.192567 3.716837 0.265303 -0.192567 3.716837 0.265303 -0.145990 2.787545 0.200080 2.053132 10.627534 -0.210412 4.064888 -16.411494 -1.336480 7.365514 11.341955 9.253604 26.973841 -33.403936 60.204884 -3.326493 13.151506 -5.429803 -1.704857 17.064491 -8.261670 -7.518607 8.716805 -8.246207 -32.555820 -22.261130 -62.074770 -6.450626 -0.318624 5.388891 5.777317 14.645994 5.640681 -27.438968 -48.487165 20.996498 3.521059 61.230531 -3.146395 -8.964636 -21.247325 -2.064308 0.000000 -0.000000 0.000000 20.610455 -50.171240 -13.596690 -4.519806 59.710152 1.432067 -10.952596 -20.626956 6.383520 0.000000 0.000000 0.000000
-18.446411 86.161338 -241.766696 2.063065 13.290626 -0.100809 -0.391531 8.357448 0.585923 -0.184115 3.713926 0.266765 -0.184115 3.713926 0.266765 -0.139661 2.785365 0.201124 2.041193 10.638292 -0.182564 4.028828 -16.392957 -1.276829 7.345979 11.365236 9.251995 26.789398 -33.484013 60.305233 -3.312427 13.298099 -5.435582 -1.712445 17.020986 -8.309361 -7.554038 8.726323 -8.233635 -32.688920 -22.233360 -62.020951 -6.458071 -0.349181 5.387618 5.758945 14.638912 5.617643 -27.413693 -48.528479 20.973343 3.515687 61.255546 -3.123567 -8.980666 -21.243330 -2.056932 0.000000 0.000000 0.000000 20.623018 -50.183726 -13.614233 -4.540388 59.708326 1.410011 -10.946452 -20.612692 6.383863 -0.000000 0.000000 -0.000000
-18.438172 86.162624 -241.776021 2.065841 13.300968 -0.095761 -0.375966 8.350923 0.590476 -0.177291 3.711042 0.268498 -0.177291 3.711042 0.268498 -0.134554 2.783204 0.202381 2.032383 10.650673 -0.162320 4.002208 -16.371002 -1.233234 7.332809 11.386003 9.244461 26.666358 -33.533976 60.374525 -3.306278 13.383893 -5.432498 -1.716591 16.994699 -8.335674 -7.583926 8.739794 -8.225574 -32.779017 -22.228350 -61.987823 -6.469908 -0.355761 5.387901 5.746120 14.635716 5.600880 -27.419113 -48.561749 20.983038 3.479661 61.272275 -3.161344 -8.995882 -21.216349 -2.030154 0.000000 0.000000 0.000000 20.635373 -50.194060 -13.633902 -4.555424 59.701848 1.393666 -10.940799 -20.597916 6.384934 0.000000 -0.000000 0.000000
-18.424652 86.168026 -241.786827 2.066608 13.313023 -0.091956 -0.367659 8.346232 0.596728 -0.173716 3.708963 0.271116 -0.173716 3.708963 0.271116 -0.131889 2.781646 0.204321 2.029171 10.663645 -0.157077 3.993178 -16.347216 -1.221138 7.332821 11.396553 9.224043 26.684225 -33.515459 60.369248 -3.313094 13.328041 -5.413067 -1.714289 16.998031 -8.320314 -7.602670 8.758649 -8.225028 -32.782484 -22.271217 -61.997078 -6.495032 -0.319128 5.391990 5.745373 14.642908 5.596738 -27.494865 -48.574747 21.064031 3.396721 61.271011 -3.312235 -9.004906 -21.149522 -1.970407 0.000000 0.000000 0.000000 20.644354 -50.201547 -13.654455 -4.558263 59.686779 1.387504 -10.936648 -20.581897 6.388172 0.000000 0.000000 0.000000
-18.408251 86.175583 -241.798078 2.066311 13.325996 -0.088415 -0.363005 8.341612 0.603445 -0.171769 3.706910 0.274007 -0.171768 3.706910 0.274007 -0.130445 2.780106 0.206476 2.029080 10.678257 -0.159441 3.993560 -16.320006 -1.225086 7.339191 11.404599 9.197691 26.763719 -33.467005 60.332590 -3.327741 13.211395 -5.384709 -1.708605 17.018595 -8.283596 -7.615879 8.781457 -8.228994 -32.742954 -22.336911 -62.027058 -6.524532 -0.258508 5.397532 5.750195 14.654010 5.598837 -27.601372 -48.579567 21.177958 3.283320 61.261184 -3.523572 -9.012933 -21.059632 -1.891409 0.000000 -0.000000 0.000000 20.653117 -50.206884 -13.677125 -4.555565 59.667061 1.387049 -10.932987 -20.565366 6.392136 0.000000 0.000000 0.000000
-18.391859 86.182235 -241.809113 2.063284 13.340271 -0.086730 -0.360219 8.332738 0.610678 -0.170653 3.702964 0.277157 -0.170653 3.702964 0.277157 -0.129627 2.777147 0.208830 2.031790 10.698340 -0.163046 3.999725 -16.282508 -1.232474 7.346406 11.415376 9.172949 26.798872 -33.440409 60.322563 -3.350302 13.158056 -5.360322 -1.703321 17.050711 -8.243070 -7.624485 8.804436 -8.233899 -32.715899 -22.387648 -62.052532 -6.544342 -0.198079 5.401831 5.754224 14.652257 5.604911 -27.660589 -48.600596 21.256969 3.143775 61.254659 -3.721370 -9.029175 -20.964319 -1.810083 0.000000 0.000000 0.000000 20.666265 -50.215133 -13.701285 -4.550378 59.650628 1.390839 -10.930560 -20.548913 6.394802 0.000000 0.000000 0.000000
-18.375011 86.187381 -241.820699 2.054773 13.356037 -0.088681 -0.359059 8.317166 0.619170 -0.170273 3.696038 0.280891 -0.170273 3.696038 0.280891 -0.129361 2.771951 0.211626 2.038486 10.727828 -0.165495 4.012731 -16.227465 -1.239047 7.353463 11.429475 9.151319 26.735078 -33.464377 60.368587 -3.389757 13.242634 -5.344862 -1.700136 17.104045 -8.198231 -7.626893 8.824981 -8.239864 -32.726104 -22.406324 -62.063669 -6.546093 -0.141703 5.405477 5.755676 14.619659 5.620124 -27.615994 -48.656384 21.259435 2.941401 61.254665 -3.896529 -9.062125 -20.856237 -1.723334 0.000000 -0.000000 0.000000 20.685356 -50.229282 -13.726067 -4.538164 59.640550 1.402445 -10.930798 -20.530407 6.395020 0.000000 0.000000 0.000000
-18.358173 86.191622 -241.832070 2.043530 13.373103 -0.092491 -0.359769 8.297344 0.628183 -0.170725 3.687220 0.284887 -0.170725 3.687220 0.284887 -0.129720 2.765337 0.214623 2.047974 10.762790 -0.169183 4.031490 -16.162127 -1.249041 7.361369 11.446295 9.131302 26.626892 -33.510130 60.441267 -3.437227 13.390503 -5.333648 -1.697291 17.168936 -8.149583 -7.624700 8.845701 -8.246770 -32.748829 -22.410072 -62.070211 -6.538158 -0.085527 5.407948 5.756356 14.574208 5.639330 -27.523915 -48.728502 21.226726 2.712582 61.258017 -4.058471 -9.103222 -20.742664 -1.634383 0.000000 -0.000000 0.000000 20.708845 -50.246340 -13.752353 -4.523464 59.633754 1.418293 -10.932269 -20.511980 6.393938 0.000000 -0.000000 0.000000
-18.345631 86.193698 -241.840274 2.036147 13.391285 -0.094419 -0.361293 8.276285 0.635536 -0.171505 3.677853 0.288160 -0.171505 3.677853 0.288160 -0.130321 2.758310 0.217079 2.056390 10.795245 -0.174922 4.049176 -16.101398 -1.262598 7.367619 11.469267 9.115943 26.532444 -33.543461 60.510006 -3.465985 13.501900 -5.325035 -1.693458 17.210690 -8.116187 -7.623617 8.870627 -8.250684 -32.765347 -22.412491 -62.076103 -6.531604 -0.042164 5.404976 5.755260 14.553099 5.644800 -27.475990 -48.786127 21.215925 2.570970 61.267446 -4.161185 -9.136432 -20.663346 -1.569277 0.000000 0.000000 0.000000 20.736684 -50.262388 -13.782150 -4.522932 59.628971 1.426220 -10.931414 -20.500619 6.392979 0.000000 0.000000 0.000000
-18.340409 86.192462 -241.843293 2.036458 13.411108 -0.091382 -0.362455 8.254089 0.639370 -0.172060 3.667983 0.289867 -0.172060 3.667983 0.289867 -0.130743 2.750907 0.218360 2.061290 10.821762 -0.183825 4.061694 -16.051682 -1.280911 7.368320 11.500300 9.108307 26.471736 -33.546447 60.566725 -3.456535 13.529280 -5.318391 -1.687164 17.210416 -8.110253 -7.627570 8.901701 -8.249034 -32.767666 -22.416119 -62.082274 -6.533513 -0.021456 5.392251 5.750207 14.582506 5.622210 -27.527466 -48.813720 21.261915 2.585750 61.288096 -4.175044 -9.155972 -20.641361 -1.541549 0.000000 -0.000000 0.000000 20.776007 -50.274309 -13.822441 -4.551689 59.625512 1.418251 -10.925820 -20.501066 6.392342 0.000000 -0.000000 0.000000
-18.339483 86.189061 -241.843146 2.040633 13.432046 -0.086458 -0.364429 8.230654 0.641539 -0.172943 3.657563 0.290849 -0.172943 3.657563 0.290849 -0.131406 2.743091 0.219099 2.065129 10.845771 -0.194779 4.073163 -16.006578 -1.302795 7.367362 11.537480 9.105323 26.424915 -33.537095 60.619367 -3.428293 13.520211 -5.314145 -1.679913 17.186997 -8.119561 -7.632633 8.936980 -8.244395 -32.763776 -22.418406 -62.087802 -6.536817 -0.013558 5.374093 5.743319 14.636251 5.585863 -27.623329 -48.826762 21.330116 2.687927 61.315036 -4.129423 -9.167878 -20.653776 -1.537385 -0.000000 -0.000000 0.000000 20.819687 -50.285199 -13.866254 -4.594600 59.624066 1.402372 -10.917902 -20.508578 6.391829 0.000000 0.000000 0.000000
-18.338070 86.185669 -241.842935 2.043773 13.452348 -0.085145 -0.369686 8.208693 0.645429 -0.175314 3.647793 0.292653 -0.175314 3.647793 0.292653 -0.133190 2.735762 0.220464 2.071393 10.869577 -0.205257 4.089094 -15.961787 -1.324844 7.373903 11.578510 9.100840 26.390483 -33.535264 60.661230 -3.412830 13.517582 -5.312039 -1.674946 17.162371 -8.126520 -7.632749 8.974672 -8.240553 -32.758905 -22.425314 -62.093862 -6.531364 -0.001549 5.359181 5.740058 14.673019 5.560990 -27.690158 -48.841143 21.373777 2.783868 61.336016 -4.066801 -9.173985 -20.671401 -1.541632 -0.000000 -0.000000 0.000000 20.846281 -50.300485 -13.894645 -4.622936 59.625428 1.390366 -10.911335 -20.515919 6.392274 0.000000 -0.000000 0.000000
-18.333454 86.183538 -241.844174 2.043619 13.471780 -0.090796 -0.380076 8.190077 0.653589 -0.180040 3.639498 0.296443 -0.180040 3.639498 0.296443 -0.136752 2.729537 0.223331 2.082103 10.892492 -0.215690 4.113598 -15.918500 -1.348818 7.394815 11.625104 9.091724 26.375241 -33.549812 60.684318 -3.426033 13.537691 -5.314036 -1.674360 17.135198 -8.127219 -7.625150 9.014638 -8.241021 -32.749445 -22.444233 -62.103528 -6.511552 0.025671 5.352013 5.744126 14.670879 5.561493 -27.691529 -48.864312 21.367457 2.837721 61.344454 -3.996597 -9.173579 -20.683811 -1.550014 0.000000 -0.000000 0.000000 20.842875 -50.323579 -13.897465 -4.620766 59.629523 1.389725 -10.906636 -20.519230 6.393695 0.000000 -0.000000 0.000000
-18.328351 86.181417 -241.845349 2.042425 13.490576 -0.100063 -0.393752 8.172941 0.663479 -0.186255 3.631854 0.301058 -0.186255 3.631854 0.301058 -0.141436 2.723800 0.226826 2.095230 10.915204 -0.225655 4.142547 -15.875522 -1.372962 7.423210 11.675555 9.081116 26.372375 -33.571911 60.696644 -3.452040 13.564213 -5.318208 -1.676065 17.106810 -8.125559 -7.612616 9.057023 -8.242291 -32.739003 -22.467773 -62.113731 -6.482978 0.057000 5.348108 5.751854 14.651755 5.573464 -27.663791 -48.888888 21.336491 2.885246 61.346909 -3.909492 -9.167365 -20.701423 -1.566818 -0.000000 -0.000000 0.000000 20.822339 -50.351091 -13.884803 -4.604020 59.636428 1.392956 -10.903290 -20.522370 6.396074 0.000000 0.000000 0.000000
-18.326124 86.177724 -241.845017 2.042057 13.507684 -0.108391 -0.407639 8.154382 0.670850 -0.192516 3.623579 0.304557 -0.192516 3.623579 0.304557 -0.146147 2.717590 0.229484 2.108188 10.942077 -0.231341 4.169088 -15.824984 -1.388591 7.447614 11.722419 9.072273 26.359901 -33.594877 60.715574 -3.474823 13.591099 -5.318473 -1.677108 17.103157 -8.115704 -7.597406 9.100462 -8.237610 -32.743639 -22.479728 -62.116400 -6.452306 0.076059 5.342658 5.757694 14.640120 5.580462 -27.642749 -48.908648 21.310340 2.940083 61.350899 -3.820013 -9.159294 -20.726308 -1.589739 0.000000 0.000000 0.000000 20.801927 -50.378274 -13.868089 -4.591769 59.647175 1.389342 -10.903425 -20.529685 6.400187 0.000000 -0.000000 0.000000
-18.328665 86.172517 -241.842693 2.042447 13.523810 -0.114802 -0.421173 8.132225 0.674090 -0.198543 3.613709 0.306216 -0.198543 3.613709 0.306216 -0.150670 2.710184 0.230761 2.120994 10.976430 -0.230305 4.192048 -15.760825 -1.390867 7.463604 11.761693 9.065365 26.319578 -33.620560 60.754493 -3.489313 13.618855 -5.310039 -1.676840 17.150847 -8.089504 -7.578911 9.143783 -8.222151 -32.778219 -22.467498 -62.106633 -6.417721 0.076326 5.333889 5.759355 14.643296 5.576971 -27.638202 -48.922222 21.299124 2.999498 61.357138 -3.738649 -9.148973 -20.756099 -1.617042 0.000000 -0.000000 0.000000 20.785420 -50.404623 -13.847674 -4.588734 59.660971 1.374525 -10.909425 -20.542242 6.405973 0.000000 -0.000000 0.000000
-18.334083 86.165740 -241.838861 2.043664 13.538248 -0.120274 -0.434918 8.108643 0.674810 -0.204617 3.603208 0.306759 -0.204617 3.603208 0.306759 -0.155223 2.702304 0.231201 2.133639 11.014944 -0.224991 4.212626 -15.689115 -1.384641 7.475623 11.797369 9.060212 26.269593 -33.647064 60.800061 -3.500575 13.646989 -5.297694 -1.675934 17.223274 -8.055130 -7.557723 9.188158 -8.200722 -32.827873 -22.443685 -62.089335 -6.381048 0.064338 5.323499 5.759119 14.653977 5.568532 -27.640375 -48.930985 21.292758 3.066258 61.364910 -3.654882 -9.136775 -20.793150 -1.650484 0.000000 0.000000 0.000000 20.769043 -50.430642 -13.823214 -4.590216 59.678612 1.352845 -10.918911 -20.558973 6.413496 0.000000 0.000000 0.000000
-18.340072 86.155640 -241.833536 2.047780 13.547832 -0.123186 -0.447491 8.087251 0.673580 -0.210140 3.593683 0.306417 -0.210140 3.593683 0.306417 -0.159357 2.695158 0.230974 2.143498 11.052027 -0.218915 4.227550 -15.620184 -1.375764 7.485523 11.833980 9.059546 26.242658 -33.662141 60.829521 -3.507758 13.667968 -5.289695 -1.673417 17.266562 -8.031236 -7.537892 9.235738 -8.181016 -32.864065 -22.429886 -62.071103 -6.354418 0.043309 5.311923 5.758300 14.674725 5.555331 -27.655762 -48.932850 21.290463 3.162369 61.379564 -3.551610 -9.127782 -20.846611 -1.693009 0.000000 0.000000 0.000000 20.758765 -50.453109 -13.805156 -4.601180 59.703513 1.326612 -10.926872 -20.581013 6.423717 0.000000 -0.000000 0.000000
-18.346262 86.141044 -241.825874 2.057823 13.550232 -0.122064 -0.459431 8.069191 0.670013 -0.215347 3.585643 0.305030 -0.215347 3.585643 0.305030 -0.163249 2.689126 0.229962 2.149238 11.086744 -0.213181 4.234779 -15.555773 -1.365812 7.495677 11.876212 9.064233 26.264271 -33.654305 60.827963 -3.509101 13.675372 -5.290029 -1.666963 17.248303 -8.027012 -7.519579 9.291253 -8.165712 -32.874051 -22.437085 -62.052433 -6.346010 0.003316 5.295419 5.756091 14.720053 5.529503 -27.695900 -48.922664 21.295411 3.311406 61.403934 -3.412734 -9.123653 -20.926865 -1.750134 0.000000 -0.000000 0.000000 20.758197 -50.469291 -13.798418 -4.630451 59.737969 1.290863 -10.931373 -20.610496 6.438989 0.000000 -0.000000 0.000000
-18.353023 86.123126 -241.816717 2.070765 13.547776 -0.118384 -0.470196 8.053320 0.664486 -0.220002 3.578579 0.302754 -0.220002 3.578579 0.302754 -0.166722 2.683826 0.228281 2.152199 11.120028 -0.206686 4.236377 -15.494144 -1.353225 7.503724 11.919380 9.073413 26.308970 -33.635080 60.810262 -3.506352 13.675621 -5.294692 -1.658899 17.200901 -8.033274 -7.502609 9.349963 -8.152120 -32.870581 -22.454303 -62.032824 -6.347599 -0.045731 5.277783 5.753312 14.775446 5.498915 -27.749230 -48.905576 21.304403 3.490084 61.435029 -3.254077 -9.122626 -21.023494 -1.816437 0.000000 -0.000000 0.000000 20.763753 -50.481926 -13.798112 -4.669288 59.779673 1.250478 -10.934356 -20.645290 6.456961 0.000000 0.000000 0.000000
-18.359154 86.103662 -241.808605 2.079598 13.544291 -0.114944 -0.476783 8.039824 0.658710 -0.222804 3.572577 0.300297 -0.222804 3.572577 0.300297 -0.168806 2.679325 0.226453 2.153770 11.149093 -0.199633 4.235213 -15.440416 -1.339133 7.504393 11.953974 9.087234 26.333108 -33.626803 60.798265 -3.503908 13.680436 -5.299937 -1.655235 17.167701 -8.041099 -7.490532 9.399813 -8.139901 -32.863370 -22.470183 -62.017342 -6.346751 -0.070869 5.270804 5.753718 14.799914 5.487350 -27.787623 -48.894962 21.307135 3.650071 61.469535 -3.106451 -9.124708 -21.114473 -1.878395 0.000000 0.000000 0.000000 20.770630 -50.495996 -13.799985 -4.696238 59.825144 1.222589 -10.936617 -20.680134 6.471537 0.000000 -0.000000 0.000000
-18.364421 86.082572 -241.801684 2.080561 13.540527 -0.113058 -0.476996 8.027353 0.653125 -0.222785 3.567040 0.297814 -0.222785 3.567040 0.297814 -0.168775 2.675173 0.224590 2.154248 11.176419 -0.191407 4.231498 -15.389996 -1.322377 7.493521 11.976458 9.106840 26.306732 -33.643112 60.807659 -3.504517 13.701411 -5.303561 -1.659867 17.170775 -8.047130 -7.486037 9.435120 -8.128676 -32.850722 -22.480646 -62.012748 -6.333485 -0.044446 5.282690 5.760904 14.762358 5.513203 -27.796699 -48.895360 21.297397 3.778482 61.507273 -2.974979 -9.132360 -21.195240 -1.932836 0.000000 -0.000000 -0.000000 20.773541 -50.513811 -13.799837 -4.694846 59.875150 1.219877 -10.938716 -20.714147 6.479355 0.000000 -0.000000 0.000000
-18.369058 86.059936 -241.795807 2.077415 13.535733 -0.111412 -0.473031 8.017259 0.647292 -0.220914 3.562565 0.295150 -0.220914 3.562565 0.295150 -0.167355 2.671818 0.222581 2.153335 11.199526 -0.182619 4.225019 -15.347477 -1.304109 7.475254 11.990379 9.131071 26.259789 -33.670368 60.822769 -3.505417 13.726954 -5.307758 -1.668884 17.188052 -8.054718 -7.486444 9.461567 -8.118840 -32.834333 -22.489767 -62.012279 -6.317816 0.005882 5.305259 5.771278 14.693856 5.558034 -27.790852 -48.902234 21.281418 3.888195 61.548518 -2.854524 -9.143187 -21.270390 -1.982858 -0.000000 -0.000000 0.000000 20.777769 -50.533063 -13.801863 -4.681431 59.928936 1.229793 -10.940081 -20.748212 6.483769 0.000000 -0.000000 0.000000
-18.372560 86.037774 -241.793073 2.074430 13.531482 -0.108866 -0.468486 8.013774 0.641615 -0.218796 3.561028 0.292552 -0.218796 3.561028 0.292552 -0.165751 2.670668 0.220620 2.151515 11.208182 -0.175321 4.217981 -15.331752 -1.288909 7.456785 11.996843 9.156621 26.238571 -33.690046 60.818328 -3.502733 13.733999 -5.315371 -1.676573 17.196662 -8.064977 -7.487255 9.484152 -8.111221 -32.829011 -22.498428 -62.000692 -6.317359 0.030129 5.325668 5.777791 14.646719 5.590451 -27.785146 -48.915349 21.267586 3.969268 61.590797 -2.760751 -9.150010 -21.331665 -2.024266 -0.000000 -0.000000 0.000000 20.794371 -50.551803 -13.814420 -4.683719 59.980753 1.231602 -10.939809 -20.779716 6.488755 0.000000 -0.000000 0.000000
-18.373828 86.014930 -241.792547 2.073729 13.527223 -0.103256 -0.464864 8.017890 0.635643 -0.217092 3.562869 0.289845 -0.217092 3.562869 0.289845 -0.164459 2.672050 0.218581 2.148943 11.196532 -0.170701 4.211407 -15.353641 -1.279364 7.440435 12.000108 9.182310 26.262826 -33.695823 60.782617 -3.494333 13.711453 -5.327630 -1.680276 17.187569 -8.079404 -7.486488 9.506054 -8.106590 -32.838706 -22.504249 -61.972996 -6.345876 0.003770 5.338841 5.776411 14.648870 5.594386 -27.779304 -48.939223 21.249565 4.019169 61.640970 -2.689656 -9.150971 -21.379443 -2.057342 -0.000000 -0.000000 0.000000 20.836342 -50.568009 -13.845485 -4.744330 60.034299 1.187389 -10.928273 -20.812372 6.503238 0.000000 -0.000000 -0.000000
-18.373961 85.992560 -241.795164 2.073190 13.523507 -0.096745 -0.460666 8.028617 0.629828 -0.215144 3.567648 0.287203 -0.215144 3.567648 0.287203 -0.162984 2.675636 0.216590 2.145455 11.170433 -0.167573 4.204246 -15.402324 -1.272877 7.423895 11.995909 9.209338 26.312823 -33.693992 60.727332 -3.482364 13.670411 -5.343325 -1.682653 17.169808 -8.096494 -7.486122 9.524093 -8.104175 -32.859463 -22.509602 -61.934176 -6.389606 -0.048670 5.349866 5.771158 14.672398 5.585933 -27.773587 -48.969338 21.233681 4.040211 61.692283 -2.645464 -9.147985 -21.413365 -2.081757 0.000000 0.000000 -0.000000 20.890723 -50.583678 -13.887114 -4.820871 60.085851 1.134828 -10.915105 -20.842467 6.518294 0.000000 0.000000 -0.000000
-18.375753 85.976155 -241.805826 2.070706 13.523556 -0.094684 -0.454978 8.047215 0.625924 -0.212577 3.575925 0.285389 -0.212577 3.575925 0.285389 -0.161053 2.681846 0.215218 2.141065 11.137218 -0.164428 4.195586 -15.464244 -1.266244 7.407426 11.972560 9.237981 26.375670 -33.684983 60.662297 -3.469369 13.621085 -5.361641 -1.685976 17.147617 -8.112836 -7.487593 9.533728 -8.102491 -32.894240 -22.522489 -61.883939 -6.424889 -0.103597 5.361103 5.767070 14.685902 5.582036 -27.783926 -48.991913 21.247362 4.029456 61.721872 -2.656429 -9.139539 -21.424062 -2.092395 0.000000 0.000000 0.000000 20.929635 -50.602923 -13.923788 -4.813162 60.118621 1.166966 -10.928275 -20.856236 6.511137 0.000000 0.000000 0.000000
-18.381209 85.969428 -241.829621 2.065547 13.529483 -0.101239 -0.449398 8.077556 0.625866 -0.210140 3.589418 0.285291 -0.210140 3.589417 0.285291 -0.159231 2.691966 0.215134 2.136850 11.095485 -0.162470 4.188089 -15.541927 -1.262317 7.393499 11.915302 9.268981 26.461602 -33.661194 60.581733 -3.458651 13.559064 -5.385101 -1.690815 17.120747 -8.124620 -7.490615 9.530806 -8.101728 -32.943566 -22.550076 -61.819260 -6.442483 -0.149354 5.374792 5.766418 14.672974 5.591697 -27.829617 -48.996535 21.319118 3.970529 61.712931 -2.763155 -9.121680 -21.398617 -2.080395 0.000000 -0.000000 0.000000 20.930588 -50.629761 -13.943027 -4.639827 60.119487 1.359956 -10.995276 -20.843310 6.464198 0.000000 -0.000000 0.000000
-18.388325 85.968665 -241.861461 2.058442 13.539174 -0.112245 -0.442318 8.115765 0.627718 -0.207081 3.606407 0.286018 -0.207081 3.606407 0.286018 -0.156949 2.704709 0.215666 2.131736 11.046636 -0.160485 4.179100 -15.632847 -1.258223 7.379659 11.838891 9.301625 26.560280 -33.630116 60.491510 -3.446913 13.488762 -5.411193 -1.696613 17.089449 -8.135657 -7.495482 9.519482 -8.101690 -33.006966 -22.585101 -61.743076 -6.451637 -0.197595 5.388671 5.766931 14.650026 5.605925 -27.891365 -48.993540 21.420440 3.880048 61.682142 -2.924829 -9.098357 -21.349963 -2.054594 0.000000 0.000000 0.000000 20.916021 -50.660204 -13.957261 -4.382404 60.101000 1.637554 -11.088630 -20.814170 6.395009 0.000000 0.000000 0.000000
-18.393882 85.968218 -241.890986 2.049483 13.549519 -0.120558 -0.428032 8.151489 0.627430 -0.200787 3.622304 0.285667 -0.200787 3.622304 0.285667 -0.152235 2.716636 0.215370 2.122505 11.002223 -0.153340 4.159713 -15.715864 -1.242164 7.358747 11.775906 9.333994 26.628097 -33.614999 60.418788 -3.426791 13.433629 -5.431542 -1.703929 17.058712 -8.153967 -7.504499 9.507678 -8.100311 -33.085886 -22.613913 -61.664070 -6.456432 -0.259684 5.398326 5.766843 14.634892 5.614709 -27.927336 -49.000374 21.493332 3.804094 61.657015 -3.048012 -9.079925 -21.307482 -2.036444 0.000000 -0.000000 0.000000 20.925504 -50.686377 -13.988398 -4.184307 60.085552 1.864961 -11.153821 -20.786205 6.333486 0.000000 0.000000 0.000000
-18.396853 85.965868 -241.913947 2.039178 13.558173 -0.123899 -0.401537 8.181236 0.623893 -0.189017 3.635564 0.283653 -0.189017 3.635565 0.283653 -0.143405 2.726587 0.213794 2.107029 10.966475 -0.137170 4.123932 -15.783332 -1.205556 7.324206 11.740973 9.367363 26.626868 -33.635543 60.381912 -3.391277 13.413641 -5.440599 -1.713949 17.027395 -8.186702 -7.522186 9.493952 -8.095600 -33.196974 -22.623246 -61.580269 -6.452959 -0.355476 5.400472 5.766632 14.636423 5.613489 -27.918714 -49.023481 21.514209 3.756928 61.648978 -3.098979 -9.072348 -21.282195 -2.032523 0.000000 -0.000000 0.000000 20.986091 -50.703283 -14.053603 -4.114551 60.084382 1.984726 -11.166241 -20.766255 6.292607 0.000000 -0.000000 -0.000000
-18.398267 85.963833 -241.934592 2.027021 13.567481 -0.124547 -0.367846 8.208501 0.618221 -0.174016 3.647732 0.280561 -0.174017 3.647732 0.280561 -0.132145 2.735721 0.211389 2.087439 10.935156 -0.115844 4.077726 -15.842884 -1.156958 7.282604 11.719465 9.400473 26.594886 -33.672235 60.362492 -3.347361 13.408820 -5.443862 -1.725429 16.996640 -8.226706 -7.544020 9.479755 -8.089538 -33.323533 -22.626261 -61.493694 -6.445127 -0.465119 5.398385 5.765833 14.645767 5.606826 -27.884308 -49.056491 21.506637 3.723921 61.646732 -3.111788 -9.069681 -21.263069 -2.036266 0.000000 -0.000000 0.000000 21.070788 -50.715851 -14.135781 -4.103780 60.086836 2.054589 -11.150494 -20.747354 6.259447 -0.000000 0.000000 -0.000000
-18.397988 85.963124 -241.955306 2.011589 13.581373 -0.122200 -0.336287 8.233414 0.609703 -0.159907 3.658852 0.276239 -0.159907 3.658852 0.276239 -0.121545 2.744068 0.208067 2.066905 10.907125 -0.095825 4.030130 -15.896292 -1.110287 7.246447 11.700085 9.427578 26.603393 -33.689549 60.332338 -3.308684 13.382693 -5.449600 -1.735313 16.974856 -8.260537 -7.558719 9.477342 -8.086020 -33.417054 -22.649134 -61.419003 -6.448743 -0.540417 5.397526 5.761268 14.654210 5.598386 -27.838809 -49.097718 21.483413 3.707253 61.643871 -3.095200 -9.064460 -21.246385 -2.049421 0.000000 -0.000000 0.000000 21.138142 -50.731169 -14.205513 -4.087197 60.083118 2.113153 -11.125857 -20.726044 6.225124 0.000000 -0.000000 -0.000000
-18.395955 85.964490 -241.976441 1.993815 13.600564 -0.114761 -0.310458 8.255867 0.596744 -0.148254 3.668874 0.270046 -0.148254 3.668874 0.270046 -0.112776 2.751591 0.203357 2.046627 10.882393 -0.078638 3.984151 -15.943442 -1.069028 7.220255 11.679100 9.445697 26.698197 -33.665352 60.273289 -3.285869 13.308027 -5.462997 -1.742201 16.965566 -8.286035 -7.560746 9.495141 -8.086580 -33.446861 -22.712013 -61.364943 -6.472509 -0.549847 5.397614 5.749450 14.661699 5.585793 -27.776080 -49.149416 21.435537 3.706152 61.638686 -3.043405 -9.052934 -21.232078 -2.075633 0.000000 -0.000000 0.000000 21.164972 -50.750710 -14.248696 -4.033917 60.067588 2.176920 -11.094256 -20.698322 6.181627 -0.000000 0.000000 0.000000
-18.392230 85.967181 -241.997644 1.972769 13.624344 -0.104332 -0.286777 8.275972 0.580922 -0.137499 3.677850 0.262620 -0.137499 3.677850 0.262620 -0.104671 2.758329 0.197726 2.025409 10.860961 -0.062737 3.936796 -15.984426 -1.029675 7.199484 11.660245 9.457784 26.833355 -33.621577 60.203513 -3.268299 13.212055 -5.478918 -1.747553 16.965240 -8.305364 -7.555623 9.524715 -8.089688 -33.443757 -22.795021 -61.322879 -6.507716 -0.524924 5.398867 5.733869 14.668281 5.571405 -27.702118 -49.209292 21.371860 3.721326 61.632873 -2.962262 -9.038856 -21.220201 -2.111252 0.000000 0.000000 0.000000 21.174426 -50.773079 -14.279383 -3.974872 60.045877 2.229347 -11.053778 -20.668173 6.136993 0.000000 0.000000 0.000000
-18.386863 85.969963 -242.020238 1.944235 13.654494 -0.096910 -0.263795 8.294176 0.566274 -0.127072 3.685978 0.255724 -0.127072 3.685978 0.255724 -0.096815 2.764431 0.192494 2.002821 10.841681 -0.049972 3.888108 -16.021328 -0.995648 7.183027 11.643411 9.466973 26.942662 -33.588873 60.149050 -3.237774 13.140010 -5.490284 -1.752624 16.971718 -8.311574 -7.548669 9.553023 -8.094663 -33.451475 -22.864307 -61.281202 -6.544073 -0.511994 5.407589 5.721791 14.665407 5.566001 -27.650004 -49.268914 21.332161 3.757216 61.625129 -2.877989 -9.026011 -21.207223 -2.147074 0.000000 -0.000000 0.000000 21.194568 -50.801116 -14.310415 -3.937976 60.025030 2.259505 -11.017931 -20.644170 6.106374 -0.000000 -0.000000 0.000000
-18.380628 85.972041 -242.044345 1.904155 13.691478 -0.095127 -0.239386 8.309759 0.553647 -0.116044 3.692940 0.249696 -0.116043 3.692939 0.249696 -0.088513 2.769658 0.187909 1.977135 10.825868 -0.039989 3.834561 -16.051767 -0.965451 7.171288 11.629992 9.474661 26.992613 -33.583601 60.124302 -3.188759 13.115972 -5.492518 -1.761218 16.990305 -8.295411 -7.541090 9.578814 -8.100631 -33.493202 -22.905293 -61.232693 -6.578573 -0.528662 5.429950 5.716895 14.644576 5.578702 -27.638084 -49.323221 21.337903 3.825726 61.616236 -2.795631 -9.017266 -21.194509 -2.182316 0.000000 -0.000000 0.000000 21.234960 -50.836090 -14.344459 -3.931758 60.008729 2.264957 -10.991852 -20.631544 6.094803 -0.000000 0.000000 0.000000
-18.372751 85.974209 -242.069842 1.856574 13.734829 -0.096381 -0.215675 8.323434 0.542179 -0.105344 3.699051 0.244191 -0.105344 3.699051 0.244191 -0.080460 2.774247 0.183718 1.950083 10.812207 -0.033123 3.779689 -16.078126 -0.940558 7.163859 11.618590 9.479438 27.016862 -33.589554 60.114788 -3.126797 13.115882 -5.490200 -1.769501 17.015688 -8.266111 -7.531699 9.603339 -8.108484 -33.545668 -22.932428 -61.184442 -6.614258 -0.557305 5.459852 5.715467 14.614298 5.600402 -27.648265 -49.377297 21.367905 3.914954 61.605376 -2.710129 -9.009750 -21.180697 -2.217764 -0.000000 0.000000 0.000000 21.286093 -50.876711 -14.378909 -3.947596 59.993310 2.248225 -10.970378 -20.625094 6.097214 0.000000 0.000000 0.000000
-18.360955 85.977618 -242.097688 1.809427 13.784931 -0.098820 -0.197594 8.337794 0.533343 -0.097186 3.705458 0.239953 -0.097186 3.705458 0.239953 -0.074321 2.779056 0.180492 1.926409 10.795593 -0.032254 3.734111 -16.109661 -0.928845 7.158424 11.604908 9.480249 27.050096 -33.588633 60.103078 -3.050322 13.112785 -5.490085 -1.767275 17.029786 -8.244460 -7.522247 9.617316 -8.120203 -33.582893 -22.955348 -61.146163 -6.649927 -0.591428 5.485277 5.713687 14.591545 5.614554 -27.659081 -49.438004 21.398087 3.993629 61.588883 -2.632559 -8.998647 -21.158174 -2.246549 0.000000 0.000000 0.000000 21.347482 -50.921955 -14.418761 -3.987620 59.974805 2.205868 -10.951543 -20.617764 6.113592 0.000000 0.000000 0.000000
-18.343216 85.983236 -242.128904 1.766760 13.844127 -0.100609 -0.188035 8.353561 0.527724 -0.092865 3.712479 0.237295 -0.092865 3.712479 0.237295 -0.071068 2.784324 0.178474 1.906227 10.772662 -0.039633 3.699167 -16.152548 -0.934835 7.153210 11.584723 9.474816 27.105379 -33.567972 60.084568 -2.950822 13.100525 -5.495200 -1.744205 17.023018 -8.237907 -7.511271 9.613525 -8.138857 -33.585779 -22.977911 -61.126203 -6.691314 -0.629314 5.500694 5.709364 14.584743 5.611860 -27.658982 -49.511873 21.413899 4.050854 61.564523 -2.561597 -8.982290 -21.122460 -2.266175 0.000000 0.000000 0.000000 21.427484 -50.969733 -14.475160 -4.057096 59.947764 2.138714 -10.938772 -20.608002 6.146311 -0.000000 0.000000 0.000000
-18.321559 85.990094 -242.162468 1.724521 13.910074 -0.103595 -0.184097 8.370012 0.524748 -0.091084 3.719796 0.235909 -0.091084 3.719796 0.235909 -0.069727 2.789812 0.177424 1.889409 10.746754 -0.053002 3.673502 -16.200671 -0.953999 7.149984 11.562252 9.465423 27.169611 -33.540394 60.063846 -2.836819 13.085307 -5.502578 -1.710652 17.004987 -8.239055 -7.500269 9.599181 -8.161390 -33.573394 -22.996345 -61.116296 -6.732703 -0.672671 5.511609 5.704724 14.585467 5.601619 -27.659537 -49.592388 21.429887 4.097447 61.534564 -2.498637 -8.962368 -21.078038 -2.279118 0.000000 0.000000 0.000000 21.517861 -51.022091 -14.537113 -4.150607 59.917575 2.046086 -10.928652 -20.597345 6.192997 0.000000 -0.000000 0.000000
-18.299778 85.996440 -242.196269 1.678497 13.976117 -0.111444 -0.182008 8.387580 0.524146 -0.090166 3.727607 0.235609 -0.090166 3.727607 0.235609 -0.069040 2.795671 0.177195 1.880336 10.722826 -0.068502 3.663696 -16.244837 -0.980693 7.151741 11.545863 9.457845 27.238229 -33.526306 60.037228 -2.732278 13.058706 -5.510001 -1.687470 16.986403 -8.246383 -7.495425 9.586663 -8.180578 -33.577038 -23.008857 -61.101214 -6.755712 -0.720175 5.522565 5.702575 14.585416 5.595184 -27.673938 -49.666859 21.465588 4.134766 61.502128 -2.458786 -8.939107 -21.030736 -2.285973 0.000000 0.000000 0.000000 21.593174 -51.084260 -14.576326 -4.254314 59.896491 1.922209 -10.908948 -20.583388 6.246518 0.000000 -0.000000 0.000000
-18.278693 86.001794 -242.229392 1.625924 14.040602 -0.127222 -0.181073 8.406936 0.526676 -0.089819 3.736210 0.236718 -0.089819 3.736210 0.236718 -0.068789 2.802123 0.178025 1.882554 10.701840 -0.086153 3.676593 -16.283153 -1.016534 7.161100 11.540852 9.454462 27.309168 -33.538064 60.002354 -2.644481 13.012167 -5.516376 -1.686312 16.968590 -8.264473 -7.501554 9.583145 -8.193460 -33.606027 -23.016698 -61.075856 -6.751408 -0.768612 5.537461 5.704947 14.578531 5.599691 -27.713607 -49.728252 21.533801 4.165509 61.466630 -2.448839 -8.909610 -20.982652 -2.286640 0.000000 -0.000000 0.000000 21.637007 -51.162618 -14.572095 -4.375878 59.892716 1.742506 -10.868969 -20.564976 6.310576 -0.000000 -0.000000 0.000000
-18.257485 86.006637 -242.262752 1.569542 14.105166 -0.147883 -0.181973 8.427416 0.531580 -0.090329 3.745309 0.238912 -0.090329 3.745309 0.238912 -0.069188 2.808947 0.179675 1.892493 10.682837 -0.105993 3.705352 -16.317487 -1.060030 7.175432 11.541937 9.452850 27.384588 -33.563275 59.961522 -2.566093 12.954233 -5.522742 -1.695481 16.950220 -8.288714 -7.513817 9.581449 -8.202953 -33.651015 -23.018515 -61.045236 -6.728728 -0.821278 5.552303 5.709799 14.570853 5.607991 -27.767230 -49.783505 21.621871 4.187169 61.428661 -2.461826 -8.876768 -20.931694 -2.281206 0.000000 -0.000000 0.000000 21.665583 -51.250821 -14.544886 -4.507821 59.897822 1.531344 -10.819379 -20.543334 6.381479 0.000000 -0.000000 0.000000
-18.237493 86.010652 -242.296984 1.513391 14.168098 -0.167910 -0.183003 8.447446 0.536313 -0.090894 3.754208 0.241033 -0.090894 3.754208 0.241033 -0.069629 2.815621 0.181269 1.903867 10.667903 -0.124194 3.736031 -16.344267 -1.100875 7.189863 11.541623 9.451580 27.466260 -33.585226 59.918035 -2.499170 12.902075 -5.530047 -1.700842 16.938007 -8.303746 -7.523908 9.572424 -8.210652 -33.715293 -23.008544 -61.009265 -6.696112 -0.886611 5.559792 5.713808 14.572252 5.610024 -27.813892 -49.840921 21.711152 4.193364 61.393100 -2.492150 -8.849480 -20.877397 -2.270572 0.000000 0.000000 0.000000 21.702474 -51.335065 -14.528202 -4.613546 59.899342 1.356415 -10.779970 -20.519605 6.441009 -0.000000 0.000000 -0.000000
-18.219897 86.013641 -242.332860 1.459402 14.230443 -0.186045 -0.184741 8.465139 0.540460 -0.091760 3.762068 0.242907 -0.091760 3.762068 0.242907 -0.070292 2.821515 0.182681 1.915957 10.659623 -0.139015 3.766363 -16.358776 -1.135279 7.202397 11.535438 9.449582 27.555282 -33.596475 59.873784 -2.445234 12.865112 -5.538500 -1.695728 16.938778 -8.298516 -7.527463 9.550089 -8.215926 -33.814061 -22.975250 -60.964017 -6.649450 -0.977414 5.555146 5.716264 14.589605 5.600496 -27.843075 -49.905187 21.797208 4.174438 61.360476 -2.546036 -8.833854 -20.817962 -2.252672 0.000000 -0.000000 0.000000 21.756987 -51.412013 -14.534993 -4.678664 59.891715 1.244634 -10.758143 -20.492896 6.480989 -0.000000 -0.000000 0.000000
-18.203519 86.015803 -242.369609 1.405650 14.291160 -0.203539 -0.186611 8.482383 0.544441 -0.092681 3.769728 0.244710 -0.092681 3.769728 0.244710 -0.070997 2.827260 0.184039 1.929481 10.655418 -0.152213 3.798603 -16.365721 -1.167047 7.215039 11.527852 9.447939 27.650518 -33.604436 59.826891 -2.402787 12.833895 -5.547882 -1.686847 16.945695 -8.284067 -7.528826 9.520435 -8.219398 -33.932012 -22.930063 -60.913507 -6.592919 -1.080876 5.542923 5.717889 14.616066 5.584749 -27.865274 -49.971667 21.884423 4.140170 61.330247 -2.617169 -8.823747 -20.755190 -2.229609 0.000000 -0.000000 0.000000 21.819946 -51.485007 -14.552469 -4.717491 59.880763 1.169174 -10.746498 -20.464056 6.509582 -0.000000 0.000000 0.000000
-18.186155 86.017418 -242.405546 1.350417 14.345420 -0.218619 -0.185202 8.503257 0.546957 -0.092126 3.779006 0.245804 -0.092126 3.779006 0.245804 -0.070592 2.834218 0.184857 1.940318 10.649625 -0.165173 3.825600 -16.375695 -1.197206 7.228915 11.524770 9.448463 27.750351 -33.614666 59.775003 -2.369368 12.797298 -5.558505 -1.680157 16.944996 -8.278182 -7.532771 9.492267 -8.224551 -34.026781 -22.901780 -60.869484 -6.547352 -1.166961 5.530125 5.717513 14.640930 5.568682 -27.891061 -50.034727 21.967354 4.113196 61.305705 -2.681256 -8.809690 -20.694017 -2.208535 0.000000 -0.000000 0.000000 21.887331 -51.550283 -14.575675 -4.736346 59.871290 1.117271 -10.742644 -20.436793 6.533069 0.000000 0.000000 0.000000
-18.165320 86.018942 -242.440465 1.291526 14.391181 -0.230494 -0.178751 8.531331 0.547903 -0.089316 3.791491 0.246112 -0.089316 3.791490 0.246111 -0.068491 2.843582 0.185071 1.946366 10.638356 -0.178810 3.843837 -16.395945 -1.226724 7.246911 11.531998 9.451408 27.859995 -33.632049 59.711739 -2.344464 12.748064 -5.572436 -1.678300 16.925525 -8.292222 -7.543095 9.470142 -8.233610 -34.076648 -22.907949 -60.835781 -6.521562 -1.221346 5.516609 5.713645 14.663905 5.551458 -27.923927 -50.092857 22.042125 4.095459 61.287089 -2.734603 -8.783137 -20.632314 -2.190280 -0.000000 0.000000 0.000000 21.967473 -51.604905 -14.608860 -4.738861 59.865536 1.084207 -10.749031 -20.412565 6.556258 0.000000 0.000000 0.000000
-18.143500 86.019919 -242.474574 1.231170 14.430492 -0.239937 -0.169033 8.563034 0.547365 -0.085036 3.805592 0.245700 -0.085035 3.805592 0.245700 -0.065285 2.854160 0.184737 1.949733 10.625496 -0.192188 3.856839 -16.419237 -1.254600 7.266137 11.543734 9.456500 27.974277 -33.651618 59.643384 -2.328556 12.693428 -5.587579 -1.678600 16.898439 -8.314820 -7.556016 9.449498 -8.244343 -34.103480 -22.931164 -60.808490 -6.506653 -1.258316 5.502811 5.707780 14.685280 5.533898 -27.960366 -50.147543 22.112623 4.084938 61.274160 -2.780970 -8.752654 -20.572208 -2.173996 0.000000 0.000000 -0.000000 22.052033 -51.651796 -14.647772 -4.721460 59.861291 1.074654 -10.763207 -20.389903 6.574330 0.000000 -0.000000 0.000000
-18.125951 86.019258 -242.506810 1.174183 14.464660 -0.247521 -0.157943 8.591727 0.544332 -0.080098 3.818359 0.244156 -0.080098 3.818359 0.244156 -0.061579 2.863738 0.183551 1.952617 10.617029 -0.203915 3.868014 -16.434445 -1.278900 7.279076 11.548476 9.464777 28.075964 -33.664262 59.586672 -2.320687 12.644004 -5.598002 -1.679072 16.883458 -8.329689 -7.564944 9.425466 -8.253570 -34.130359 -22.947854 -60.787651 -6.496844 -1.290758 5.496796 5.703211 14.695189 5.524357 -28.000454 -50.197612 22.185062 4.098215 61.269531 -2.807330 -8.734462 -20.525030 -2.164313 -0.000000 0.000000 -0.000000 22.111873 -51.696015 -14.674570 -4.679647 59.856639 1.089930 -10.775442 -20.368129 6.579138 0.000000 -0.000000 0.000000
-18.118245 86.015232 -242.535714 1.123413 14.492786 -0.254728 -0.146649 8.614213 0.537829 -0.074997 3.828368 0.241068 -0.074997 3.828368 0.241068 -0.057739 2.871247 0.181204 1.956032 10.618199 -0.212308 3.878375 -16.431862 -1.296622 7.282685 11.539442 9.479236 28.163845 -33.662261 59.547526 -2.325258 12.599690 -5.600733 -1.680108 16.892833 -8.328410 -7.565106 9.394637 -8.257166 -34.174918 -22.942364 -60.772599 -6.486026 -1.327924 5.504655 5.701875 14.685500 5.528473 -28.049247 -50.240897 22.263270 4.182716 61.281592 -2.766465 -8.745522 -20.508275 -2.174265 -0.000000 0.000000 -0.000000 22.123581 -51.740748 -14.671714 -4.600189 59.851647 1.139786 -10.784482 -20.347950 6.562396 0.000000 0.000000 0.000000
-18.114810 86.009566 -242.562746 1.076022 14.515775 -0.260052 -0.133985 8.633686 0.528848 -0.069240 3.837040 0.236855 -0.069240 3.837040 0.236855 -0.053400 2.877754 0.178010 1.958971 10.623765 -0.219052 3.886916 -16.421192 -1.310767 7.280027 11.523407 9.496930 28.239055 -33.653473 59.520182 -2.337888 12.560570 -5.598721 -1.681363 16.914315 -8.319423 -7.561276 9.360427 -8.259293 -34.219496 -22.930361 -60.764054 -6.480294 -1.360568 5.520329 5.701809 14.664331 5.540588 -28.101648 -50.279549 22.343378 4.291060 61.301950 -2.705516 -8.768867 -20.504453 -2.190841 0.000000 0.000000 0.000000 22.110388 -51.782830 -14.656533 -4.496348 59.846202 1.214454 -10.791604 -20.328673 6.532400 0.000000 0.000000 0.000000
-18.104191 86.006346 -242.591224 1.028316 14.537648 -0.259585 -0.118351 8.653103 0.519343 -0.062156 3.845690 0.232353 -0.062156 3.845690 0.232353 -0.048063 2.884244 0.174591 1.960594 10.623981 -0.227805 3.894007 -16.420420 -1.328410 7.272746 11.509185 9.509996 28.287878 -33.652251 59.503899 -2.344482 12.537554 -5.594968 -1.679776 16.930879 -8.311736 -7.561184 9.328207 -8.269204 -34.234220 -22.935235 -60.764085 -6.492177 -1.373821 5.533647 5.700446 14.646196 5.552127 -28.142482 -50.318888 22.420033 4.297363 61.308184 -2.753304 -8.769834 -20.472403 -2.179616 0.000000 0.000000 0.000000 22.113189 -51.817828 -14.663561 -4.403382 59.838137 1.285963 -10.790863 -20.307514 6.505879 0.000000 0.000000 0.000000
-18.078644 86.007906 -242.624075 0.977952 14.561354 -0.246922 -0.096274 8.673285 0.507964 -0.052181 3.854687 0.226899 -0.052182 3.854687 0.226899 -0.040555 2.890996 0.170440 1.958965 10.613370 -0.239033 3.896312 -16.439758 -1.349796 7.256487 11.502139 9.514377 28.287069 -33.672717 59.507891 -2.335063 12.548870 -5.589381 -1.672405 16.935560 -8.309386 -7.570914 9.299825 -8.292508 -34.190150 -22.974667 -60.778712 -6.535317 -1.351911 5.538628 5.695764 14.638544 5.558712 -28.166186 -50.363194 22.494224 4.107611 61.285165 -3.013535 -8.722328 -20.382721 -2.114682 -0.000000 -0.000000 0.000000 22.155984 -51.842407 -14.718678 -4.334247 59.824739 1.345769 -10.778132 -20.282005 6.489270 -0.000000 0.000000 -0.000000
-18.045913 86.011911 -242.658371 0.927283 14.583963 -0.228466 -0.071238 8.693424 0.496060 -0.040885 3.863666 0.221155 -0.040885 3.863666 0.221155 -0.032052 2.897735 0.166062 1.956019 10.597414 -0.252266 3.897174 -16.468987 -1.374679 7.235593 11.496896 9.514142 28.259879 -33.700819 59.523016 -2.319654 12.576307 -5.582089 -1.662174 16.935328 -8.308323 -7.584394 9.273436 -8.323587 -34.116227 -23.031034 -60.802030 -6.596028 -1.310570 5.541115 5.689787 14.633937 5.564721 -28.178255 -50.408215 22.564902 3.816745 61.247037 -3.381721 -8.652247 -20.264793 -2.022021 -0.000000 -0.000000 0.000000 22.214878 -51.859904 -14.796126 -4.276030 59.808746 1.402378 -10.757536 -20.254606 6.476145 0.000000 0.000000 -0.000000
-18.017770 86.015433 -242.688653 0.879647 14.600662 -0.219517 -0.052057 8.714023 0.489630 -0.032286 3.872843 0.217945 -0.032286 3.872843 0.217945 -0.025589 2.904621 0.163601 1.956713 10.582802 -0.269765 3.906969 -16.495443 -1.409409 7.224752 11.486163 9.513587 28.262394 -33.708632 59.520837 -2.314129 12.576107 -5.576442 -1.654808 16.934049 -8.305405 -7.591109 9.248866 -8.354855 -34.069474 -23.074759 -60.818048 -6.645868 -1.282181 5.548861 5.686030 14.624560 5.574729 -28.180094 -50.446517 22.623633 3.581045 61.216421 -3.675626 -8.603107 -20.165625 -1.944988 0.000000 0.000000 0.000000 22.258988 -51.875951 -14.853058 -4.225144 59.796208 1.453412 -10.735506 -20.229926 6.463932 0.000000 0.000000 0.000000
-17.999159 86.017162 -242.713247 0.836256 14.610172 -0.229952 -0.044654 8.735813 0.493996 -0.029111 3.882535 0.219739 -0.029111 3.882535 0.219739 -0.023222 2.911891 0.164926 1.964659 10.572077 -0.296833 3.934997 -16.514083 -1.465779 7.235178 11.462496 9.512390 28.339982 -33.670998 59.476803 -2.329196 12.511999 -5.574189 -1.651737 16.931415 -8.295346 -7.584518 9.228119 -8.385946 -34.072179 -23.095645 -60.821889 -6.676268 -1.275960 5.570776 5.687626 14.601051 5.596850 -28.169672 -50.476403 22.666812 3.463682 61.204712 -3.817128 -8.591758 -20.106096 -1.902494 0.000000 -0.000000 0.000000 22.277364 -51.894156 -14.874903 -4.175969 59.789192 1.509534 -10.713653 -20.209091 6.448460 0.000000 0.000000 0.000000
-17.985135 86.018407 -242.733827 0.795893 14.613742 -0.249879 -0.043078 8.758060 0.503843 -0.028623 3.892423 0.224071 -0.028622 3.892423 0.224071 -0.022887 2.919307 0.168171 1.976236 10.562689 -0.328175 3.971946 -16.529935 -1.532015 7.255665 11.433357 9.510836 28.447101 -33.612939 59.415574 -2.354076 12.420237 -5.573466 -1.651530 16.927733 -8.283432 -7.571155 9.209184 -8.417247 -34.102073 -23.103844 -60.818296 -6.695812 -1.282699 5.598111 5.691443 14.572770 5.622980 -28.148981 -50.499634 22.697970 3.400433 61.201495 -3.885296 -8.601528 -20.065324 -1.875578 0.000000 -0.000000 0.000000 22.280896 -51.910918 -14.876182 -4.134079 59.785645 1.560118 -10.690367 -20.190970 6.433900 -0.000000 -0.000000 0.000000
-17.972644 86.020167 -242.749959 0.758252 14.610353 -0.264936 -0.038339 8.779049 0.509228 -0.026648 3.901756 0.226366 -0.026648 3.901756 0.226366 -0.021425 2.926308 0.169879 1.985561 10.553698 -0.350145 4.000284 -16.545461 -1.579099 7.267262 11.413802 9.514127 28.503781 -33.581991 59.382126 -2.372454 12.365856 -5.572346 -1.655626 16.927779 -8.282385 -7.560098 9.185863 -8.442297 -34.149377 -23.100286 -60.805570 -6.701829 -1.307157 5.612317 5.691612 14.559980 5.633378 -28.125460 -50.513961 22.719376 3.355315 61.197799 -3.934766 -8.625849 -20.027655 -1.850737 0.000000 0.000000 0.000000 22.271448 -51.921066 -14.857674 -4.112619 59.785443 1.570892 -10.667229 -20.176794 6.430182 -0.000000 -0.000000 0.000000
-17.961253 86.022618 -242.760840 0.723799 14.599299 -0.268550 -0.025690 8.798933 0.506277 -0.021009 3.910607 0.224817 -0.021009 3.910607 0.224817 -0.017191 2.932948 0.168682 1.989676 10.542343 -0.355310 4.011020 -16.566198 -1.591434 7.259845 11.412374 9.527283 28.455311 -33.611327 59.403860 -2.375402 12.389965 -5.570868 -1.668186 16.938593 -8.303028 -7.555994 9.152575 -8.455929 -34.227634 -23.077480 -60.776284 -6.687976 -1.363837 5.601299 5.683949 14.575208 5.614086 -28.097520 -50.519465 22.728288 3.326778 61.191458 -3.972369 -8.672750 -19.988534 -1.824375 0.000000 0.000000 -0.000000 22.241934 -51.924296 -14.810109 -4.124322 59.790652 1.511662 -10.643317 -20.168294 6.445385 -0.000000 0.000000 -0.000000
-17.951393 86.025583 -242.767273 0.692072 14.581299 -0.267280 -0.009887 8.817554 0.498878 -0.013886 3.918901 0.221235 -0.013886 3.918901 0.221235 -0.011831 2.939171 0.165951 1.991560 10.531389 -0.351094 4.013168 -16.586631 -1.584597 7.243537 11.420525 9.545302 28.356473 -33.667860 59.453414 -2.371923 12.451463 -5.569118 -1.685040 16.953105 -8.334560 -7.554186 9.114908 -8.463306 -34.323237 -23.042871 -60.737991 -6.660616 -1.438266 5.577109 5.672642 14.605913 5.579045 -28.066723 -50.516056 22.727428 3.316360 61.184668 -3.991274 -8.734198 -19.952509 -1.800124 -0.000000 -0.000000 0.000000 22.199447 -51.920857 -14.742778 -4.156483 59.799154 1.412588 -10.619539 -20.163756 6.471421 0.000000 -0.000000 -0.000000
-17.941307 86.029537 -242.771225 0.661373 14.557477 -0.266469 0.003797 8.832719 0.488731 -0.007646 3.925655 0.216476 -0.007646 3.925655 0.216476 -0.007124 2.944239 0.162343 1.994245 10.528199 -0.346117 4.016222 -16.592654 -1.576324 7.229729 11.427659 9.558353 28.291961 -33.699954 59.493028 -2.372616 12.492080 -5.565384 -1.695139 16.954939 -8.357242 -7.549781 9.083417 -8.473446 -34.385740 -23.019870 -60.711382 -6.636149 -1.491752 5.557467 5.664394 14.634759 5.550369 -28.045232 -50.501207 22.727266 3.292866 61.174867 -4.025489 -8.779502 -19.917552 -1.775324 -0.000000 -0.000000 0.000000 22.167174 -51.906456 -14.684344 -4.184029 59.804609 1.329988 -10.600218 -20.159248 6.493977 0.000000 0.000000 0.000000
-17.928760 86.035164 -242.773576 0.629010 14.527572 -0.268222 0.013987 8.843457 0.475960 -0.002898 3.930438 0.210621 -0.002898 3.930438 0.210621 -0.003529 2.947828 0.157922 1.999811 10.537168 -0.343078 4.025268 -16.575932 -1.572592 7.224106 11.431805 9.560762 28.312813 -33.679168 59.500132 -2.382110 12.474409 -5.560011 -1.693220 16.924713 -8.365823 -7.541763 9.063301 -8.490903 -34.388916 -23.022444 -60.705118 -6.619156 -1.508080 5.546890 5.661578 14.662593 5.532356 -28.046475 -50.470327 22.738579 3.233928 61.158048 -4.103731 -8.791455 -19.879087 -1.745229 0.000000 0.000000 0.000000 22.156587 -51.878069 -14.646492 -4.197068 59.804375 1.284199 -10.587517 -20.153031 6.509371 0.000000 -0.000000 0.000000
-17.915987 86.041780 -242.773446 0.597680 14.491843 -0.270422 0.022067 8.850732 0.460443 0.000971 3.933679 0.203590 0.000971 3.933679 0.203590 -0.000584 2.950260 0.152626 2.006184 10.553900 -0.339276 4.035234 -16.544803 -1.567421 7.220973 11.434931 9.558194 28.368097 -33.634015 59.497142 -2.395751 12.435859 -5.552605 -1.684548 16.881834 -8.365526 -7.531134 9.049356 -8.511112 -34.359049 -23.036696 -60.710411 -6.605036 -1.503463 5.540904 5.661834 14.688568 5.520708 -28.056985 -50.428012 22.750522 3.162043 61.138127 -4.197151 -8.787271 -19.841679 -1.714561 0.000000 0.000000 0.000000 22.156258 -51.838768 -14.617567 -4.205449 59.801150 1.254928 -10.579274 -20.146836 6.521284 -0.000000 -0.000000 0.000000
-17.907935 86.047803 -242.770166 0.573768 14.452201 -0.272088 0.026905 8.855256 0.443503 0.003435 3.935694 0.195991 0.003435 3.935694 0.195991 0.001311 2.951772 0.146913 2.010162 10.572572 -0.335234 4.040382 -16.510164 -1.560618 7.214642 11.432354 9.557834 28.389819 -33.598363 59.513335 -2.410206 12.430381 -5.540394 -1.673874 16.868131 -8.352312 -7.516029 9.036530 -8.529405 -34.324516 -23.044280 -60.721664 -6.596435 -1.487849 5.543801 5.664764 14.692821 5.524671 -28.048657 -50.385539 22.741221 3.113177 61.124527 -4.253563 -8.787908 -19.817037 -1.694824 0.000000 -0.000000 0.000000 22.155042 -51.793448 -14.591216 -4.213647 59.796667 1.237616 -10.573326 -20.141923 6.526450 0.000000 -0.000000 0.000000
-17.907997 86.052562 -242.762469 0.559139 14.407796 -0.272864 0.028203 8.856264 0.424096 0.004380 3.936142 0.187367 0.004380 3.936142 0.187367 0.002075 2.952108 0.140442 2.010136 10.594217 -0.329723 4.037012 -16.470200 -1.549038 7.201070 11.419181 9.563884 28.340116 -33.587469 59.568104 -2.427084 12.495053 -5.519093 -1.660915 16.916251 -8.314870 -7.495207 9.022591 -8.543476 -34.296741 -23.035237 -60.738695 -6.591296 -1.457829 5.563115 5.672636 14.655413 5.557984 -28.001837 -50.347232 22.694971 3.106044 61.122458 -4.242440 -8.803124 -19.813403 -1.694239 0.000000 -0.000000 0.000000 22.152687 -51.740360 -14.567766 -4.220570 59.789961 1.238731 -10.570535 -20.138608 6.519979 -0.000000 0.000000 -0.000000
-17.912781 86.056729 -242.751622 0.551923 14.359478 -0.273120 0.026270 8.854521 0.403263 0.003924 3.935365 0.178174 0.003924 3.935365 0.178174 0.001793 2.951525 0.133552 2.007720 10.617808 -0.323981 4.028852 -16.426712 -1.535856 7.184272 11.400324 9.572137 28.256830 -33.585884 59.641969 -2.444714 12.592808 -5.493057 -1.645856 16.993545 -8.264497 -7.469906 9.009763 -8.555613 -34.264286 -23.019512 -60.761659 -6.591684 -1.416784 5.591267 5.683132 14.596318 5.606942 -27.936327 -50.308723 22.627668 3.121805 61.126791 -4.194438 -8.823179 -19.822573 -1.704536 0.000000 -0.000000 0.000000 22.149452 -51.681261 -14.546881 -4.227306 59.782002 1.251808 -10.570044 -20.136573 6.506761 0.000000 -0.000000 -0.000000
-17.917057 86.060734 -242.740765 0.552898 14.311715 -0.272972 0.020871 8.853040 0.385447 0.001874 3.934701 0.170383 0.001874 3.934701 0.170383 0.000306 2.951026 0.127725 2.004525 10.634432 -0.322229 4.021260 -16.396030 -1.530329 7.170672 11.385796 9.577166 28.185625 -33.581530 59.705803 -2.454904 12.666360 -5.472486 -1.634282 17.043901 -8.231106 -7.441980 8.999687 -8.568054 -34.221241 -23.008602 -60.785478 -6.606456 -1.384852 5.609868 5.688993 14.555542 5.639630 -27.883227 -50.268305 22.564868 3.139941 61.131551 -4.149305 -8.839788 -19.831601 -1.712473 0.000000 0.000000 0.000000 22.134981 -51.626295 -14.521250 -4.241604 59.777426 1.252897 -10.567106 -20.136128 6.498195 0.000000 -0.000000 0.000000
-17.917943 86.064551 -242.730558 0.562750 14.264978 -0.270697 0.011494 8.852892 0.371460 -0.002013 3.934627 0.164365 -0.002013 3.934627 0.164365 -0.002569 2.950970 0.123239 2.000061 10.639557 -0.327513 4.014829 -16.386464 -1.538308 7.162560 11.381542 9.574884 28.141684 -33.570923 59.750733 -2.450909 12.690913 -5.459888 -1.628114 17.039679 -8.229286 -7.409571 8.994355 -8.582536 -34.155437 -23.010245 -60.810165 -6.648028 -1.373843 5.607676 5.686077 14.553896 5.638227 -27.859139 -50.224221 22.516233 3.157389 61.136297 -4.120794 -8.846147 -19.836253 -1.713236 0.000000 -0.000000 0.000000 22.103067 -51.578190 -14.487237 -4.268204 59.779339 1.227972 -10.558122 -20.138510 6.500839 -0.000000 -0.000000 0.000000
-17.918321 86.068207 -242.720340 0.580786 14.218794 -0.268041 -0.001359 8.853010 0.360479 -0.007498 3.934669 0.159746 -0.007498 3.934669 0.159746 -0.006651 2.951000 0.119811 1.994810 10.637709 -0.336779 4.008939 -16.389715 -1.553919 7.157674 11.381598 9.569381 28.109865 -33.557676 59.785653 -2.439539 12.691238 -5.452717 -1.625535 17.008520 -8.244472 -7.374530 8.991783 -8.597315 -34.079046 -23.016679 -60.835686 -6.703958 -1.372007 5.595866 5.678589 14.570518 5.620500 -27.847405 -50.178271 22.472022 3.177204 61.141476 -4.095160 -8.849060 -19.840756 -1.711643 0.000000 0.000000 0.000000 22.059956 -51.534200 -14.448535 -4.302383 59.784624 1.191043 -10.546687 -20.142485 6.508133 -0.000000 -0.000000 0.000000
-17.921612 86.072213 -242.711271 0.605726 14.176220 -0.270312 -0.016413 8.853194 0.354492 -0.014054 3.934739 0.157381 -0.014054 3.934739 0.157381 -0.011551 2.951051 0.118080 1.991837 10.633553 -0.345085 4.007106 -16.397210 -1.568802 7.155625 11.378093 9.567500 28.090411 -33.540560 59.808105 -2.432986 12.684406 -5.453565 -1.626664 16.977244 -8.262886 -7.344288 8.987650 -8.609425 -34.022684 -23.016187 -60.856929 -6.745863 -1.364111 5.589778 5.671801 14.582917 5.607940 -27.829209 -50.134108 22.428653 3.187994 61.142476 -4.070952 -8.860657 -19.844846 -1.708901 0.000000 0.000000 0.000000 22.013968 -51.496254 -14.408824 -4.337674 59.788586 1.160232 -10.538852 -20.144656 6.511799 0.000000 -0.000000 0.000000
-17.929243 86.075511 -242.701372 0.638414 14.135493 -0.282130 -0.033692 8.853979 0.356256 -0.021744 3.935075 0.158493 -0.021744 3.935075 0.158493 -0.017324 2.951301 0.118963 1.992925 10.629227 -0.351541 4.012292 -16.404953 -1.581953 7.156949 11.368280 9.572571 28.089563 -33.514283 59.813237 -2.437149 12.675422 -5.467143 -1.632919 16.952457 -8.282810 -7.322286 8.981249 -8.618340 -34.000869 -23.002355 -60.873101 -6.762270 -1.338010 5.598844 5.667128 14.582002 5.610905 -27.786134 -50.090849 22.376260 3.189919 61.139641 -4.037527 -8.889539 -19.854211 -1.707058 0.000000 0.000000 0.000000 21.970239 -51.464173 -14.366098 -4.407938 59.796806 1.108877 -10.526477 -20.151254 6.518594 0.000000 -0.000000 -0.000000
-17.939788 86.079160 -242.692622 0.678017 14.098388 -0.298884 -0.053185 8.854837 0.363010 -0.030511 3.935441 0.161859 -0.030511 3.935441 0.161859 -0.023918 2.951573 0.121543 1.996287 10.622592 -0.357033 4.021526 -16.416940 -1.594365 7.161096 11.354907 9.581271 28.101068 -33.484174 59.805940 -2.446134 12.659294 -5.488744 -1.642888 16.927554 -8.305957 -7.305094 8.973291 -8.624606 -33.999083 -22.981634 -60.885066 -6.764669 -1.305806 5.613721 5.663140 14.576890 5.619073 -27.736649 -50.049334 22.324810 3.182817 61.132609 -4.005533 -8.927109 -19.863158 -1.704060 0.000000 0.000000 0.000000 21.923600 -51.438139 -14.322320 -4.479324 59.803689 1.063628 -10.517701 -20.156047 6.521762 -0.000000 0.000000 0.000000
-17.952379 86.086848 -242.692109 0.720743 14.073258 -0.312023 -0.073563 8.853966 0.368467 -0.039644 3.935037 0.164667 -0.039644 3.935037 0.164667 -0.030783 2.951267 0.123707 1.999627 10.611902 -0.359281 4.029409 -16.436580 -1.600674 7.166032 11.338356 9.590462 28.106442 -33.464911 59.798319 -2.454412 12.638103 -5.506833 -1.652438 16.909547 -8.323700 -7.289850 8.961583 -8.626877 -34.004393 -22.961622 -60.890191 -6.759183 -1.288594 5.621665 5.660786 14.572437 5.622972 -27.717180 -50.015850 22.300364 3.154782 61.115744 -4.005478 -8.959693 -19.854359 -1.694971 0.000000 0.000000 0.000000 21.866894 -51.420609 -14.287103 -4.443678 59.787885 1.122702 -10.542992 -20.136956 6.492760 0.000000 0.000000 0.000000
-17.968935 86.101582 -242.705538 0.768873 14.066212 -0.317161 -0.095856 8.849707 0.369573 -0.049539 3.933126 0.165583 -0.049539 3.933126 0.165583 -0.038207 2.949831 0.124457 2.002842 10.594795 -0.355744 4.034676 -16.468363 -1.596016 7.170595 11.316584 9.600849 28.089017 -33.468240 59.798542 -2.460540 12.614538 -5.515905 -1.661325 16.906224 -8.331648 -7.275221 8.943879 -8.621590 -34.018460 -22.943567 -60.884197 -6.743025 -1.299478 5.615396 5.660847 14.568130 5.617278 -27.755382 -49.993806 22.323687 3.101732 61.084461 -4.052610 -8.984709 -19.816196 -1.678305 0.000000 0.000000 0.000000 21.785788 -51.413841 -14.264424 -4.195622 59.728739 1.388069 -10.635756 -20.074404 6.401549 0.000000 0.000000 0.000000
-17.987538 86.120354 -242.727205 0.820121 14.071132 -0.318656 -0.119029 8.843719 0.369394 -0.059798 3.930446 0.165946 -0.059798 3.930446 0.165946 -0.045900 2.947819 0.124795 2.006022 10.573635 -0.348967 4.038562 -16.507797 -1.585251 7.175943 11.291633 9.611726 28.065451 -33.482403 59.798423 -2.465966 12.585909 -5.521479 -1.669783 16.909802 -8.334207 -7.262556 8.922422 -8.612319 -34.039621 -22.926219 -60.871381 -6.718981 -1.325356 5.602202 5.662540 14.564479 5.607310 -27.823459 -49.979824 22.373834 3.027976 61.043311 -4.131463 -9.004716 -19.760280 -1.655607 0.000000 -0.000000 0.000000 21.694547 -51.415567 -14.250242 -3.842412 59.645815 1.755895 -10.762734 -19.988139 6.278097 0.000000 -0.000000 0.000000
-18.001576 86.137831 -242.747085 0.863841 14.078019 -0.321065 -0.138651 8.839176 0.370835 -0.068517 3.928411 0.166958 -0.068517 3.928411 0.166958 -0.052442 2.946290 0.125611 2.007173 10.553770 -0.344306 4.039433 -16.544813 -1.577602 7.183538 11.270010 9.617832 28.067269 -33.486831 59.785499 -2.469497 12.546231 -5.528556 -1.674397 16.903929 -8.335933 -7.253005 8.901747 -8.608419 -34.049972 -22.913415 -60.861921 -6.701569 -1.348030 5.591200 5.664454 14.567862 5.599561 -27.874610 -49.970074 22.414221 2.934139 61.000384 -4.226515 -9.013755 -19.704128 -1.626462 0.000000 -0.000000 0.000000 21.628938 -51.421464 -14.242190 -3.592673 59.579495 2.017838 -10.854257 -19.914853 6.183951 0.000000 -0.000000 0.000000
-18.007546 86.152174 -242.761591 0.895334 14.084566 -0.326759 -0.152614 8.837168 0.375537 -0.074792 3.927507 0.169308 -0.074792 3.927507 0.169308 -0.057161 2.945610 0.127413 2.004727 10.535968 -0.344060 4.035270 -16.577953 -1.576772 7.195736 11.255128 9.615994 28.117767 -33.467215 59.749154 -2.469169 12.484296 -5.541044 -1.672218 16.874464 -8.339241 -7.248436 8.881583 -8.615846 -34.036240 -22.907334 -60.861062 -6.699023 -1.363054 5.584269 5.665739 14.588294 5.594842 -27.884903 -49.964630 22.428776 2.799369 60.954861 -4.350378 -9.004318 -19.650662 -1.585548 0.000000 0.000000 0.000000 21.601081 -51.434346 -14.233464 -3.546659 59.550945 2.066039 -10.876212 -19.869941 6.150216 0.000000 0.000000 0.000000
-18.008951 86.165223 -242.774311 0.919298 14.093081 -0.333370 -0.163023 8.836602 0.381861 -0.079524 3.927244 0.172309 -0.079524 3.927244 0.172309 -0.060728 2.945411 0.129692 2.000263 10.519460 -0.345929 4.028112 -16.608675 -1.579059 7.210195 11.243577 9.609381 28.193596 -33.437819 59.700078 -2.466953 12.411309 -5.555045 -1.666218 16.835542 -8.341722 -7.246966 8.862204 -8.628642 -34.011699 -22.905798 -60.863531 -6.703112 -1.374880 5.579537 5.667246 14.615759 5.592341 -27.878298 -49.963439 22.433595 2.644727 60.907452 -4.490220 -8.983895 -19.596960 -1.538155 0.000000 -0.000000 0.000000 21.598878 -51.451423 -14.230901 -3.602164 59.540087 2.010284 -10.862561 -19.837837 6.145869 0.000000 -0.000000 0.000000
-18.009689 86.177159 -242.785983 0.939175 14.100503 -0.338365 -0.171767 8.837369 0.387786 -0.083512 3.927576 0.175101 -0.083512 3.927576 0.175101 -0.063737 2.945658 0.131812 1.996514 10.507299 -0.348364 4.022430 -16.631284 -1.582584 7.221342 11.231635 9.602252 28.256413 -33.420987 59.657677 -2.467539 12.354908 -5.563823 -1.661853 16.813222 -8.340680 -7.244110 8.848963 -8.638288 -33.998264 -22.906115 -60.863728 -6.703676 -1.378664 5.580514 5.670112 14.626588 5.596115 -27.879856 -49.962522 22.440353 2.533198 60.868733 -4.592859 -8.969056 -19.551784 -1.499750 0.000000 0.000000 0.000000 21.621812 -51.459948 -14.252641 -3.661972 59.526827 1.970840 -10.845604 -19.808579 6.139336 0.000000 -0.000000 0.000000
-18.010401 86.188094 -242.796242 0.957618 14.104903 -0.341043 -0.183406 8.840014 0.393320 -0.088777 3.928739 0.177776 -0.088777 3.928739 0.177776 -0.067701 2.946529 0.133851 1.995929 10.501341 -0.352158 4.023250 -16.642215 -1.589910 7.231036 11.215798 9.594872 28.293197 -33.427571 59.626513 -2.477027 12.325582 -5.562259 -1.661614 16.826652 -8.330374 -7.232707 8.846027 -8.642255 -34.010141 -22.907125 -60.858208 -6.693385 -1.369104 5.592514 5.676211 14.601538 5.613012 -27.908799 -49.957374 22.458821 2.506283 60.845066 -4.627229 -8.969656 -19.521588 -1.477884 0.000000 0.000000 0.000000 21.689750 -51.449940 -14.323700 -3.704058 59.503136 1.994604 -10.835711 -19.779749 6.120387 -0.000000 -0.000000 0.000000
-18.010445 86.197916 -242.805453 0.971973 14.108207 -0.342109 -0.193379 8.843992 0.398455 -0.093297 3.930497 0.180243 -0.093297 3.930496 0.180243 -0.071106 2.947845 0.135730 1.996058 10.499729 -0.356522 4.025546 -16.645034 -1.598479 7.237421 11.199569 9.586979 28.317041 -33.446767 59.601942 -2.489299 12.312841 -5.555454 -1.662975 16.856684 -8.316521 -7.219922 8.849231 -8.643076 -34.033122 -22.909982 -60.850417 -6.679562 -1.351508 5.610224 5.683670 14.559844 5.636162 -27.945899 -49.952487 22.479224 2.522038 60.830249 -4.624839 -8.975873 -19.499928 -1.464988 0.000000 0.000000 0.000000 21.782726 -51.431271 -14.418962 -3.750535 59.477075 2.034607 -10.822528 -19.753757 6.099253 0.000000 -0.000000 -0.000000
-18.011792 86.206476 -242.815452 0.977721 14.113130 -0.341136 -0.189907 8.847563 0.401148 -0.091813 3.932085 0.181371 -0.091813 3.932085 0.181371 -0.070001 2.949037 0.136566 1.992283 10.499940 -0.357543 4.018698 -16.644732 -1.598732 7.229346 11.189729 9.582045 28.328831 -33.468510 59.589480 -2.490704 12.312855 -5.551990 -1.663856 16.871950 -8.313603 -7.222751 8.851423 -8.639824 -34.046498 -22.915465 -60.845105 -6.674044 -1.336931 5.621232 5.687997 14.535565 5.649092 -27.958559 -49.957388 22.483938 2.518079 60.816121 -4.626578 -8.974778 -19.476223 -1.453855 0.000000 0.000000 0.000000 21.840612 -51.421121 -14.481505 -3.770470 59.452751 2.070242 -10.807301 -19.727857 6.075052 0.000000 0.000000 0.000000
-18.016194 86.213856 -242.828229 0.971455 14.121454 -0.336121 -0.164125 8.850304 0.398876 -0.080348 3.933327 0.179872 -0.080348 3.933328 0.179872 -0.061397 2.949973 0.135369 1.980057 10.499400 -0.351590 3.992353 -16.646384 -1.581682 7.193198 11.188815 9.584853 28.318538 -33.495981 59.598114 -2.471398 12.328311 -5.555462 -1.664438 16.857512 -8.333356 -7.253477 8.847954 -8.629581 -34.040651 -22.923341 -60.843004 -6.685704 -1.334321 5.617796 5.685354 14.549986 5.639079 -27.919342 -49.981630 22.455350 2.456945 60.798673 -4.651329 -8.959985 -19.443554 -1.441732 0.000000 0.000000 -0.000000 21.819126 -51.431121 -14.473347 -3.731720 59.430874 2.097678 -10.788515 -19.696448 6.041387 -0.000000 0.000000 -0.000000
-18.021899 86.219972 -242.841794 0.956582 14.131399 -0.329070 -0.124900 8.852645 0.394156 -0.062880 3.934403 0.177031 -0.062880 3.934403 0.177031 -0.048283 2.950785 0.133126 1.963931 10.500679 -0.342287 3.956873 -16.644914 -1.556305 7.142594 11.194300 9.590638 28.296166 -33.526005 59.618891 -2.441227 12.356534 -5.562256 -1.664550 16.828326 -8.364068 -7.299815 8.843482 -8.615253 -34.025196 -22.933848 -60.843397 -6.705675 -1.334728 5.607643 5.679577 14.581827 5.618858 -27.855610 -50.015641 22.410990 2.376132 60.781906 -4.680178 -8.937891 -19.408832 -1.431363 0.000000 -0.000000 -0.000000 21.762598 -51.449724 -14.432506 -3.666402 59.410718 2.120768 -10.767697 -19.665123 6.004663 0.000000 0.000000 -0.000000
-18.025614 86.224427 -242.852018 0.938801 14.140334 -0.325578 -0.087042 8.854113 0.392512 -0.046076 3.935087 0.175578 -0.046076 3.935087 0.175578 -0.035676 2.951302 0.131929 1.952941 10.508974 -0.336607 3.932716 -16.630105 -1.539981 7.107216 11.205364 9.588534 28.292674 -33.538991 59.630367 -2.416078 12.385642 -5.570179 -1.661629 16.797855 -8.385055 -7.341912 8.844798 -8.604640 -34.008268 -22.948467 -60.848880 -6.719228 -1.322345 5.601569 5.677667 14.601316 5.610196 -27.817090 -50.040316 22.386088 2.325731 60.769696 -4.697274 -8.914730 -19.382219 -1.423788 0.000000 0.000000 0.000000 21.744066 -51.459533 -14.416318 -3.639920 59.394229 2.130475 -10.750623 -19.647951 5.983168 0.000000 0.000000 0.000000
-18.025349 86.227745 -242.857467 0.920504 14.147971 -0.329598 -0.058866 8.854649 0.398618 -0.033709 3.935348 0.177745 -0.033709 3.935348 0.177745 -0.026418 2.951501 0.133473 1.952564 10.527982 -0.343023 3.934194 -16.594591 -1.551435 7.106481 11.222434 9.569154 28.341862 -33.512675 59.614380 -2.400234 12.403223 -5.583125 -1.652863 16.759513 -8.388286 -7.371443 8.858746 -8.603570 -33.985537 -22.971969 -60.863891 -6.724245 -1.283965 5.607736 5.684682 14.591654 5.629106 -27.831645 -50.046099 22.400422 2.326183 60.762188 -4.698771 -8.889063 -19.366235 -1.417864 -0.000000 0.000000 0.000000 21.808282 -51.449494 -14.462448 -3.674660 59.377617 2.142181 -10.746485 -19.650912 5.981595 0.000000 -0.000000 0.000000
-18.023096 86.229401 -242.859574 0.899296 14.154593 -0.337177 -0.032054 8.854300 0.407802 -0.022005 3.935215 0.181301 -0.022005 3.935214 0.181301 -0.017666 2.951404 0.136064 1.957311 10.554017 -0.353049 3.946951 -16.545718 -1.571899 7.120950 11.245099 9.541883 28.409876 -33.469285 59.589143 -2.389459 12.421680 -5.597254 -1.641058 16.719867 -8.381819 -7.396739 8.878470 -8.606217 -33.961323 -22.999569 -60.884018 -6.722844 -1.232793 5.618015 5.695553 14.569630 5.659570 -27.871483 -50.042549 22.434297 2.357020 60.759238 -4.688540 -8.862324 -19.358363 -1.414734 -0.000000 0.000000 -0.000000 21.910469 -51.430624 -14.533226 -3.748179 59.364689 2.140563 -10.746068 -19.668035 5.995235 0.000000 0.000000 0.000000
-18.021531 86.227423 -242.858513 0.873704 14.158429 -0.342041 0.003530 8.852732 0.411569 -0.006309 3.934550 0.182289 -0.006309 3.934550 0.182289 -0.005905 2.950911 0.136704 1.959789 10.581187 -0.348212 3.948532 -16.495383 -1.562537 7.122026 11.271242 9.523990 28.426378 -33.456073 59.587549 -2.386802 12.466337 -5.598757 -1.632076 16.712095 -8.369038 -7.422916 8.890207 -8.602916 -33.956742 -23.018420 -60.898545 -6.706678 -1.192619 5.618785 5.702098 14.555892 5.675358 -27.902978 -50.039310 22.463885 2.406951 60.764296 -4.662324 -8.845058 -19.361207 -1.418870 0.000000 0.000000 0.000000 21.989587 -51.418799 -14.573214 -3.858641 59.368744 2.070518 -10.727535 -19.695464 6.028253 0.000000 0.000000 0.000000
-18.021739 86.219914 -242.853355 0.837225 14.157564 -0.343298 0.056948 8.850469 0.406641 0.017455 3.933590 0.179084 0.017455 3.933591 0.179084 0.011932 2.950199 0.134148 1.957346 10.608224 -0.316781 3.928571 -16.446471 -1.499556 7.093148 11.301927 9.526542 28.340812 -33.507811 59.629121 -2.394014 12.561125 -5.577034 -1.628254 16.770995 -8.344684 -7.453356 8.884063 -8.586585 -33.997504 -23.017451 -60.899894 -6.661464 -1.179078 5.602257 5.700332 14.555981 5.662671 -27.913213 -50.036840 22.485434 2.484709 60.779421 -4.612830 -8.844664 -19.379501 -1.434736 0.000000 -0.000000 0.000000 22.019116 -51.422445 -14.548645 -4.027649 59.401948 1.878135 -10.676373 -19.739059 6.093707 0.000000 0.000000 0.000000
-18.022635 86.208771 -242.845028 0.796363 14.153915 -0.341835 0.119139 8.847006 0.396301 0.045212 3.932103 0.173315 0.045212 3.932103 0.173315 0.032779 2.949091 0.129644 1.952681 10.636320 -0.270457 3.897572 -16.396200 -1.406774 7.050923 11.336074 9.538484 28.203572 -33.589654 59.694590 -2.409295 12.682119 -5.542708 -1.627267 16.861769 -8.313976 -7.484697 8.869929 -8.564340 -34.057893 -23.007748 -60.895655 -6.601491 -1.176510 5.576212 5.694248 14.564381 5.635325 -27.915109 -50.034695 22.502699 2.581668 60.802520 -4.547243 -8.853729 -19.408510 -1.457881 0.000000 0.000000 0.000000 22.025611 -51.433171 -14.493315 -4.234436 59.451586 1.616499 -10.607162 -19.793009 6.178527 0.000000 0.000000 0.000000
-18.023645 86.197709 -242.836500 0.769146 14.151470 -0.334056 0.173062 8.840472 0.381891 0.069385 3.929239 0.165903 0.069385 3.929239 0.165903 0.050950 2.946949 0.123932 1.946436 10.663291 -0.225920 3.864414 -16.347962 -1.316823 7.016511 11.368315 9.543890 28.096152 -33.644582 59.758130 -2.430306 12.782860 -5.513750 -1.627990 16.913200 -8.295995 -7.511897 8.863741 -8.547790 -34.081900 -23.009697 -60.897770 -6.561278 -1.161779 5.550425 5.687655 14.585160 5.608546 -27.913840 -50.041208 22.503161 2.660474 60.830853 -4.483058 -8.860576 -19.436646 -1.479403 0.000000 0.000000 0.000000 22.027808 -51.441766 -14.453285 -4.412957 59.494029 1.391635 -10.541627 -19.835923 6.247669 0.000000 -0.000000 0.000000
-18.023270 86.187986 -242.828933 0.764724 14.151046 -0.314038 0.214051 8.830223 0.360903 0.087956 3.924709 0.155826 0.087957 3.924709 0.155826 0.064940 2.943554 0.116258 1.937663 10.688700 -0.186049 3.828583 -16.302495 -1.234848 6.996748 11.398309 9.536169 28.058797 -33.644401 59.810273 -2.458515 12.838150 -5.500540 -1.633334 16.873777 -8.309885 -7.534631 8.871601 -8.542659 -34.040109 -23.035833 -60.909061 -6.558960 -1.128408 5.522425 5.679321 14.638118 5.578712 -27.906032 -50.064470 22.469967 2.703815 60.866816 -4.422137 -8.858498 -19.459229 -1.496728 0.000000 -0.000000 0.000000 22.024086 -51.443678 -14.444574 -4.536627 59.519205 1.239479 -10.481762 -19.856440 6.286369 0.000000 -0.000000 0.000000
-18.023009 86.178344 -242.821165 0.773948 14.151820 -0.287707 0.246778 8.816920 0.335834 0.102946 3.918808 0.144102 0.102947 3.918809 0.144102 0.076255 2.939131 0.107374 1.927297 10.713021 -0.147989 3.790571 -16.258997 -1.155733 6.984799 11.426408 9.521912 28.051586 -33.617473 59.860153 -2.492433 12.873176 -5.492605 -1.640345 16.794985 -8.336414 -7.553187 8.887429 -8.543190 -33.961938 -23.073620 -60.926681 -6.576363 -1.082919 5.494594 5.670512 14.703428 5.549392 -27.895008 -50.096400 22.419932 2.729011 60.908048 -4.362628 -8.854208 -19.480943 -1.512423 0.000000 0.000000 0.000000 22.016106 -51.443492 -14.451199 -4.631363 59.537615 1.124743 -10.425497 -19.865896 6.309383 0.000000 0.000000 0.000000
-18.026781 86.168725 -242.812670 0.787399 14.155314 -0.269249 0.268202 8.800618 0.315527 0.112838 3.911566 0.134708 0.112838 3.911566 0.134708 0.083732 2.933700 0.100268 1.918769 10.735506 -0.119851 3.760680 -16.218479 -1.096713 6.981281 11.448260 9.504936 28.036022 -33.591669 59.909419 -2.525251 12.917077 -5.476646 -1.639137 16.760155 -8.337234 -7.563417 8.908889 -8.543731 -33.879639 -23.105782 -60.953979 -6.593619 -1.021664 5.484099 5.668752 14.725747 5.546690 -27.896078 -50.121095 22.391114 2.750535 60.944690 -4.316572 -8.856164 -19.504245 -1.525295 0.000000 -0.000000 0.000000 22.027596 -51.445730 -14.471271 -4.709060 59.557041 1.047400 -10.388397 -19.876874 6.325963 0.000000 0.000000 0.000000
-18.036407 86.159826 -242.803552 0.800454 14.164266 -0.266445 0.275035 8.779539 0.303799 0.116104 3.902195 0.129395 0.116104 3.902195 0.129395 0.086217 2.926671 0.096267 1.913627 10.755212 -0.106512 3.744106 -16.182500 -1.067915 6.990348 11.458999 9.484052 27.999521 -33.571919 59.959717 -2.556195 12.981860 -5.442187 -1.620918 16.818294 -8.284638 -7.560247 8.938077 -8.544368 -33.790160 -23.130562 -61.002437 -6.608227 -0.925263 5.507699 5.681182 14.660515 5.598373 -27.916307 -50.131612 22.403174 2.765458 60.968821 -4.297855 -8.866667 -19.527858 -1.532616 -0.000000 -0.000000 0.000000 22.084926 -51.451272 -14.517375 -4.770907 59.578710 1.022752 -10.381848 -19.893276 6.336926 0.000000 -0.000000 -0.000000
-18.050066 86.150950 -242.793709 0.817734 14.175943 -0.271510 0.270551 8.755430 0.296839 0.114267 3.891473 0.126413 0.114267 3.891473 0.126413 0.084861 2.918629 0.094045 1.910303 10.773114 -0.103124 3.735593 -16.149476 -1.059226 7.007835 11.463460 9.460437 27.954620 -33.553194 60.009392 -2.585963 13.055563 -5.399756 -1.594301 16.920427 -8.206396 -7.548751 8.972875 -8.545004 -33.696526 -23.149633 -61.060563 -6.622692 -0.813065 5.548677 5.700509 14.552285 5.676654 -27.948688 -50.134887 22.436498 2.776597 60.988368 -4.292684 -8.883426 -19.553059 -1.537106 0.000000 -0.000000 -0.000000 22.161754 -51.459176 -14.576967 -4.815579 59.601496 1.035636 -10.394467 -19.911184 6.341471 -0.000000 -0.000000 0.000000
-18.066214 86.139943 -242.782304 0.843691 14.183678 -0.275279 0.261545 8.733613 0.292054 0.110383 3.881769 0.124478 0.110383 3.881769 0.124478 0.081964 2.911349 0.092620 1.907559 10.791341 -0.103215 3.729759 -16.115714 -1.057505 7.021858 11.471852 9.441440 27.900354 -33.548310 60.055182 -2.610011 13.131366 -5.367649 -1.575792 17.002956 -8.147565 -7.540018 9.004615 -8.539726 -33.640158 -23.150923 -61.097179 -6.624765 -0.739503 5.574181 5.712733 14.479430 5.724473 -27.987518 -50.135856 22.470296 2.807080 61.017225 -4.271530 -8.908012 -19.586136 -1.545746 0.000000 -0.000000 0.000000 22.202720 -51.471294 -14.610426 -4.851367 59.629617 1.040162 -10.407676 -19.931454 6.346417 0.000000 -0.000000 0.000000
-18.085286 86.125055 -242.768594 0.884075 14.184163 -0.273486 0.248794 8.716902 0.288771 0.104807 3.874332 0.123274 0.104807 3.874331 0.123274 0.077792 2.905770 0.091755 1.903821 10.809751 -0.105384 3.722934 -16.081569 -1.059344 7.026936 11.489832 9.431457 27.829502 -33.569150 60.096926 -2.625607 13.213274 -5.351997 -1.571791 17.049566 -8.122580 -7.539230 9.030764 -8.523882 -33.654740 -23.120004 -61.090894 -6.608898 -0.739754 5.570327 5.709919 14.476186 5.712258 -28.040576 -50.134858 22.500360 2.884500 61.065531 -4.208693 -8.942323 -19.635802 -1.566291 0.000000 0.000000 0.000000 22.173980 -51.490115 -14.594613 -4.876680 59.665949 1.018258 -10.415491 -19.955596 6.354602 -0.000000 -0.000000 0.000000
-18.106847 86.108037 -242.753322 0.933133 14.180701 -0.270403 0.231521 8.702485 0.287658 0.097184 3.867913 0.123114 0.097184 3.867913 0.123114 0.072080 2.900954 0.091685 1.900663 10.828485 -0.111030 3.718782 -16.046691 -1.068142 7.028542 11.511746 9.426081 27.749161 -33.603797 60.134882 -2.635537 13.297246 -5.346665 -1.576106 17.076563 -8.117033 -7.541222 9.053859 -8.502142 -33.706598 -23.071370 -61.063148 -6.580677 -0.778628 5.550973 5.700076 14.508356 5.669659 -28.100072 -50.131554 22.530883 2.981581 61.123090 -4.129534 -8.984462 -19.693333 -1.590981 0.000000 -0.000000 0.000000 22.109311 -51.513197 -14.552593 -4.893194 59.707626 0.987923 -10.423898 -19.982100 6.363190 0.000000 0.000000 0.000000
-18.128048 86.091991 -242.737887 0.978072 14.176540 -0.269675 0.214201 8.687245 0.288130 0.089510 3.861129 0.123658 0.089510 3.861129 0.123658 0.066325 2.895865 0.092142 1.901575 10.850089 -0.117863 3.722924 -16.006326 -1.080951 7.031226 11.530843 9.419449 27.679902 -33.629412 60.166373 -2.643597 13.364366 -5.351533 -1.586631 17.069283 -8.132779 -7.541574 9.072837 -8.482584 -33.736218 -23.036432 -61.046877 -6.544638 -0.805016 5.524974 5.693305 14.551678 5.628561 -28.136957 -50.129887 22.553700 3.038880 61.173365 -4.081386 -9.030320 -19.738877 -1.603500 0.000000 0.000000 0.000000 22.054805 -51.535084 -14.514059 -4.914167 59.750262 0.957293 -10.432274 -20.007303 6.370487 0.000000 0.000000 0.000000
-18.148039 86.078151 -242.723131 1.013910 14.172267 -0.273988 0.197852 8.670485 0.291265 0.082218 3.853672 0.125363 0.082218 3.853672 0.125363 0.060849 2.890271 0.093467 1.909393 10.877362 -0.127146 3.741303 -15.955154 -1.101366 7.037589 11.543353 9.409360 27.634135 -33.634350 60.189058 -2.651825 13.403725 -5.372697 -1.606830 17.000645 -8.184763 -7.537105 9.082366 -8.469390 -33.710190 -23.032108 -61.058839 -6.496727 -0.795397 5.487994 5.693518 14.611897 5.594805 -28.128510 -50.132458 22.562209 3.013073 61.207507 -4.098866 -9.082064 -19.760482 -1.592160 -0.000000 0.000000 -0.000000 22.029495 -51.554256 -14.489766 -4.946923 59.793232 0.927998 -10.440685 -20.028640 6.375488 0.000000 -0.000000 0.000000
-18.167670 86.065284 -242.708211 1.045629 14.167301 -0.280655 0.181451 8.652902 0.295988 0.074874 3.845849 0.127771 0.074874 3.845849 0.127771 0.055329 2.884402 0.095321 1.921282 10.907503 -0.137605 3.767951 -15.898492 -1.125747 7.045030 11.553045 9.398019 27.599532 -33.630306 60.205188 -2.658210 13.426229 -5.404043 -1.633214 16.897695 -8.257942 -7.531001 9.087779 -8.458373 -33.661941 -23.041457 -61.082202 -6.440996 -0.773259 5.444477 5.696849 14.683269 5.562586 -28.097464 -50.136680 22.563026 2.947080 61.234397 -4.147762 -9.137530 -19.770089 -1.568632 0.000000 -0.000000 -0.000000 22.014379 -51.572250 -14.468991 -4.984150 59.837152 0.898398 -10.449065 -20.048676 6.379195 0.000000 -0.000000 0.000000
-18.186644 86.052797 -242.691995 1.075370 14.163135 -0.285251 0.166409 8.633473 0.298488 0.068175 3.837205 0.129169 0.068175 3.837205 0.129169 0.050300 2.877918 0.096412 1.932223 10.934660 -0.143149 3.790650 -15.847560 -1.140318 7.050293 11.564471 9.386174 27.559599 -33.629445 60.218898 -2.660465 13.445694 -5.427143 -1.653327 16.826998 -8.309304 -7.528385 9.104010 -8.445061 -33.632315 -23.045193 -61.099404 -6.394149 -0.758074 5.416482 5.701807 14.724263 5.546266 -28.082962 -50.138714 22.567831 2.910610 61.264195 -4.172400 -9.186124 -19.783719 -1.551629 0.000000 0.000000 0.000000 21.998563 -51.588226 -14.449254 -5.017102 59.879493 0.871776 -10.456589 -20.071441 6.382924 0.000000 0.000000 0.000000
-18.204903 86.040664 -242.674448 1.105001 14.160884 -0.286112 0.152213 8.611964 0.297088 0.061926 3.827636 0.128823 0.061925 3.827636 0.128823 0.045619 2.870740 0.096193 1.941051 10.955120 -0.140222 3.805696 -15.809418 -1.137852 7.050681 11.578240 9.374179 27.500942 -33.640021 60.233921 -2.653581 13.468215 -5.432022 -1.660888 16.824607 -8.317150 -7.533087 9.138542 -8.426265 -33.648549 -23.030607 -61.100092 -6.360898 -0.764471 5.418013 5.708995 14.705975 5.558161 -28.101032 -50.137952 22.581628 2.924329 61.300352 -4.156626 -9.222748 -19.804821 -1.545355 -0.000000 0.000000 -0.000000 21.973574 -51.603770 -14.425866 -5.041575 59.919630 0.846357 -10.463884 -20.097857 6.388732 0.000000 -0.000000 0.000000
-18.222506 86.028910 -242.655604 1.132654 14.159430 -0.284900 0.139381 8.588607 0.293466 0.056322 3.817246 0.127465 0.056322 3.817246 0.127465 0.041429 2.862946 0.095211 1.948924 10.972595 -0.132382 3.816807 -15.777015 -1.125601 7.048894 11.593745 9.361672 27.436931 -33.653744 60.246539 -2.642553 13.487684 -5.428637 -1.662185 16.854504 -8.303273 -7.541269 9.183897 -8.405194 -33.683417 -23.010449 -61.094647 -6.336517 -0.777881 5.434990 5.717815 14.657281 5.585883 -28.135640 -50.134992 22.599406 2.967754 61.339427 -4.116425 -9.252499 -19.829972 -1.545613 0.000000 -0.000000 -0.000000 21.947884 -51.617291 -14.403510 -5.061742 59.958193 0.823945 -10.470322 -20.127003 6.394561 0.000000 -0.000000 -0.000000
-18.239323 86.017017 -242.634448 1.154875 14.156917 -0.282184 0.130874 8.563078 0.288846 0.052655 3.805893 0.125585 0.052655 3.805893 0.125585 0.038694 2.854431 0.093826 1.954318 10.992376 -0.124221 3.822922 -15.740418 -1.111540 7.049775 11.613710 9.348342 27.391232 -33.657988 60.249692 -2.640103 13.499632 -5.428489 -1.663750 16.875182 -8.290026 -7.546550 9.232564 -8.386959 -33.696116 -23.003679 -61.096577 -6.323577 -0.774001 5.447314 5.724957 14.623325 5.606741 -28.177843 -50.127809 22.617813 3.049041 61.381272 -4.044166 -9.280091 -19.864914 -1.558505 0.000000 0.000000 0.000000 21.936018 -51.623179 -14.393781 -5.081377 59.994537 0.813229 -10.473199 -20.160141 6.395545 0.000000 0.000000 0.000000
-18.254714 86.004361 -242.610066 1.170315 14.152618 -0.277026 0.126656 8.533957 0.282991 0.050913 3.792946 0.123079 0.050913 3.792946 0.123079 0.037406 2.844720 0.091959 1.955994 11.017823 -0.117358 3.822270 -15.693366 -1.098116 7.058023 11.641728 9.332418 27.377092 -33.646023 60.238375 -2.653480 13.502173 -5.435388 -1.666694 16.868593 -8.283008 -7.543795 9.282901 -8.375607 -33.658907 -23.021315 -61.114568 -6.326787 -0.736172 5.445487 5.729117 14.626318 5.610392 -28.233841 -50.114017 22.641418 3.182061 61.427779 -3.932347 -9.308729 -19.914239 -1.588563 0.000000 -0.000000 0.000000 21.952639 -51.616336 -14.410599 -5.101076 60.027622 0.824778 -10.472387 -20.199101 6.388768 -0.000000 -0.000000 0.000000
-18.269320 85.991566 -242.583370 1.180322 14.147261 -0.270363 0.126770 8.502663 0.276140 0.051110 3.779036 0.120052 0.051110 3.779036 0.120052 0.037575 2.834287 0.089690 1.955191 11.045578 -0.110178 3.816634 -15.642112 -1.082899 7.068957 11.674208 9.315700 27.381290 -33.624621 60.217609 -2.675466 13.497225 -5.445524 -1.669951 16.852787 -8.276614 -7.538135 9.336541 -8.367050 -33.599493 -23.052291 -61.139943 -6.341471 -0.681054 5.438986 5.731587 14.644060 5.607199 -28.297404 -50.095996 22.665618 3.353312 61.476904 -3.788120 -9.335175 -19.973347 -1.631283 0.000000 0.000000 0.000000 21.983069 -51.601848 -14.440024 -5.120147 60.058487 0.848105 -10.467997 -20.242053 6.377132 -0.000000 0.000000 -0.000000
-18.284939 85.979986 -242.556076 1.185482 14.141175 -0.265575 0.134286 8.473122 0.270221 0.054568 3.765909 0.117302 0.054568 3.765909 0.117302 0.040187 2.824443 0.087608 1.954108 11.070847 -0.102410 3.810286 -15.595501 -1.066525 7.073339 11.703104 9.303223 27.387819 -33.601432 60.195336 -2.697092 13.486039 -5.458992 -1.676851 16.840412 -8.276398 -7.538594 9.390871 -8.354199 -33.560277 -23.082490 -61.160108 -6.356134 -0.634299 5.436252 5.732960 14.655102 5.605580 -28.340978 -50.078896 22.673337 3.529796 61.522602 -3.625922 -9.354471 -20.034174 -1.679218 0.000000 -0.000000 0.000000 21.997872 -51.589403 -14.451904 -5.140491 60.089607 0.860263 -10.457674 -20.284772 6.364494 0.000000 -0.000000 0.000000
-18.302650 85.970018 -242.528757 1.184689 14.134398 -0.264921 0.150524 8.448168 0.266150 0.061854 3.754827 0.115210 0.061854 3.754827 0.115210 0.045665 2.816132 0.085996 1.952342 11.089596 -0.094123 3.802606 -15.561030 -1.049093 7.065848 11.721369 9.297816 27.400795 -33.574661 60.169941 -2.717433 13.461154 -5.478729 -1.691128 16.838352 -8.287955 -7.550171 9.445738 -8.333588 -33.556420 -23.108984 -61.170872 -6.367771 -0.606162 5.442699 5.733351 14.648250 5.610970 -28.345923 -50.067437 22.650123 3.710129 61.564549 -3.432224 -9.366166 -20.095120 -1.733825 0.000000 0.000000 0.000000 21.986511 -51.583499 -14.432446 -5.167410 60.123140 0.847076 -10.440320 -20.326255 6.353096 0.000000 0.000000 0.000000
-18.321373 85.961265 -242.500838 1.179050 14.126893 -0.266140 0.174158 8.424967 0.263012 0.072401 3.744527 0.113399 0.072401 3.744527 0.113399 0.053585 2.808408 0.084575 1.950293 11.105855 -0.085240 3.794203 -15.531210 -1.030487 7.051781 11.736056 9.296615 27.416089 -33.546099 60.143063 -2.737435 13.430026 -5.501799 -1.709040 16.839722 -8.305692 -7.567865 9.501288 -8.308696 -33.572790 -23.134746 -61.176402 -6.379370 -0.586374 5.452947 5.732657 14.634701 5.617948 -28.330920 -50.056906 22.610476 3.895783 61.602907 -3.220488 -9.370670 -20.157743 -1.793712 0.000000 -0.000000 0.000000 21.959552 -51.579638 -14.395478 -5.195716 60.156920 0.822609 -10.417031 -20.367501 6.340682 0.000000 -0.000000 0.000000
-18.339668 85.953894 -242.472315 1.172471 14.118884 -0.265841 0.204285 8.398950 0.259989 0.085825 3.732980 0.111524 0.085825 3.732980 0.111524 0.063664 2.799751 0.083089 1.951372 11.126918 -0.075249 3.791187 -15.492416 -1.010964 7.037834 11.760267 9.296112 27.405354 -33.528760 60.127440 -2.750900 13.416273 -5.519536 -1.722689 16.836514 -8.318391 -7.585705 9.555353 -8.282854 -33.606387 -23.154552 -61.176611 -6.388411 -0.569795 5.459303 5.731137 14.626587 5.618653 -28.324428 -50.038328 22.580785 4.057560 61.632645 -3.046108 -9.364357 -20.218737 -1.847147 0.000000 -0.000000 0.000000 21.919256 -51.574040 -14.352331 -5.211561 60.186944 0.806285 -10.388747 -20.407295 6.324368 0.000000 -0.000000 0.000000
-18.357786 85.948347 -242.442899 1.163726 14.112283 -0.264483 0.244895 8.364910 0.256884 0.103902 3.717872 0.109432 0.103902 3.717873 0.109432 0.077233 2.788424 0.081412 1.956939 11.158566 -0.061864 3.794989 -15.433959 -0.986523 7.024247 11.804329 9.296970 27.329601 -33.536707 60.139939 -2.749299 13.446672 -5.525509 -1.728698 16.820204 -8.324111 -7.603586 9.610085 -8.255838 -33.676256 -23.159037 -61.163427 -6.386991 -0.563669 5.457063 5.728888 14.629687 5.607058 -28.342803 -50.005089 22.580795 4.170587 61.647145 -2.950288 -9.339740 -20.273769 -1.886202 0.000000 0.000000 0.000000 21.863645 -51.568107 -14.302959 -5.207678 60.212242 0.805648 -10.354160 -20.445185 6.301553 0.000000 0.000000 0.000000
-18.375476 85.944182 -242.412878 1.154040 14.105178 -0.261607 0.291998 8.328060 0.253879 0.124857 3.701519 0.107275 0.124857 3.701519 0.107275 0.092960 2.776162 0.079671 1.965651 11.194995 -0.047303 3.804185 -15.366574 -0.961043 7.010817 11.857914 9.298590 27.227785 -33.555806 60.163681 -2.741101 13.494431 -5.526144 -1.730457 16.799308 -8.324803 -7.621624 9.663307 -8.227841 -33.763351 -23.157598 -61.144974 -6.383014 -0.560757 5.450943 5.725796 14.638204 5.589173 -28.369642 -49.963804 22.590700 4.259182 61.653325 -2.892359 -9.304333 -20.327192 -1.918805 0.000000 -0.000000 0.000000 21.794719 -51.560402 -14.247433 -5.191268 60.233796 0.813210 -10.314567 -20.481607 6.274820 0.000000 0.000000 -0.000000
-18.390545 85.940245 -242.383107 1.150993 14.092053 -0.252451 0.332726 8.299462 0.250738 0.142983 3.688828 0.105173 0.142983 3.688828 0.105173 0.106565 2.766646 0.077988 1.976857 11.226146 -0.037825 3.820598 -15.308747 -0.946639 7.003560 11.903148 9.295565 27.188580 -33.556899 60.160676 -2.745665 13.502836 -5.532115 -1.730190 16.791376 -8.315066 -7.634193 9.706354 -8.202821 -33.807528 -23.173137 -61.145401 -6.397698 -0.534220 5.447350 5.721813 14.646906 5.575186 -28.384349 -49.925374 22.577624 4.367903 61.666537 -2.804937 -9.277022 -20.388731 -1.956992 0.000000 -0.000000 0.000000 21.720748 -51.542914 -14.197319 -5.170116 60.250545 0.825917 -10.274823 -20.516676 6.249069 -0.000000 -0.000000 0.000000
-18.401651 85.935448 -242.352779 1.160170 14.067950 -0.231691 0.362644 8.285883 0.247039 0.156319 3.682806 0.103008 0.156319 3.682806 0.103008 0.116577 2.762131 0.076287 1.990980 11.247878 -0.037913 3.847136 -15.267999 -0.952255 7.007605 11.934064 9.283587 27.279511 -33.513945 60.099283 -2.777069 13.424849 -5.552301 -1.727315 16.806445 -8.287371 -7.638077 9.732388 -8.183106 -33.764139 -23.225774 -61.183571 -6.447074 -0.462499 5.445184 5.715900 14.660823 5.565782 -28.376331 -49.894731 22.517218 4.537075 61.698568 -2.634099 -9.266181 -20.471628 -2.013028 0.000000 -0.000000 0.000000 21.631145 -51.508983 -14.153964 -5.138638 60.261112 0.849186 -10.230866 -20.552748 6.223534 0.000000 0.000000 -0.000000
-18.410137 85.930879 -242.322702 1.175969 14.037820 -0.204664 0.386191 8.280562 0.243231 0.166828 3.680450 0.100904 0.166827 3.680450 0.100904 0.124469 2.760366 0.074646 2.007588 11.264367 -0.043124 3.880869 -15.236734 -0.968998 7.017799 11.956645 9.266950 27.432852 -33.452846 60.011448 -2.821283 13.307514 -5.577672 -1.722289 16.834470 -8.249217 -7.636496 9.748258 -8.166388 -33.677645 -23.295183 -61.240765 -6.515180 -0.367203 5.445214 5.709096 14.674927 5.560253 -28.356289 -49.866937 22.433937 4.726922 61.737353 -2.433249 -9.263371 -20.562613 -2.074696 0.000000 0.000000 0.000000 21.536624 -51.465295 -14.116188 -5.102399 60.266873 0.877617 -10.186756 -20.587464 6.198982 0.000000 0.000000 -0.000000
-18.417845 85.928642 -242.296154 1.189201 14.011025 -0.182589 0.403808 8.274266 0.240390 0.174692 3.677659 0.099336 0.174692 3.677659 0.099336 0.130375 2.758273 0.073424 2.024733 11.278032 -0.046383 3.914851 -15.210756 -0.982315 7.024713 11.970924 9.253092 27.534862 -33.422774 59.954008 -2.855566 13.235275 -5.592324 -1.718972 16.862867 -8.217742 -7.633472 9.765849 -8.149673 -33.621782 -23.343772 -61.284456 -6.575211 -0.286184 5.456933 5.704508 14.668925 5.566766 -28.335618 -49.838118 22.368166 4.861370 61.762720 -2.296454 -9.262340 -20.631689 -2.117216 0.000000 0.000000 0.000000 21.477286 -51.423903 -14.091606 -5.085928 60.270895 0.891936 -10.159555 -20.613905 6.182651 0.000000 -0.000000 0.000000
-18.425469 85.929599 -242.275429 1.192732 13.991293 -0.171999 0.415150 8.263639 0.239361 0.179744 3.672940 0.098687 0.179744 3.672940 0.098687 0.134168 2.754734 0.072908 2.043749 11.290281 -0.045237 3.950524 -15.187501 -0.988031 7.023289 11.971415 9.246876 27.533597 -33.451638 59.950918 -2.877096 13.249493 -5.587133 -1.721413 16.898966 -8.196542 -7.629196 9.791035 -8.131201 -33.632393 -23.353094 -61.302849 -6.619928 -0.228388 5.493963 5.703479 14.619583 5.597794 -28.318472 -49.805561 22.341411 4.903257 61.764417 -2.271412 -9.261293 -20.663267 -2.128107 -0.000000 -0.000000 0.000000 21.477069 -51.390842 -14.083523 -5.102740 60.276075 0.880472 -10.159719 -20.628226 6.179471 0.000000 0.000000 0.000000
-18.432315 85.932889 -242.258234 1.193711 13.974905 -0.166349 0.420558 8.252025 0.239290 0.182150 3.667781 0.098570 0.182149 3.667781 0.098570 0.135973 2.750866 0.072808 2.063292 11.299699 -0.042158 3.986445 -15.169552 -0.990360 7.018570 11.963583 9.243394 27.481147 -33.511719 59.977928 -2.888654 13.308791 -5.571335 -1.725645 16.935432 -8.182006 -7.623478 9.817958 -8.112741 -33.673837 -23.341789 -61.307545 -6.656436 -0.184783 5.543006 5.704767 14.550174 5.640956 -28.300656 -49.771981 22.332136 4.889202 61.753005 -2.310921 -9.262138 -20.672993 -2.119726 0.000000 -0.000000 -0.000000 21.511846 -51.360097 -14.088387 -5.139326 60.279508 0.854902 -10.176828 -20.634296 6.184552 0.000000 0.000000 0.000000
-18.438145 85.938036 -242.240965 1.204389 13.960053 -0.157242 0.421514 8.240237 0.238695 0.182592 3.662542 0.098301 0.182592 3.662542 0.098301 0.136307 2.746936 0.072605 2.077395 11.304453 -0.037459 4.011340 -15.160476 -0.987352 7.016286 11.963882 9.235433 27.420224 -33.569084 60.019084 -2.875947 13.373521 -5.556794 -1.723637 16.937692 -8.180527 -7.619766 9.840897 -8.096584 -33.712816 -23.328070 -61.300872 -6.679510 -0.166252 5.573484 5.707514 14.510143 5.667105 -28.281044 -49.741659 22.316162 4.853258 61.739804 -2.367207 -9.264249 -20.677751 -2.104491 0.000000 0.000000 0.000000 21.549518 -51.325635 -14.103398 -5.179655 60.275570 0.830993 -10.196642 -20.636778 6.190409 -0.000000 0.000000 -0.000000
-18.442460 85.945810 -242.222339 1.232846 13.946674 -0.140067 0.417888 8.228226 0.236713 0.181027 3.657200 0.097499 0.181027 3.657200 0.097499 0.135140 2.742929 0.072015 2.082727 11.301771 -0.029651 4.018238 -15.165573 -0.974790 7.017360 11.980187 9.218252 27.348353 -33.615028 60.082167 -2.819591 13.440294 -5.547801 -1.709611 16.868909 -8.205016 -7.620332 9.855932 -8.084242 -33.738165 -23.315564 -61.277689 -6.687774 -0.187829 5.566216 5.710525 14.530686 5.656843 -28.255520 -49.718322 22.279042 4.793918 61.727736 -2.431700 -9.265543 -20.680394 -2.083943 0.000000 0.000000 0.000000 21.584783 -51.282703 -14.134889 -5.224453 60.258793 0.812414 -10.215084 -20.635669 6.195449 0.000000 0.000000 0.000000
-18.445759 85.955440 -242.203641 1.270997 13.934819 -0.119444 0.409811 8.216039 0.234199 0.177499 3.651777 0.096540 0.177499 3.651777 0.096540 0.132502 2.738861 0.071319 2.082608 11.294425 -0.020248 4.014103 -15.179547 -0.956936 7.020879 12.004629 9.196612 27.267978 -33.658204 60.159457 -2.738974 13.512527 -5.539935 -1.689381 16.766012 -8.242824 -7.622904 9.866986 -8.074216 -33.761051 -23.300621 -61.243142 -6.682608 -0.234511 5.540400 5.714874 14.580585 5.629508 -28.228224 -49.698218 22.235247 4.712748 61.713837 -2.512903 -9.268094 -20.678065 -2.056542 0.000000 -0.000000 0.000000 21.622851 -51.236020 -14.176432 -5.272949 60.234642 0.795532 -10.236228 -20.630972 6.201259 0.000000 -0.000000 0.000000
-18.449303 85.964140 -242.185120 1.306843 13.922862 -0.100816 0.399163 8.204633 0.232250 0.172821 3.646701 0.095875 0.172821 3.646701 0.095875 0.128999 2.735054 0.070850 2.081066 11.288897 -0.014051 4.008583 -15.190074 -0.944550 7.029820 12.030040 9.177556 27.229453 -33.690914 60.211518 -2.678018 13.560773 -5.532262 -1.672351 16.704984 -8.261796 -7.624106 9.880088 -8.064279 -33.781656 -23.290516 -61.214975 -6.663104 -0.272150 5.522963 5.723039 14.615660 5.614025 -28.210437 -49.674422 22.203993 4.648295 61.700654 -2.588772 -9.277513 -20.679077 -2.030088 0.000000 -0.000000 -0.000000 21.647529 -51.193806 -14.206242 -5.306893 60.213912 0.785133 -10.258061 -20.627371 6.205118 0.000000 -0.000000 0.000000
-18.453503 85.971318 -242.166536 1.337115 13.909229 -0.086035 0.383838 8.195376 0.231119 0.166054 3.642579 0.095654 0.166053 3.642579 0.095654 0.123927 2.731960 0.070725 2.079179 11.286504 -0.013979 4.004998 -15.194573 -0.943671 7.050229 12.055736 9.163425 27.275903 -33.703433 60.210953 -2.655924 13.559194 -5.525216 -1.661747 16.726785 -8.243140 -7.621747 9.898389 -8.053891 -33.799647 -23.290815 -61.200912 -6.622287 -0.288411 5.527441 5.738946 14.615297 5.626277 -28.212930 -49.640040 22.199306 4.617701 61.687402 -2.657142 -9.299702 -20.686255 -2.005196 -0.000000 0.000000 -0.000000 21.649845 -51.158017 -14.215205 -5.313377 60.199845 0.788673 -10.281286 -20.625798 6.204499 0.000000 -0.000000 -0.000000
-18.457947 85.977564 -242.148129 1.365084 13.895501 -0.073247 0.365940 8.186899 0.230553 0.158135 3.638802 0.095728 0.158135 3.638802 0.095727 0.117991 2.729126 0.070829 2.075879 11.285932 -0.017111 4.000051 -15.195621 -0.948261 7.076055 12.082398 9.151887 27.364328 -33.705552 60.185054 -2.653506 13.533610 -5.518574 -1.654248 16.790335 -8.205336 -7.618019 9.918744 -8.043594 -33.815351 -23.295955 -61.193217 -6.567180 -0.295622 5.540263 5.758702 14.600090 5.650360 -28.224892 -49.602000 22.207114 4.603759 61.674917 -2.720255 -9.328774 -20.696763 -1.981242 0.000000 0.000000 -0.000000 21.638895 -51.126731 -14.212567 -5.305358 60.189209 0.798646 -10.305201 -20.625322 6.201933 0.000000 0.000000 0.000000
-18.462654 85.981867 -242.130867 1.388565 13.884801 -0.062337 0.353668 8.176056 0.230895 0.152696 3.633977 0.096105 0.152696 3.633977 0.096105 0.113911 2.725507 0.071146 2.071981 11.289716 -0.019481 3.993480 -15.188628 -0.950961 7.092131 12.104897 9.142966 27.415978 -33.719021 60.176310 -2.657109 13.532032 -5.510514 -1.649561 16.848485 -8.171969 -7.616114 9.937738 -8.032775 -33.829935 -23.296519 -61.186457 -6.517956 -0.296623 5.547710 5.773081 14.587684 5.667550 -28.225262 -49.574131 22.204517 4.593440 61.668199 -2.762747 -9.352670 -20.710439 -1.964154 -0.000000 0.000000 -0.000000 21.625662 -51.102380 -14.204165 -5.303403 60.183094 0.797388 -10.325691 -20.627828 6.202293 -0.000000 -0.000000 0.000000
-18.468591 85.983596 -242.115185 1.405145 13.878364 -0.054282 0.351631 8.160263 0.232219 0.151779 3.626958 0.096741 0.151779 3.626958 0.096741 0.113222 2.720243 0.071630 2.066372 11.301706 -0.018559 3.981910 -15.166567 -0.946274 7.088432 12.117972 9.137093 27.383612 -33.760805 60.211124 -2.667684 13.588464 -5.497503 -1.648837 16.891956 -8.148020 -7.618955 9.953719 -8.019402 -33.849753 -23.284713 -61.175824 -6.476096 -0.290778 5.543553 5.777962 14.582126 5.670643 -28.195926 -49.564067 22.177481 4.574592 61.669386 -2.779365 -9.366666 -20.727238 -1.956570 0.000000 -0.000000 -0.000000 21.612013 -51.087566 -14.186300 -5.319141 60.183142 0.770550 -10.341720 -20.634612 6.209248 -0.000000 0.000000 -0.000000
-18.474790 85.983381 -242.100648 1.417241 13.874959 -0.048098 0.355220 8.142106 0.234450 0.153342 3.618891 0.097682 0.153342 3.618891 0.097682 0.114389 2.714193 0.072328 2.060162 11.318051 -0.016875 3.968715 -15.136462 -0.939700 7.074976 12.126882 9.133805 27.314345 -33.813900 60.263175 -2.684285 13.668896 -5.483020 -1.651000 16.930055 -8.128571 -7.623623 9.968332 -8.005507 -33.868458 -23.268335 -61.166137 -6.440137 -0.278703 5.534045 5.777460 14.579385 5.666864 -28.154986 -49.564148 22.140033 4.559377 61.676330 -2.775349 -9.375478 -20.747220 -1.955858 0.000000 0.000000 0.000000 21.596092 -51.079685 -14.162684 -5.340951 60.187709 0.732481 -10.354326 -20.644376 6.219130 -0.000000 -0.000000 0.000000
-18.478371 85.982100 -242.086919 1.429917 13.874008 -0.040717 0.358806 8.126195 0.237708 0.154884 3.611824 0.099077 0.154884 3.611824 0.099077 0.115538 2.708894 0.073366 2.057499 11.329742 -0.018049 3.963744 -15.114794 -0.940353 7.066665 12.142291 9.131788 27.271161 -33.849309 60.295718 -2.690438 13.719326 -5.475738 -1.652555 16.943550 -8.122489 -7.624541 9.983108 -7.996566 -33.868171 -23.261354 -61.166386 -6.425836 -0.265116 5.524237 5.774696 14.585021 5.659171 -28.135752 -49.565288 22.111408 4.571253 61.687588 -2.751057 -9.381204 -20.770399 -1.960050 0.000000 -0.000000 0.000000 21.583272 -51.073357 -14.150228 -5.354501 60.192975 0.708587 -10.362498 -20.655111 6.225807 0.000000 0.000000 0.000000
-18.476918 85.979879 -242.073542 1.446872 13.874914 -0.028891 0.360359 8.114221 0.242172 0.155501 3.606507 0.101038 0.155501 3.606507 0.101038 0.115991 2.704906 0.074835 2.060247 11.332489 -0.025200 3.972086 -15.109366 -0.955203 7.070268 12.172469 9.130053 27.285241 -33.850086 60.290393 -2.673676 13.709573 -5.481314 -1.650917 16.909724 -8.140627 -7.618626 9.998913 -7.996494 -33.831981 -23.273320 -61.184215 -6.447727 -0.254618 5.512385 5.768727 14.611126 5.642586 -28.157630 -49.564529 22.098376 4.630187 61.705732 -2.697240 -9.384046 -20.798568 -1.969966 0.000000 -0.000000 0.000000 21.569645 -51.065566 -14.156022 -5.346619 60.196843 0.714789 -10.363968 -20.666333 6.225574 -0.000000 0.000000 -0.000000
-18.472847 85.976592 -242.060971 1.464408 13.878271 -0.015866 0.361910 8.104493 0.247664 0.156099 3.602188 0.103454 0.156099 3.602188 0.103454 0.116425 2.701668 0.076644 2.066547 11.330588 -0.035207 3.988659 -15.112358 -0.977274 7.079012 12.209147 9.129621 27.325497 -33.833203 60.265505 -2.646467 13.669846 -5.494170 -1.648673 16.851324 -8.172189 -7.608954 10.014891 -8.001363 -33.776764 -23.294629 -61.212013 -6.491251 -0.242659 5.500175 5.760502 14.645597 5.622066 -28.201221 -49.564858 22.094177 4.716318 61.728147 -2.623053 -9.383791 -20.829931 -1.984795 0.000000 0.000000 0.000000 21.559109 -51.059332 -14.172967 -5.330454 60.201411 0.735183 -10.361001 -20.678528 6.222131 0.000000 0.000000 -0.000000
-18.470517 85.972732 -242.050240 1.476492 13.885286 -0.008317 0.363926 8.096550 0.253770 0.156891 3.598664 0.106133 0.156891 3.598664 0.106133 0.117004 2.699025 0.078648 2.074952 11.327909 -0.042330 4.008036 -15.116832 -0.994759 7.087485 12.238162 9.132201 27.361712 -33.820677 60.239151 -2.629733 13.636705 -5.506054 -1.650106 16.817284 -8.193531 -7.599180 10.029984 -8.004885 -33.735346 -23.310545 -61.235838 -6.528543 -0.220210 5.497871 5.755964 14.657712 5.615505 -28.241642 -49.566120 22.097775 4.793251 61.745646 -2.556565 -9.381911 -20.859117 -2.000119 0.000000 -0.000000 0.000000 21.568746 -51.058327 -14.196694 -5.331127 60.209157 0.747465 -10.359390 -20.691141 6.220445 -0.000000 0.000000 -0.000000
-18.472072 85.968515 -242.041976 1.479297 13.897381 -0.010814 0.366663 8.090066 0.261419 0.157975 3.595789 0.109481 0.157975 3.595789 0.109481 0.117797 2.696871 0.081153 2.086679 11.325842 -0.045162 4.031890 -15.120219 -1.005433 7.093297 12.251733 9.137883 27.381843 -33.822026 60.218028 -2.634859 13.625879 -5.513493 -1.659149 16.837694 -8.192386 -7.590780 10.043110 -8.003527 -33.716984 -23.314300 -61.255808 -6.550820 -0.168222 5.515961 5.759063 14.622475 5.638353 -28.272364 -49.566656 22.113367 4.844820 61.752356 -2.511847 -9.376929 -20.882900 -2.014232 -0.000000 0.000000 -0.000000 21.614478 -51.064860 -14.229868 -5.365143 60.222143 0.741130 -10.362029 -20.703750 6.222601 0.000000 -0.000000 -0.000000
-18.475369 85.963724 -242.035551 1.476648 13.913137 -0.018790 0.369864 8.085368 0.269684 0.159253 3.593710 0.113093 0.159253 3.593710 0.113093 0.118735 2.695312 0.083854 2.100507 11.322992 -0.045115 4.058543 -15.125097 -1.011527 7.098841 12.257639 9.146552 27.397966 -33.827755 60.195412 -2.650458 13.621618 -5.519910 -1.671884 16.882449 -8.181003 -7.582276 10.055346 -8.000831 -33.712457 -23.312703 -61.271764 -6.566839 -0.105724 5.544033 5.765866 14.564882 5.675163 -28.299909 -49.568107 22.136752 4.887079 61.754185 -2.474932 -9.370323 -20.904506 -2.028841 -0.000000 0.000000 0.000000 21.680422 -51.076592 -14.269874 -5.416024 60.238303 0.726658 -10.366026 -20.716777 6.226519 0.000000 0.000000 0.000000
-18.478333 85.958205 -242.030113 1.473995 13.929499 -0.025208 0.373219 8.082975 0.275374 0.160642 3.592653 0.115559 0.160642 3.592653 0.115559 0.119762 2.694520 0.085695 2.111333 11.319039 -0.040677 4.077531 -15.132270 -1.007906 7.105893 12.265060 9.159595 27.416105 -33.831403 60.169219 -2.663289 13.613244 -5.527325 -1.680863 16.910170 -8.172462 -7.572887 10.068877 -8.001120 -33.726896 -23.311449 -61.269287 -6.575123 -0.080787 5.561080 5.770449 14.529229 5.697551 -28.318980 -49.575274 22.154294 4.931895 61.759655 -2.431898 -9.368015 -20.928243 -2.044642 -0.000000 0.000000 -0.000000 21.735931 -51.090231 -14.304394 -5.459418 60.253941 0.713226 -10.368497 -20.730931 6.230923 0.000000 0.000000 0.000000
-18.480537 85.951105 -242.025287 1.473578 13.944986 -0.027035 0.376316 8.083092 0.276905 0.161988 3.592708 0.116183 0.161988 3.592708 0.116183 0.120768 2.694562 0.086156 2.117454 11.314000 -0.028953 4.084302 -15.141862 -0.988256 7.118003 12.278237 9.178280 27.435284 -33.831068 60.139039 -2.669111 13.598698 -5.536521 -1.681945 16.898903 -8.171445 -7.560381 10.083934 -8.006433 -33.773432 -23.308753 -61.235591 -6.571962 -0.129258 5.554516 5.769574 14.539743 5.688733 -28.323614 -49.591641 22.157600 4.988607 61.774374 -2.370364 -9.374445 -20.958962 -2.064090 0.000000 0.000000 -0.000000 21.764253 -51.105529 -14.325367 -5.484204 60.268905 0.703703 -10.367242 -20.747828 6.235656 0.000000 0.000000 -0.000000
-18.482408 85.943276 -242.021449 1.473160 13.961079 -0.027305 0.379565 8.085515 0.275861 0.163445 3.593785 0.115662 0.163445 3.593785 0.115662 0.121863 2.695370 0.085756 2.120577 11.307853 -0.012838 4.083411 -15.153759 -0.958887 7.131636 12.292923 9.201341 27.456456 -33.828645 60.105287 -2.672161 13.580037 -5.546709 -1.679268 16.870599 -8.173251 -7.546993 10.100285 -8.014732 -33.838915 -23.306342 -61.183451 -6.561085 -0.215280 5.536884 5.766484 14.572213 5.665525 -28.319773 -49.613733 22.155055 5.047958 61.792705 -2.302626 -9.385171 -20.991811 -2.084735 0.000000 0.000000 0.000000 21.782122 -51.122757 -14.340823 -5.501495 60.283355 0.695227 -10.364459 -20.765852 6.240875 0.000000 -0.000000 0.000000
-18.483159 85.937112 -242.018869 1.471479 13.979162 -0.028082 0.383889 8.090155 0.273799 0.165395 3.595849 0.114668 0.165395 3.595849 0.114668 0.123330 2.696918 0.084999 2.120714 11.300213 0.000496 4.078049 -15.168415 -0.933605 7.137935 12.305564 9.226368 27.488524 -33.823347 60.067108 -2.671905 13.552760 -5.557545 -1.677822 16.849728 -8.176869 -7.538645 10.119419 -8.024222 -33.889078 -23.315232 -61.136788 -6.552278 -0.279373 5.524870 5.764923 14.598295 5.649966 -28.320067 -49.635921 22.158215 5.093865 61.806321 -2.251829 -9.392796 -21.016551 -2.099908 0.000000 -0.000000 0.000000 21.809093 -51.139420 -14.362552 -5.520252 60.294069 0.688399 -10.363860 -20.780864 6.245784 0.000000 -0.000000 0.000000
-18.482610 85.933243 -242.017367 1.470037 13.999643 -0.029351 0.389022 8.097747 0.270950 0.167715 3.599223 0.113308 0.167715 3.599223 0.113308 0.125077 2.699449 0.083964 2.117115 11.290782 0.007739 4.068240 -15.186286 -0.918453 7.134308 12.316646 9.253047 27.547668 -33.810282 60.017988 -2.667617 13.506492 -5.572502 -1.680989 16.846026 -8.185297 -7.537791 10.145768 -8.035380 -33.905279 -23.349146 -61.103867 -6.547515 -0.292420 5.524817 5.767577 14.611217 5.651309 -28.330317 -49.656528 22.169889 5.125391 61.813852 -2.220428 -9.396099 -21.032201 -2.108688 0.000000 -0.000000 0.000000 21.853762 -51.153654 -14.397754 -5.544049 60.299480 0.685248 -10.367189 -20.791573 6.249543 -0.000000 -0.000000 0.000000
-18.480940 85.931039 -242.017124 1.467330 14.022113 -0.031130 0.395227 8.107556 0.267081 0.170526 3.603584 0.111475 0.170526 3.603584 0.111475 0.127195 2.702719 0.082572 2.110529 11.279862 0.012208 4.053953 -15.206910 -0.907373 7.123363 12.325694 9.281703 27.617671 -33.794284 59.964439 -2.660007 13.451609 -5.588097 -1.685393 16.849753 -8.195546 -7.541981 10.174902 -8.047724 -33.906224 -23.394439 -61.076444 -6.544839 -0.283546 5.530419 5.771739 14.617742 5.660295 -28.344720 -49.677226 22.187289 5.143390 61.816705 -2.206054 -9.396313 -21.039748 -2.111986 0.000000 -0.000000 0.000000 21.907551 -51.167300 -14.439256 -5.569300 60.301155 0.683758 -10.372701 -20.799270 6.252993 0.000000 -0.000000 0.000000
-18.477900 85.931001 -242.018954 1.457588 14.046733 -0.035537 0.404223 8.117290 0.263057 0.174578 3.607911 0.109525 0.174578 3.607911 0.109525 0.130243 2.705965 0.081085 2.103218 11.267965 0.016670 4.038301 -15.229366 -0.896019 7.104031 12.327719 9.310894 27.658918 -33.789255 59.925124 -2.650721 13.414735 -5.593572 -1.685898 16.856163 -8.197632 -7.549773 10.195017 -8.058020 -33.913630 -23.421104 -61.053631 -6.548189 -0.280632 5.539418 5.773018 14.609826 5.671177 -28.358461 -49.697407 22.213586 5.134386 61.810754 -2.224700 -9.389727 -21.031912 -2.105883 0.000000 -0.000000 0.000000 21.964281 -51.183416 -14.477314 -5.594233 60.300581 0.678461 -10.378875 -20.803693 6.257859 0.000000 -0.000000 0.000000
